2026-04-19 21:38:52 [INFO] System started. SIMULATION_MODE=True
2026-04-19 21:38:52 [INFO] AZ Motor initialized. SIM: True
2026-04-19 21:38:52 [INFO] EL Motor initialized. SIM: True
2026-04-19 21:40:52 [INFO] System started. SIMULATION_MODE=True
2026-04-19 21:40:52 [INFO] AZ Motor initialized. SIM: True
2026-04-19 21:40:52 [INFO] EL Motor initialized. SIM: True
2026-04-19 21:41:19 [INFO] System started. SIMULATION_MODE=True
2026-04-19 21:41:19 [INFO] AZ Motor initialized. SIM: True
2026-04-19 21:41:19 [INFO] EL Motor initialized. SIM: True
2026-04-19 21:56:56 [INFO] System started. SIMULATION_MODE=True
2026-04-19 21:56:56 [INFO] AZ Motor initialized. SIM: True
2026-04-19 21:56:56 [INFO] EL Motor initialized. SIM: True
2026-04-19 22:03:20 [INFO] System started. SIMULATION_MODE=True
2026-04-19 22:03:20 [INFO] AZ Motor initialized. SIM: True
2026-04-19 22:03:20 [INFO] EL Motor initialized. SIM: True
2026-04-19 22:04:46 [INFO] System started. SIMULATION_MODE=True
2026-04-19 22:04:46 [INFO] AZ Motor initialized. SIM: True
2026-04-19 22:04:46 [INFO] EL Motor initialized. SIM: True
2026-04-19 22:06:34 [INFO] System started. SIMULATION_MODE=True
2026-04-19 22:06:34 [INFO] AZ Motor initialized. SIM: True
2026-04-19 22:06:34 [INFO] EL Motor initialized. SIM: True
2026-04-19 22:07:09 [INFO] System started. SIMULATION_MODE=True
2026-04-19 22:07:09 [INFO] AZ Motor initialized. SIM: True
2026-04-19 22:07:09 [INFO] EL Motor initialized. SIM: True
2026-04-19 22:20:28 [INFO] System started. SIMULATION_MODE=True
2026-04-19 22:20:28 [INFO] AZ Motor initialized. SIM: True
2026-04-19 22:20:28 [INFO] EL Motor initialized. SIM: True
2026-04-19 22:20:28 [INFO] POS -> AZ: 0.00, EL: 0.00, KEY: -
2026-04-19 22:20:29 [INFO] POS -> AZ: 0.00, EL: 0.00, KEY: -
2026-04-19 22:20:31 [INFO] POS -> AZ: 0.00, EL: 0.00, KEY: 
2026-04-19 22:20:32 [INFO] POS -> AZ: 0.00, EL: 0.00, KEY: 
2026-04-19 22:20:33 [INFO] POS -> AZ: 0.00, EL: 0.00, KEY: 
2026-04-19 22:20:34 [INFO] POS -> AZ: 0.00, EL: 0.00, KEY: 
2026-04-19 22:20:35 [INFO] POS -> AZ: 0.00, EL: 0.00, KEY: 
2026-04-19 22:20:36 [INFO] POS -> AZ: 63.40, EL: 0.00, KEY: 
2026-04-19 22:20:37 [INFO] POS -> AZ: 174.40, EL: 0.00, KEY: 
2026-04-19 22:20:38 [INFO] POS -> AZ: 280.40, EL: 0.00, KEY: 
2026-04-19 22:20:39 [INFO] POS -> AZ: 0.00, EL: 0.00, KEY: 
2026-04-19 22:20:40 [INFO] POS -> AZ: 0.00, EL: 0.00, KEY: SPACE
2026-04-19 22:20:41 [INFO] POS -> AZ: 0.00, EL: 0.00, KEY: 
2026-04-19 22:20:42 [INFO] POS -> AZ: 0.00, EL: 0.00, KEY: 
2026-04-19 22:20:43 [INFO] POS -> AZ: 310.10, EL: 0.00, KEY: 
2026-04-19 22:20:44 [INFO] POS -> AZ: 197.10, EL: 0.00, KEY: 
2026-04-19 22:20:45 [INFO] POS -> AZ: 85.70, EL: 0.00, KEY: 
2026-04-19 22:20:46 [INFO] POS -> AZ: 0.00, EL: 0.00, KEY: 
2026-04-19 22:20:47 [INFO] POS -> AZ: 0.00, EL: 0.00, KEY: 
2026-04-19 22:20:48 [INFO] POS -> AZ: 0.00, EL: 0.00, KEY: 
2026-04-19 22:20:49 [INFO] POS -> AZ: 12.40, EL: 0.00, KEY: 
2026-04-19 22:20:50 [INFO] POS -> AZ: 124.00, EL: 0.00, KEY: 
2026-04-19 22:20:51 [INFO] POS -> AZ: 235.40, EL: 0.00, KEY: 
2026-04-19 22:20:52 [INFO] POS -> AZ: 346.70, EL: 0.00, KEY: 
2026-04-19 22:20:53 [INFO] POS -> AZ: 0.00, EL: 0.00, KEY: 
2026-04-19 22:20:54 [INFO] POS -> AZ: 0.00, EL: 0.00, KEY: 
2026-04-19 22:20:55 [INFO] POS -> AZ: 349.90, EL: 0.00, KEY: 
2026-04-19 22:20:57 [INFO] POS -> AZ: 232.20, EL: 0.00, KEY: 
2026-04-19 22:20:58 [INFO] POS -> AZ: 120.60, EL: 0.00, KEY: 
2026-04-19 22:20:59 [INFO] POS -> AZ: 11.70, EL: 0.00, KEY: 
2026-04-19 22:21:00 [INFO] POS -> AZ: 0.00, EL: 0.00, KEY: 
2026-04-19 22:21:01 [INFO] POS -> AZ: 0.00, EL: 0.00, KEY: 
2026-04-19 22:21:02 [INFO] POS -> AZ: 0.00, EL: 0.00, KEY: 
2026-04-19 22:21:03 [INFO] POS -> AZ: 0.00, EL: 0.00, KEY: 
2026-04-19 22:21:04 [INFO] POS -> AZ: 0.00, EL: 0.00, KEY: 
2026-04-19 22:21:05 [INFO] POS -> AZ: 0.00, EL: 0.00, KEY: 
2026-04-19 22:21:06 [INFO] POS -> AZ: 0.00, EL: 0.00, KEY: 
2026-04-19 22:21:07 [INFO] POS -> AZ: 0.00, EL: 0.00, KEY: 
2026-04-19 22:21:08 [INFO] POS -> AZ: 0.00, EL: 0.00, KEY: 
2026-04-19 22:21:09 [INFO] POS -> AZ: 0.00, EL: 0.00, KEY: 
2026-04-19 22:21:10 [INFO] POS -> AZ: 0.00, EL: 0.00, KEY: 
2026-04-19 22:21:11 [INFO] POS -> AZ: 0.00, EL: 0.00, KEY: 
2026-04-19 22:21:12 [INFO] POS -> AZ: 0.00, EL: 0.00, KEY: 
2026-04-19 22:21:13 [INFO] POS -> AZ: 0.00, EL: 0.00, KEY: 
2026-04-19 22:21:14 [INFO] POS -> AZ: 0.00, EL: 0.00, KEY: 
2026-04-19 22:21:15 [INFO] POS -> AZ: 0.00, EL: 0.00, KEY: 
2026-04-19 22:21:16 [INFO] POS -> AZ: 0.00, EL: 0.00, KEY: 
2026-04-19 22:21:17 [INFO] POS -> AZ: 0.00, EL: 0.00, KEY: 
2026-04-19 22:21:18 [INFO] POS -> AZ: 0.00, EL: 0.00, KEY: 
2026-04-19 22:21:19 [INFO] POS -> AZ: 0.00, EL: 0.00, KEY: 
2026-04-19 22:21:20 [INFO] POS -> AZ: 0.00, EL: 0.00, KEY: 
2026-04-19 22:21:22 [INFO] POS -> AZ: 0.00, EL: 0.00, KEY: 
2026-04-19 22:21:23 [INFO] POS -> AZ: 0.00, EL: 0.00, KEY: 
2026-04-19 22:21:24 [INFO] POS -> AZ: 0.00, EL: 0.00, KEY: 
2026-04-19 22:21:25 [INFO] POS -> AZ: 0.00, EL: 0.00, KEY: 
2026-04-19 22:21:26 [INFO] POS -> AZ: 0.00, EL: 0.00, KEY: 
2026-04-19 22:21:27 [INFO] POS -> AZ: 0.00, EL: 0.00, KEY: 
2026-04-19 22:21:28 [INFO] POS -> AZ: 0.00, EL: 0.00, KEY: 
2026-04-19 22:21:29 [INFO] POS -> AZ: 0.00, EL: 0.00, KEY: 
2026-04-19 22:21:30 [INFO] POS -> AZ: 0.00, EL: 0.00, KEY: 
2026-04-19 22:21:31 [INFO] POS -> AZ: 0.00, EL: 0.00, KEY: 
2026-04-19 22:21:32 [INFO] POS -> AZ: 0.00, EL: 0.00, KEY: 
2026-04-19 22:21:33 [INFO] POS -> AZ: 0.00, EL: 0.00, KEY: 
2026-04-19 22:21:34 [INFO] POS -> AZ: 0.00, EL: 0.00, KEY: 
2026-04-19 22:21:35 [INFO] POS -> AZ: 0.00, EL: 0.00, KEY: 
2026-04-19 22:21:36 [INFO] POS -> AZ: 0.00, EL: 0.00, KEY: 
2026-04-19 22:21:37 [INFO] POS -> AZ: 0.00, EL: 0.00, KEY: 
2026-04-19 22:21:38 [INFO] POS -> AZ: 0.00, EL: 0.00, KEY: 
2026-04-19 22:21:39 [INFO] POS -> AZ: 0.00, EL: 0.00, KEY: 
2026-04-19 22:21:40 [INFO] POS -> AZ: 0.00, EL: 0.00, KEY: 
2026-04-19 22:21:41 [INFO] POS -> AZ: 0.00, EL: 0.00, KEY: 
2026-04-19 22:21:43 [INFO] POS -> AZ: 0.00, EL: 0.00, KEY: 
2026-04-19 22:21:44 [INFO] POS -> AZ: 0.00, EL: 0.00, KEY: 
2026-04-19 22:21:45 [INFO] POS -> AZ: 0.00, EL: 0.00, KEY: 
2026-04-19 22:21:46 [INFO] POS -> AZ: 0.00, EL: 0.00, KEY: 
2026-04-19 22:21:47 [INFO] POS -> AZ: 0.00, EL: 0.00, KEY: 
2026-04-19 22:21:48 [INFO] POS -> AZ: 0.00, EL: 0.00, KEY: 
2026-04-19 22:21:49 [INFO] POS -> AZ: 0.00, EL: 0.00, KEY: 
2026-04-19 22:21:50 [INFO] POS -> AZ: 0.00, EL: 0.00, KEY: 
2026-04-19 22:21:51 [INFO] POS -> AZ: 0.00, EL: 0.00, KEY: 
2026-04-19 22:21:52 [INFO] POS -> AZ: 0.00, EL: 0.00, KEY: 
2026-04-19 22:21:53 [INFO] POS -> AZ: 0.00, EL: 0.00, KEY: 
2026-04-19 22:21:54 [INFO] POS -> AZ: 0.00, EL: 0.00, KEY: 
2026-04-19 22:21:55 [INFO] POS -> AZ: 0.00, EL: 0.00, KEY: 
2026-04-19 22:21:56 [INFO] POS -> AZ: 0.00, EL: 0.00, KEY: 
2026-04-19 22:21:57 [INFO] POS -> AZ: 0.00, EL: 0.00, KEY: 
2026-04-19 22:21:58 [INFO] POS -> AZ: 0.00, EL: 0.00, KEY: 
2026-04-19 22:21:59 [INFO] POS -> AZ: 0.00, EL: 0.00, KEY: 
2026-04-19 22:22:00 [INFO] POS -> AZ: 0.00, EL: 0.00, KEY: 
2026-04-19 22:22:01 [INFO] POS -> AZ: 0.00, EL: 0.00, KEY: 
2026-04-19 22:22:02 [INFO] POS -> AZ: 0.00, EL: 0.00, KEY: 
2026-04-19 22:22:04 [INFO] POS -> AZ: 0.00, EL: 0.00, KEY: 
2026-04-19 22:22:05 [INFO] POS -> AZ: 0.00, EL: 0.00, KEY: 
2026-04-19 22:22:06 [INFO] POS -> AZ: 0.00, EL: 0.00, KEY: 
2026-04-19 22:22:07 [INFO] POS -> AZ: 0.00, EL: 0.00, KEY: 
2026-04-19 22:22:08 [INFO] POS -> AZ: 0.00, EL: 0.00, KEY: 
2026-04-19 22:22:09 [INFO] POS -> AZ: 0.00, EL: 0.00, KEY: 
2026-04-19 22:22:10 [INFO] POS -> AZ: 0.00, EL: 0.00, KEY: 
2026-04-19 22:22:11 [INFO] POS -> AZ: 0.00, EL: 0.00, KEY: 
2026-04-19 22:22:12 [INFO] POS -> AZ: 0.00, EL: 0.00, KEY: 
2026-04-19 22:22:13 [INFO] POS -> AZ: 0.00, EL: 0.00, KEY: 
2026-04-19 22:22:14 [INFO] POS -> AZ: 0.00, EL: 0.00, KEY: 
2026-04-19 22:22:15 [INFO] POS -> AZ: 0.00, EL: 0.00, KEY: 
2026-04-19 22:22:16 [INFO] POS -> AZ: 0.00, EL: 0.00, KEY: 
2026-04-19 22:22:17 [INFO] POS -> AZ: 0.00, EL: 0.00, KEY: 
2026-04-19 22:22:18 [INFO] POS -> AZ: 0.00, EL: 0.00, KEY: 
2026-04-19 22:22:19 [INFO] POS -> AZ: 0.00, EL: 0.00, KEY: 
2026-04-19 22:22:20 [INFO] POS -> AZ: 0.00, EL: 0.00, KEY: 
2026-04-19 22:22:21 [INFO] POS -> AZ: 0.00, EL: 0.00, KEY: 
2026-04-19 22:22:22 [INFO] POS -> AZ: 0.00, EL: 0.00, KEY: 
2026-04-19 22:22:24 [INFO] POS -> AZ: 0.00, EL: 0.00, KEY: 
2026-04-19 22:22:25 [INFO] POS -> AZ: 0.00, EL: 0.00, KEY: 
2026-04-19 22:22:26 [INFO] POS -> AZ: 0.00, EL: 0.00, KEY: 
2026-04-19 22:22:27 [INFO] POS -> AZ: 0.00, EL: 0.00, KEY: 
2026-04-19 22:22:28 [INFO] POS -> AZ: 0.00, EL: 0.00, KEY: 
2026-04-19 22:22:29 [INFO] POS -> AZ: 0.00, EL: 0.00, KEY: 
2026-04-19 22:22:30 [INFO] POS -> AZ: 0.00, EL: 0.00, KEY: 
2026-04-19 22:22:31 [INFO] POS -> AZ: 0.00, EL: 0.00, KEY: 
2026-04-19 22:22:32 [INFO] POS -> AZ: 0.00, EL: 0.00, KEY: 
2026-04-19 22:22:33 [INFO] POS -> AZ: 0.00, EL: 0.00, KEY: 
2026-04-19 22:22:34 [INFO] POS -> AZ: 0.00, EL: 0.00, KEY: 
2026-04-19 22:22:35 [INFO] POS -> AZ: 0.00, EL: 0.00, KEY: 
2026-04-19 22:22:36 [INFO] POS -> AZ: 0.00, EL: 0.00, KEY: 
2026-04-19 22:22:37 [INFO] POS -> AZ: 0.00, EL: 0.00, KEY: 
2026-04-19 22:22:38 [INFO] POS -> AZ: 0.00, EL: 0.00, KEY: 
2026-04-19 22:22:39 [INFO] POS -> AZ: 0.00, EL: 0.00, KEY: 
2026-04-19 22:22:40 [INFO] POS -> AZ: 0.00, EL: 0.00, KEY: 
2026-04-19 22:22:41 [INFO] POS -> AZ: 0.00, EL: 0.00, KEY: 
2026-04-19 22:22:43 [INFO] POS -> AZ: 0.00, EL: 0.00, KEY: 
2026-04-19 22:22:44 [INFO] POS -> AZ: 0.00, EL: 0.00, KEY: 
2026-04-19 22:22:45 [INFO] POS -> AZ: 0.00, EL: 0.00, KEY: 
2026-04-19 22:22:46 [INFO] POS -> AZ: 0.00, EL: 0.00, KEY: 
2026-04-19 22:22:47 [INFO] POS -> AZ: 0.00, EL: 0.00, KEY: 
2026-04-19 22:22:48 [INFO] POS -> AZ: 0.00, EL: 0.00, KEY: 
2026-04-19 22:22:49 [INFO] POS -> AZ: 0.00, EL: 0.00, KEY: 
2026-04-19 22:22:50 [INFO] POS -> AZ: 0.00, EL: 0.00, KEY: 
2026-04-19 22:22:51 [INFO] POS -> AZ: 0.00, EL: 0.00, KEY: 
2026-04-19 22:22:52 [INFO] POS -> AZ: 0.00, EL: 0.00, KEY: 
2026-04-19 22:22:53 [INFO] POS -> AZ: 0.00, EL: 0.00, KEY: 
2026-04-19 22:22:54 [INFO] POS -> AZ: 0.00, EL: 0.00, KEY: 
2026-04-19 22:22:55 [INFO] POS -> AZ: 0.00, EL: 0.00, KEY: 
2026-04-19 22:22:56 [INFO] POS -> AZ: 0.00, EL: 0.00, KEY: 
2026-04-19 22:22:57 [INFO] POS -> AZ: 0.00, EL: 0.00, KEY: 
2026-04-19 22:22:58 [INFO] POS -> AZ: 0.00, EL: 0.00, KEY: 
2026-04-19 22:22:59 [INFO] POS -> AZ: 0.00, EL: 0.00, KEY: 
2026-04-19 22:23:01 [INFO] POS -> AZ: 0.00, EL: 0.00, KEY: 
2026-04-19 22:23:02 [INFO] POS -> AZ: 0.00, EL: 0.00, KEY: 
2026-04-19 22:23:03 [INFO] POS -> AZ: 0.00, EL: 0.00, KEY: 
2026-04-19 22:23:04 [INFO] POS -> AZ: 0.00, EL: 0.00, KEY: 
2026-04-19 22:23:05 [INFO] POS -> AZ: 0.00, EL: 0.00, KEY: 
2026-04-19 22:23:06 [INFO] POS -> AZ: 0.00, EL: 0.00, KEY: 
2026-04-19 22:23:07 [INFO] POS -> AZ: 0.00, EL: 0.00, KEY: 
2026-04-19 22:23:08 [INFO] POS -> AZ: 0.00, EL: 0.00, KEY: 
2026-04-19 22:23:09 [INFO] POS -> AZ: 0.00, EL: 0.00, KEY: 
2026-04-19 22:23:10 [INFO] POS -> AZ: 0.00, EL: 0.00, KEY: 
2026-04-19 22:23:11 [INFO] POS -> AZ: 0.00, EL: 0.00, KEY: 
2026-04-19 22:23:12 [INFO] POS -> AZ: 0.00, EL: 0.00, KEY: 
2026-04-19 22:23:13 [INFO] POS -> AZ: 0.00, EL: 0.00, KEY: 
2026-04-19 22:23:14 [INFO] POS -> AZ: 0.00, EL: 0.00, KEY: 
2026-04-19 22:23:15 [INFO] POS -> AZ: 0.00, EL: 0.00, KEY: 
2026-04-19 22:23:16 [INFO] POS -> AZ: 0.00, EL: 0.00, KEY: 
2026-04-19 22:23:17 [INFO] POS -> AZ: 0.00, EL: 0.00, KEY: 
2026-04-19 22:23:18 [INFO] POS -> AZ: 0.00, EL: 0.00, KEY: 
2026-04-19 22:23:19 [INFO] POS -> AZ: 0.00, EL: 0.00, KEY: 
2026-04-19 22:23:21 [INFO] POS -> AZ: 0.00, EL: 0.00, KEY: 
2026-04-19 22:23:22 [INFO] POS -> AZ: 0.00, EL: 0.00, KEY: 
2026-04-19 22:23:23 [INFO] POS -> AZ: 0.00, EL: 0.00, KEY: 
2026-04-19 22:23:24 [INFO] POS -> AZ: 0.00, EL: 0.00, KEY: 
2026-04-19 22:23:25 [INFO] POS -> AZ: 0.00, EL: 0.00, KEY: 
2026-04-19 22:23:26 [INFO] POS -> AZ: 0.00, EL: 0.00, KEY: 
2026-04-19 22:23:27 [INFO] POS -> AZ: 0.00, EL: 0.00, KEY: 
2026-04-19 22:23:28 [INFO] POS -> AZ: 0.00, EL: 0.00, KEY: 
2026-04-19 22:23:29 [INFO] POS -> AZ: 0.00, EL: 0.00, KEY: 
2026-04-19 22:23:30 [INFO] POS -> AZ: 0.00, EL: 0.00, KEY: 
2026-04-19 22:23:31 [INFO] POS -> AZ: 0.00, EL: 0.00, KEY: 
2026-04-19 22:23:32 [INFO] POS -> AZ: 0.00, EL: 0.00, KEY: 
2026-04-19 22:23:33 [INFO] POS -> AZ: 0.00, EL: 0.00, KEY: 
2026-04-19 22:23:34 [INFO] POS -> AZ: 0.00, EL: 0.00, KEY: 
2026-04-19 22:23:35 [INFO] POS -> AZ: 0.00, EL: 0.00, KEY: 
2026-04-19 22:23:43 [INFO] System started. SIMULATION_MODE=True
2026-04-19 22:23:43 [INFO] AZ Motor initialized. SIM: True
2026-04-19 22:23:43 [INFO] EL Motor initialized. SIM: True
2026-04-19 22:23:43 [INFO] POS -> AZ: 0.00, EL: 0.00, KEY: -
2026-04-19 22:23:44 [INFO] POS -> AZ: 0.00, EL: 0.00, KEY: 
2026-04-19 22:23:45 [INFO] POS -> AZ: 0.00, EL: 0.00, KEY: 
2026-04-19 22:23:46 [INFO] POS -> AZ: 0.00, EL: 0.00, KEY: 
2026-04-19 22:23:47 [INFO] POS -> AZ: 39.40, EL: 0.00, KEY: 
2026-04-19 22:23:48 [INFO] POS -> AZ: 148.70, EL: 0.00, KEY: 
2026-04-19 22:23:49 [INFO] POS -> AZ: 262.10, EL: 0.00, KEY: 
2026-04-19 22:23:50 [INFO] POS -> AZ: 0.00, EL: 0.00, KEY: 
2026-04-19 22:23:51 [INFO] POS -> AZ: 0.00, EL: 0.00, KEY: 
2026-04-19 22:23:52 [INFO] POS -> AZ: 0.00, EL: 0.00, KEY: 
2026-04-19 22:23:54 [INFO] POS -> AZ: 0.00, EL: 0.00, KEY: 
2026-04-19 22:23:55 [INFO] POS -> AZ: 0.00, EL: 0.00, KEY: 
2026-04-19 22:23:56 [INFO] POS -> AZ: 0.00, EL: 0.00, KEY: 
2026-04-19 22:23:57 [INFO] POS -> AZ: 0.00, EL: 0.00, KEY: 
2026-04-19 22:23:58 [INFO] POS -> AZ: 0.00, EL: 0.00, KEY: 
2026-04-19 22:23:59 [INFO] POS -> AZ: 0.00, EL: 0.00, KEY: 
2026-04-19 22:24:00 [INFO] POS -> AZ: 0.00, EL: 0.00, KEY: 
2026-04-19 22:24:01 [INFO] POS -> AZ: 0.00, EL: 0.00, KEY: 
2026-04-19 22:24:03 [INFO] System started. SIMULATION_MODE=True
2026-04-19 22:24:03 [INFO] AZ Motor initialized. SIM: True
2026-04-19 22:24:03 [INFO] EL Motor initialized. SIM: True
2026-04-19 22:24:03 [INFO] POS -> AZ: 0.00, EL: 0.00, KEY: -
2026-04-19 22:24:04 [INFO] POS -> AZ: 0.00, EL: 0.00, KEY: -
2026-04-19 22:24:05 [INFO] POS -> AZ: 0.00, EL: 0.00, KEY: -
2026-04-19 22:24:06 [INFO] POS -> AZ: 0.00, EL: 0.00, KEY: -
2026-04-19 22:24:07 [INFO] POS -> AZ: 0.00, EL: 0.00, KEY: 
2026-04-19 22:24:08 [INFO] POS -> AZ: 0.00, EL: 0.00, KEY: 
2026-04-19 22:24:10 [INFO] POS -> AZ: 88.40, EL: 0.00, KEY: 
2026-04-19 22:24:11 [INFO] POS -> AZ: 200.70, EL: 0.00, KEY: 
2026-04-19 22:24:12 [INFO] POS -> AZ: 312.50, EL: 0.00, KEY: 
2026-04-19 22:24:13 [INFO] POS -> AZ: 0.00, EL: 0.00, KEY: 
2026-04-19 22:24:14 [INFO] POS -> AZ: 0.00, EL: 0.00, KEY: 
2026-04-19 22:24:15 [INFO] POS -> AZ: 0.00, EL: 0.00, KEY: 
2026-04-19 22:24:16 [INFO] POS -> AZ: 0.00, EL: 0.00, KEY: 
2026-04-19 22:24:17 [INFO] POS -> AZ: 0.00, EL: 0.00, KEY: 
2026-04-19 22:24:18 [INFO] POS -> AZ: 0.00, EL: 0.00, KEY: 
2026-04-19 22:24:19 [INFO] POS -> AZ: 0.00, EL: 0.00, KEY: 
2026-04-19 22:24:20 [INFO] POS -> AZ: 0.00, EL: 0.00, KEY: 
2026-04-19 22:24:21 [INFO] POS -> AZ: 0.00, EL: 0.00, KEY: 
2026-04-19 22:24:22 [INFO] POS -> AZ: 0.00, EL: 0.00, KEY: 
2026-04-19 22:24:23 [INFO] POS -> AZ: 333.00, EL: 0.00, KEY: A
2026-04-19 22:24:24 [INFO] POS -> AZ: 223.00, EL: 0.00, KEY: A
2026-04-19 22:24:25 [INFO] POS -> AZ: 108.50, EL: 0.00, KEY: A
2026-04-19 22:24:26 [INFO] POS -> AZ: 0.00, EL: 0.00, KEY: A
2026-04-19 22:24:27 [INFO] POS -> AZ: 11.70, EL: 0.00, KEY: D
2026-04-19 22:24:28 [INFO] POS -> AZ: 120.10, EL: 0.00, KEY: D
2026-04-19 22:24:29 [INFO] POS -> AZ: 232.00, EL: 0.00, KEY: D
2026-04-19 22:24:30 [INFO] POS -> AZ: 346.70, EL: 0.00, KEY: D
2026-04-19 22:24:31 [INFO] POS -> AZ: 0.00, EL: 0.00, KEY: D
2026-04-19 22:24:32 [INFO] POS -> AZ: 0.00, EL: 85.50, KEY: W
2026-04-19 22:24:34 [INFO] POS -> AZ: 0.00, EL: 85.00, KEY: S
2026-04-19 22:24:35 [INFO] POS -> AZ: 0.00, EL: 0.00, KEY: S
2026-04-19 22:24:36 [INFO] POS -> AZ: 0.00, EL: 54.90, KEY: W
2026-04-19 22:24:37 [INFO] POS -> AZ: 0.00, EL: 90.00, KEY: W
2026-04-19 22:24:38 [INFO] POS -> AZ: 0.00, EL: 90.00, KEY: D
2026-04-19 22:24:39 [INFO] POS -> AZ: 0.00, EL: 90.00, KEY: D
2026-04-19 22:24:40 [INFO] POS -> AZ: 0.00, EL: 90.00, KEY: D
2026-04-19 22:24:41 [INFO] POS -> AZ: 0.00, EL: 90.00, KEY: D
2026-04-19 22:24:42 [INFO] POS -> AZ: 0.00, EL: 90.00, KEY: D
2026-04-19 22:24:43 [INFO] POS -> AZ: 351.00, EL: 90.00, KEY: A
2026-04-19 22:24:44 [INFO] POS -> AZ: 241.90, EL: 90.00, KEY: A
2026-04-19 22:24:45 [INFO] POS -> AZ: 181.10, EL: 90.00, KEY: D
2026-04-19 22:24:46 [INFO] POS -> AZ: 290.00, EL: 90.00, KEY: D
2026-04-19 22:24:47 [INFO] POS -> AZ: 0.00, EL: 90.00, KEY: D
2026-04-19 22:24:48 [INFO] POS -> AZ: 0.00, EL: 90.00, KEY: W
2026-04-19 22:24:49 [INFO] POS -> AZ: 0.00, EL: 80.50, KEY: S
2026-04-19 22:24:50 [INFO] POS -> AZ: 0.00, EL: 0.00, KEY: S
2026-04-19 22:24:51 [INFO] POS -> AZ: 311.20, EL: 0.00, KEY: A
2026-04-19 22:24:52 [INFO] POS -> AZ: 202.30, EL: 0.00, KEY: A
2026-04-19 22:24:53 [INFO] POS -> AZ: 88.90, EL: 0.00, KEY: A
2026-04-19 22:24:54 [INFO] POS -> AZ: 0.00, EL: 0.00, KEY: A
2026-04-19 22:24:55 [INFO] POS -> AZ: 29.50, EL: 0.00, KEY: D
2026-04-19 22:24:56 [INFO] POS -> AZ: 140.80, EL: 0.00, KEY: D
2026-04-19 22:24:57 [INFO] POS -> AZ: 254.90, EL: 0.00, KEY: D
2026-04-19 22:24:59 [INFO] POS -> AZ: 0.00, EL: 0.00, KEY: D
2026-04-19 22:25:00 [INFO] POS -> AZ: 0.00, EL: 0.00, KEY: D
2026-04-19 22:25:01 [INFO] POS -> AZ: 0.00, EL: 0.00, KEY: 
2026-04-19 22:27:20 [INFO] System started. SIMULATION_MODE=True
2026-04-19 22:27:20 [INFO] AZ Motor initialized. SIM: True
2026-04-19 22:27:20 [INFO] EL Motor initialized. SIM: True
2026-04-19 22:27:20 [INFO] POS -> AZ: 0.00, EL: 0.00, KEY: -
2026-04-19 22:27:21 [INFO] POS -> AZ: 0.00, EL: 0.00, KEY: -
2026-04-19 22:27:22 [INFO] POS -> AZ: 15.50, EL: 0.00, KEY: D
2026-04-19 22:27:23 [INFO] POS -> AZ: 0.00, EL: 0.00, KEY: A
2026-04-19 22:27:24 [INFO] POS -> AZ: 0.00, EL: 19.80, KEY: W
2026-04-19 22:27:25 [INFO] POS -> AZ: 0.00, EL: 0.00, KEY: S
2026-04-19 22:27:26 [INFO] POS -> AZ: 0.00, EL: 11.00, KEY: W
2026-04-19 22:27:27 [INFO] POS -> AZ: 0.00, EL: 0.00, KEY: S
2026-04-19 22:27:28 [INFO] POS -> AZ: 15.10, EL: 0.00, KEY: D
2026-04-19 22:27:29 [INFO] POS -> AZ: 0.00, EL: 0.00, KEY: A
2026-04-19 22:27:30 [INFO] POS -> AZ: 0.00, EL: 0.00, KEY: 
2026-04-19 22:27:31 [INFO] POS -> AZ: 0.00, EL: 0.00, KEY: 
2026-04-19 22:27:32 [INFO] POS -> AZ: 22.90, EL: 0.00, KEY: D
2026-04-19 22:27:33 [INFO] POS -> AZ: 139.00, EL: 0.00, KEY: D
2026-04-19 22:27:34 [INFO] POS -> AZ: 140.20, EL: 0.00, KEY: A
2026-04-19 22:27:35 [INFO] POS -> AZ: 57.40, EL: 0.00, KEY: A
2026-04-19 22:27:36 [INFO] POS -> AZ: 24.30, EL: 0.00, KEY: A
2026-04-19 22:27:37 [INFO] POS -> AZ: 24.30, EL: 0.00, KEY: [
2026-04-19 22:27:38 [INFO] POS -> AZ: 24.30, EL: 0.00, KEY: 
2026-04-19 22:27:39 [INFO] POS -> AZ: 48.40, EL: 0.00, KEY: D
2026-04-19 22:27:40 [INFO] POS -> AZ: 61.70, EL: 0.00, KEY: A
2026-04-19 22:27:41 [INFO] POS -> AZ: 19.10, EL: 6.50, KEY: W
2026-04-19 22:27:42 [INFO] POS -> AZ: 19.10, EL: 58.50, KEY: S
2026-04-19 22:27:43 [INFO] POS -> AZ: 19.10, EL: 0.50, KEY: S
2026-04-19 22:27:45 [INFO] POS -> AZ: 19.10, EL: 16.60, KEY: W
2026-04-19 22:27:46 [INFO] POS -> AZ: 39.10, EL: 60.80, KEY: D
2026-04-19 22:27:47 [INFO] POS -> AZ: 61.40, EL: 64.10, KEY: W
2026-04-19 22:27:48 [INFO] POS -> AZ: 61.40, EL: 58.50, KEY: S
2026-04-19 22:27:49 [INFO] POS -> AZ: 61.40, EL: 58.50, KEY: S
2026-04-19 22:27:50 [INFO] POS -> AZ: 61.40, EL: 58.50, KEY: S
2026-04-19 22:32:15 [INFO] System started. SIMULATION_MODE=True
2026-04-19 22:32:15 [INFO] AZ Motor initialized. SIM: True
2026-04-19 22:32:15 [INFO] EL Motor initialized. SIM: True
2026-04-19 22:32:15 [INFO] POS -> AZ: 0.00, EL: 0.00, KEY: -, TARGET: 250.00/70.00, TRACK: True
2026-04-19 22:32:16 [INFO] POS -> AZ: 0.00, EL: 57.40, KEY: -, TARGET: 250.00/70.00, TRACK: True
2026-04-19 22:32:17 [INFO] POS -> AZ: 0.00, EL: 69.30, KEY: -, TARGET: 250.00/70.00, TRACK: True
2026-04-19 22:32:18 [INFO] POS -> AZ: 0.00, EL: 69.30, KEY: -, TARGET: 250.00/70.00, TRACK: True
2026-04-19 22:32:19 [INFO] POS -> AZ: 0.00, EL: 70.20, KEY: -, TARGET: 250.00/70.00, TRACK: True
2026-04-19 22:32:20 [INFO] POS -> AZ: 0.00, EL: 70.70, KEY: -, TARGET: 250.00/70.00, TRACK: True
2026-04-19 22:32:21 [INFO] POS -> AZ: 0.00, EL: 68.80, KEY: -, TARGET: 250.00/70.00, TRACK: True
2026-04-19 22:32:22 [INFO] POS -> AZ: 0.00, EL: 70.70, KEY: -, TARGET: 250.00/70.00, TRACK: True
2026-04-19 22:32:23 [INFO] POS -> AZ: 0.00, EL: 70.90, KEY: -, TARGET: 250.00/70.00, TRACK: True
2026-04-19 22:32:24 [INFO] POS -> AZ: 0.00, EL: 69.10, KEY: -, TARGET: 250.00/70.00, TRACK: True
2026-04-19 22:32:25 [INFO] POS -> AZ: 0.00, EL: 69.30, KEY: -, TARGET: 250.00/70.00, TRACK: True
2026-04-19 22:32:26 [INFO] POS -> AZ: 0.00, EL: 69.30, KEY: -, TARGET: 250.00/70.00, TRACK: True
2026-04-19 22:32:27 [INFO] POS -> AZ: 0.00, EL: 70.90, KEY: -, TARGET: 250.00/70.00, TRACK: True
2026-04-19 22:32:29 [INFO] POS -> AZ: 0.00, EL: 69.80, KEY: -, TARGET: 250.00/70.00, TRACK: True
2026-04-19 22:32:30 [INFO] POS -> AZ: 0.00, EL: 70.20, KEY: -, TARGET: 250.00/70.00, TRACK: True
2026-04-19 22:32:31 [INFO] POS -> AZ: 0.00, EL: 70.40, KEY: -, TARGET: 250.00/70.00, TRACK: True
2026-04-19 22:32:32 [INFO] POS -> AZ: 0.00, EL: 70.70, KEY: -, TARGET: 250.00/70.00, TRACK: True
2026-04-19 22:32:33 [INFO] POS -> AZ: 0.00, EL: 70.70, KEY: -, TARGET: 250.00/70.00, TRACK: True
2026-04-19 22:32:34 [INFO] POS -> AZ: 0.00, EL: 70.70, KEY: -, TARGET: 250.00/70.00, TRACK: True
2026-04-19 22:32:40 [INFO] System started. SIMULATION_MODE=True
2026-04-19 22:32:40 [INFO] AZ Motor initialized. SIM: True
2026-04-19 22:32:40 [INFO] EL Motor initialized. SIM: True
2026-04-19 22:32:40 [INFO] POS -> AZ: 0.00, EL: 0.00, KEY: -, TARGET: 250.00/70.00, TRACK: True
2026-04-19 22:32:41 [INFO] POS -> AZ: 0.00, EL: 57.40, KEY: -, TARGET: 250.00/70.00, TRACK: True
2026-04-19 22:32:42 [INFO] POS -> AZ: 0.00, EL: 69.30, KEY: -, TARGET: 250.00/70.00, TRACK: True
2026-04-19 22:32:43 [INFO] POS -> AZ: 0.00, EL: 71.10, KEY: -, TARGET: 250.00/70.00, TRACK: True
2026-04-19 22:32:44 [INFO] POS -> AZ: 0.00, EL: 69.50, KEY: -, TARGET: 250.00/70.00, TRACK: True
2026-04-19 22:32:45 [INFO] POS -> AZ: 0.00, EL: 70.70, KEY: -, TARGET: 250.00/70.00, TRACK: True
2026-04-19 22:34:44 [INFO] System started. SIMULATION_MODE=True
2026-04-19 22:34:44 [INFO] AZ Motor initialized. SIM: True
2026-04-19 22:34:44 [INFO] EL Motor initialized. SIM: True
2026-04-19 22:34:44 [INFO] POS -> AZ: 0.00, EL: 0.00, KEY: -, TARGET: 250.00/70.00, TRACK: True
2026-04-19 22:34:45 [INFO] POS -> AZ: 0.00, EL: 43.00, KEY: -, TARGET: 250.00/70.00, TRACK: True
2026-04-19 22:34:46 [INFO] POS -> AZ: 0.00, EL: 62.50, KEY: -, TARGET: 250.00/70.00, TRACK: True
2026-04-19 22:34:47 [INFO] POS -> AZ: 0.00, EL: 68.40, KEY: -, TARGET: 250.00/70.00, TRACK: True
2026-04-19 22:34:48 [INFO] POS -> AZ: 0.00, EL: 69.80, KEY: -, TARGET: 250.00/70.00, TRACK: True
2026-04-19 22:34:49 [INFO] POS -> AZ: 0.00, EL: 69.80, KEY: -, TARGET: 250.00/70.00, TRACK: True
2026-04-19 22:34:50 [INFO] POS -> AZ: 0.00, EL: 69.80, KEY: -, TARGET: 250.00/70.00, TRACK: True
2026-04-19 22:34:51 [INFO] POS -> AZ: 0.00, EL: 69.80, KEY: -, TARGET: 250.00/70.00, TRACK: True
2026-04-19 22:34:52 [INFO] POS -> AZ: 0.00, EL: 69.80, KEY: -, TARGET: 250.00/70.00, TRACK: True
2026-04-19 22:34:54 [INFO] POS -> AZ: 0.00, EL: 69.80, KEY: -, TARGET: 250.00/70.00, TRACK: True
2026-04-19 22:34:55 [INFO] POS -> AZ: 0.00, EL: 69.80, KEY: -, TARGET: 250.00/70.00, TRACK: True
2026-04-19 22:34:56 [INFO] POS -> AZ: 0.00, EL: 69.80, KEY: -, TARGET: 250.00/70.00, TRACK: True
2026-04-19 22:35:13 [INFO] System started. SIMULATION_MODE=True
2026-04-19 22:35:13 [INFO] AZ Motor initialized. SIM: True
2026-04-19 22:35:13 [INFO] EL Motor initialized. SIM: True
2026-04-19 22:35:13 [INFO] POS -> AZ: 0.00, EL: 0.00, KEY: -, TARGET: 250.00/70.00, TRACK: True
2026-04-19 22:35:14 [INFO] POS -> AZ: 0.00, EL: 43.90, KEY: -, TARGET: 250.00/70.00, TRACK: True
2026-04-19 22:35:15 [INFO] POS -> AZ: 0.00, EL: 62.50, KEY: -, TARGET: 250.00/70.00, TRACK: True
2026-04-19 22:35:16 [INFO] POS -> AZ: 0.00, EL: 68.40, KEY: -, TARGET: 250.00/70.00, TRACK: True
2026-04-19 22:35:17 [INFO] POS -> AZ: 0.00, EL: 69.80, KEY: -, TARGET: 250.00/70.00, TRACK: True
2026-04-19 22:35:18 [INFO] POS -> AZ: 0.00, EL: 69.80, KEY: -, TARGET: 250.00/70.00, TRACK: True
2026-04-19 22:35:19 [INFO] POS -> AZ: 0.00, EL: 69.80, KEY: -, TARGET: 250.00/70.00, TRACK: True
2026-04-19 22:35:20 [INFO] POS -> AZ: 0.00, EL: 69.80, KEY: -, TARGET: 250.00/70.00, TRACK: True
2026-04-19 22:35:21 [INFO] POS -> AZ: 0.00, EL: 69.80, KEY: -, TARGET: 250.00/70.00, TRACK: True
2026-04-19 22:35:22 [INFO] POS -> AZ: 0.00, EL: 69.80, KEY: -, TARGET: 250.00/70.00, TRACK: True
2026-04-19 22:35:23 [INFO] POS -> AZ: 0.00, EL: 69.80, KEY: -, TARGET: 250.00/70.00, TRACK: True
2026-04-19 22:35:24 [INFO] POS -> AZ: 0.00, EL: 69.80, KEY: -, TARGET: 250.00/70.00, TRACK: True
2026-04-19 22:35:25 [INFO] POS -> AZ: 0.00, EL: 69.80, KEY: -, TARGET: 250.00/70.00, TRACK: True
2026-04-19 22:35:26 [INFO] POS -> AZ: 0.00, EL: 69.80, KEY: -, TARGET: 250.00/70.00, TRACK: True
2026-04-19 22:35:27 [INFO] POS -> AZ: 0.00, EL: 69.80, KEY: -, TARGET: 250.00/70.00, TRACK: True
2026-04-19 22:35:28 [INFO] POS -> AZ: 0.00, EL: 69.80, KEY: -, TARGET: 250.00/70.00, TRACK: True
2026-04-19 22:35:30 [INFO] POS -> AZ: 0.00, EL: 69.80, KEY: -, TARGET: 250.00/70.00, TRACK: True
2026-04-19 22:35:31 [INFO] POS -> AZ: 0.00, EL: 69.80, KEY: -, TARGET: 250.00/70.00, TRACK: True
2026-04-19 22:35:32 [INFO] POS -> AZ: 0.00, EL: 69.80, KEY: -, TARGET: 250.00/70.00, TRACK: True
2026-04-19 22:37:16 [INFO] System started. SIMULATION_MODE=True
2026-04-19 22:37:16 [INFO] AZ Motor initialized. SIM: True
2026-04-19 22:37:16 [INFO] EL Motor initialized. SIM: True
2026-04-19 22:37:16 [INFO] POS -> AZ: 0.00, EL: 0.00, KEY: -, TARGET: 250.00/70.00, TRACK: True
2026-04-19 22:37:17 [INFO] POS -> AZ: 280.40, EL: 47.00, KEY: -, TARGET: 250.00/70.00, TRACK: True
2026-04-19 22:37:18 [INFO] POS -> AZ: 254.70, EL: 64.30, KEY: -, TARGET: 250.00/70.00, TRACK: True
2026-04-19 22:37:19 [INFO] POS -> AZ: 250.20, EL: 68.80, KEY: -, TARGET: 250.00/70.00, TRACK: True
2026-04-19 22:37:20 [INFO] POS -> AZ: 250.20, EL: 69.80, KEY: -, TARGET: 250.00/70.00, TRACK: True
2026-04-19 22:37:21 [INFO] POS -> AZ: 250.20, EL: 69.80, KEY: -, TARGET: 250.00/70.00, TRACK: True
2026-04-19 22:37:23 [INFO] POS -> AZ: 250.20, EL: 69.80, KEY: -, TARGET: 250.00/70.00, TRACK: True
2026-04-19 22:37:24 [INFO] POS -> AZ: 250.20, EL: 69.80, KEY: -, TARGET: 250.00/70.00, TRACK: True
2026-04-19 22:37:25 [INFO] POS -> AZ: 250.20, EL: 69.80, KEY: -, TARGET: 250.00/70.00, TRACK: True
2026-04-19 22:37:26 [INFO] POS -> AZ: 250.20, EL: 69.80, KEY: -, TARGET: 250.00/70.00, TRACK: True
2026-04-19 22:37:27 [INFO] POS -> AZ: 250.20, EL: 69.80, KEY: -, TARGET: 250.00/70.00, TRACK: True
2026-04-19 22:37:28 [INFO] POS -> AZ: 250.20, EL: 69.80, KEY: -, TARGET: 250.00/70.00, TRACK: True
2026-04-19 22:37:29 [INFO] POS -> AZ: 250.20, EL: 69.80, KEY: -, TARGET: 250.00/70.00, TRACK: True
2026-04-19 22:37:30 [INFO] POS -> AZ: 250.20, EL: 69.80, KEY: -, TARGET: 250.00/70.00, TRACK: True
2026-04-19 22:37:31 [INFO] POS -> AZ: 250.20, EL: 69.80, KEY: -, TARGET: 250.00/70.00, TRACK: True
2026-04-19 22:37:32 [INFO] POS -> AZ: 250.20, EL: 69.80, KEY: -, TARGET: 250.00/70.00, TRACK: True
2026-04-19 22:56:32 [INFO] System started. SIMULATION_MODE=True
2026-04-19 22:56:32 [INFO] AZ Motor initialized. SIM: True
2026-04-19 22:56:32 [INFO] EL Motor initialized. SIM: True
2026-04-19 22:56:32 [ERROR] AZ SOFT_LIMIT: AZ soft limit tercapai pada -0.23°
2026-04-19 22:56:52 [ERROR] AZ HOME_TIMEOUT: Homing timeout on AZ
2026-04-19 22:57:31 [INFO] System started. SIMULATION_MODE=True
2026-04-19 22:57:31 [INFO] AZ Motor initialized. SIM: True
2026-04-19 22:57:31 [INFO] EL Motor initialized. SIM: True
2026-04-19 22:57:31 [INFO] Zero calibration done. Offsets AZ:0.00, EL:0.00
2026-04-19 22:57:31 [ERROR] AZ SOFT_LIMIT: AZ soft limit tercapai pada 360.13°
2026-04-19 22:57:31 [ERROR] EL SOFT_LIMIT: EL soft limit tercapai pada 90.12°
2026-04-19 22:58:08 [INFO] System started. SIMULATION_MODE=True
2026-04-19 22:58:08 [INFO] AZ Motor initialized. SIM: True
2026-04-19 22:58:08 [INFO] EL Motor initialized. SIM: True
2026-04-19 22:58:17 [INFO] Zero calibration done. Offsets AZ:0.00, EL:0.00
2026-04-19 22:58:17 [ERROR] EL LIMIT_MAX: EL limit switch max aktif
2026-04-19 22:58:17 [ERROR] AZ LIMIT_MAX: AZ limit switch max aktif
2026-04-19 23:02:10 [INFO] System started. SIMULATION_MODE=True
2026-04-19 23:02:10 [INFO] AZ Motor initialized. SIM: True
2026-04-19 23:02:10 [INFO] EL Motor initialized. SIM: True
2026-04-19 23:02:19 [INFO] Zero calibration done. Offsets AZ:0.00, EL:0.00
2026-04-19 23:02:19 [ERROR] EL LIMIT_MAX: EL limit switch max aktif
2026-04-19 23:02:19 [ERROR] AZ LIMIT_MAX: AZ limit switch max aktif
2026-04-19 23:02:34 [INFO] System started. SIMULATION_MODE=True
2026-04-19 23:02:34 [INFO] AZ Motor initialized. SIM: True
2026-04-19 23:02:34 [INFO] EL Motor initialized. SIM: True
2026-04-19 23:02:43 [INFO] Zero calibration done. Offsets AZ:0.00, EL:0.00
2026-04-19 23:02:43 [INFO] POS -> AZ: 0.00, EL: 0.00, KEY: -, TARGET: 250.00/70.00, TRACK: True, FAULT_AZ: , FAULT_EL: 
2026-04-19 23:02:44 [INFO] POS -> AZ: 101.50, EL: 47.50, KEY: -, TARGET: 250.00/70.00, TRACK: True, FAULT_AZ: , FAULT_EL: 
2026-04-19 23:02:45 [INFO] POS -> AZ: 205.60, EL: 64.40, KEY: -, TARGET: 250.00/70.00, TRACK: True, FAULT_AZ: , FAULT_EL: 
2026-04-19 23:02:46 [INFO] POS -> AZ: 242.10, EL: 68.90, KEY: -, TARGET: 250.00/70.00, TRACK: True, FAULT_AZ: , FAULT_EL: 
2026-04-19 23:02:47 [INFO] POS -> AZ: 249.10, EL: 69.80, KEY: -, TARGET: 250.00/70.00, TRACK: True, FAULT_AZ: , FAULT_EL: 
2026-04-19 23:02:48 [INFO] POS -> AZ: 249.70, EL: 69.80, KEY: -, TARGET: 250.00/70.00, TRACK: True, FAULT_AZ: , FAULT_EL: 
2026-04-19 23:02:49 [INFO] POS -> AZ: 249.70, EL: 69.80, KEY: -, TARGET: 250.00/70.00, TRACK: True, FAULT_AZ: , FAULT_EL: 
2026-04-19 23:02:50 [INFO] POS -> AZ: 249.70, EL: 69.80, KEY: -, TARGET: 250.00/70.00, TRACK: True, FAULT_AZ: , FAULT_EL: 
2026-04-19 23:02:51 [INFO] POS -> AZ: 249.70, EL: 69.80, KEY: -, TARGET: 250.00/70.00, TRACK: True, FAULT_AZ: , FAULT_EL: 
2026-04-19 23:02:52 [INFO] POS -> AZ: 249.70, EL: 69.80, KEY: -, TARGET: 250.00/70.00, TRACK: True, FAULT_AZ: , FAULT_EL: 
2026-04-19 23:09:47 [INFO] System started. SIMULATION_MODE=True
2026-04-19 23:09:47 [INFO] AZ Motor initialized. SIM: True
2026-04-19 23:09:47 [INFO] EL Motor initialized. SIM: True
2026-04-19 23:09:53 [INFO] Zero calibration done. Offsets AZ:0.00, EL:0.00
2026-04-19 23:09:53 [ERROR] EL LIMIT_MAX: EL limit switch max aktif
2026-04-19 23:09:53 [ERROR] AZ LIMIT_MAX: AZ limit switch max aktif
2026-04-19 23:10:33 [INFO] System started. SIMULATION_MODE=True
2026-04-19 23:10:33 [INFO] AZ Motor initialized. SIM: True
2026-04-19 23:10:33 [INFO] EL Motor initialized. SIM: True
2026-04-19 23:10:42 [INFO] Zero calibration done. Offsets AZ:0.00, EL:0.00
2026-04-19 23:10:42 [ERROR] EL LIMIT_MAX: EL limit switch max aktif
2026-04-19 23:10:42 [ERROR] AZ LIMIT_MAX: AZ limit switch max aktif
2026-04-19 23:11:58 [INFO] System started. SIMULATION_MODE=True
2026-04-19 23:11:58 [INFO] AZ Motor initialized. SIM: True
2026-04-19 23:11:58 [INFO] EL Motor initialized. SIM: True
2026-04-19 23:12:07 [INFO] Zero calibration done. Offsets AZ:0.00, EL:0.00
2026-04-19 23:12:07 [INFO] POS -> AZ: 0.00, EL: 0.00, KEY: -, TARGET: 250.00/70.00, TRACK: True, FAULT_AZ: , FAULT_EL: 
2026-04-19 23:12:08 [INFO] POS -> AZ: 102.60, EL: 54.00, KEY: -, TARGET: 250.00/70.00, TRACK: True, FAULT_AZ: , FAULT_EL: 
2026-04-19 23:12:09 [INFO] POS -> AZ: 203.60, EL: 74.50, KEY: -, TARGET: 250.00/70.00, TRACK: True, FAULT_AZ: , FAULT_EL: 
2026-04-19 23:12:10 [INFO] POS -> AZ: 240.30, EL: 81.70, KEY: -, TARGET: 250.00/70.00, TRACK: True, FAULT_AZ: , FAULT_EL: 
2026-04-19 23:12:11 [INFO] POS -> AZ: 246.60, EL: 83.70, KEY: -, TARGET: 250.00/70.00, TRACK: True, FAULT_AZ: , FAULT_EL: 
2026-04-19 23:12:12 [INFO] POS -> AZ: 249.50, EL: 83.70, KEY: -, TARGET: 250.00/70.00, TRACK: True, FAULT_AZ: , FAULT_EL: 
2026-04-19 23:12:13 [INFO] POS -> AZ: 250.00, EL: 83.70, KEY: -, TARGET: 250.00/70.00, TRACK: True, FAULT_AZ: , FAULT_EL: 
2026-04-19 23:12:14 [INFO] POS -> AZ: 250.00, EL: 83.70, KEY: -, TARGET: 250.00/70.00, TRACK: True, FAULT_AZ: , FAULT_EL: 
2026-04-19 23:12:15 [INFO] POS -> AZ: 250.00, EL: 83.70, KEY: -, TARGET: 250.00/70.00, TRACK: True, FAULT_AZ: , FAULT_EL: 
2026-04-19 23:12:17 [INFO] POS -> AZ: 250.00, EL: 83.70, KEY: -, TARGET: 250.00/70.00, TRACK: True, FAULT_AZ: , FAULT_EL: 
2026-04-19 23:12:18 [INFO] POS -> AZ: 250.00, EL: 83.70, KEY: -, TARGET: 250.00/70.00, TRACK: True, FAULT_AZ: , FAULT_EL: 
2026-04-19 23:12:19 [INFO] POS -> AZ: 250.00, EL: 83.70, KEY: -, TARGET: 250.00/70.00, TRACK: True, FAULT_AZ: , FAULT_EL: 
2026-04-19 23:12:20 [INFO] POS -> AZ: 250.00, EL: 83.70, KEY: -, TARGET: 250.00/70.00, TRACK: True, FAULT_AZ: , FAULT_EL: 
2026-04-19 23:12:21 [INFO] POS -> AZ: 250.00, EL: 83.70, KEY: -, TARGET: 250.00/70.00, TRACK: True, FAULT_AZ: , FAULT_EL: 
2026-04-19 23:12:22 [INFO] POS -> AZ: 250.00, EL: 83.70, KEY: -, TARGET: 250.00/70.00, TRACK: True, FAULT_AZ: , FAULT_EL: 
2026-04-19 23:12:23 [INFO] POS -> AZ: 250.00, EL: 83.70, KEY: -, TARGET: 250.00/70.00, TRACK: True, FAULT_AZ: , FAULT_EL: 
2026-04-19 23:12:24 [INFO] POS -> AZ: 250.00, EL: 83.70, KEY: -, TARGET: 250.00/70.00, TRACK: True, FAULT_AZ: , FAULT_EL: 
2026-04-19 23:12:25 [INFO] POS -> AZ: 250.00, EL: 83.70, KEY: -, TARGET: 250.00/70.00, TRACK: True, FAULT_AZ: , FAULT_EL: 
2026-04-19 23:12:26 [INFO] POS -> AZ: 250.00, EL: 83.70, KEY: -, TARGET: 250.00/70.00, TRACK: True, FAULT_AZ: , FAULT_EL: 
2026-04-19 23:12:27 [INFO] POS -> AZ: 250.00, EL: 83.70, KEY: -, TARGET: 250.00/70.00, TRACK: True, FAULT_AZ: , FAULT_EL: 
2026-04-19 23:12:28 [INFO] POS -> AZ: 250.00, EL: 83.70, KEY: -, TARGET: 250.00/70.00, TRACK: True, FAULT_AZ: , FAULT_EL: 
2026-04-19 23:12:29 [INFO] POS -> AZ: 250.00, EL: 83.70, KEY: -, TARGET: 250.00/70.00, TRACK: True, FAULT_AZ: , FAULT_EL: 
2026-04-19 23:12:30 [INFO] POS -> AZ: 250.00, EL: 83.70, KEY: -, TARGET: 250.00/70.00, TRACK: True, FAULT_AZ: , FAULT_EL: 
2026-04-19 23:12:31 [INFO] POS -> AZ: 250.00, EL: 83.70, KEY: -, TARGET: 250.00/70.00, TRACK: True, FAULT_AZ: , FAULT_EL: 
2026-04-19 23:12:32 [INFO] POS -> AZ: 250.00, EL: 83.70, KEY: -, TARGET: 250.00/70.00, TRACK: True, FAULT_AZ: , FAULT_EL: 
2026-04-19 23:12:34 [INFO] POS -> AZ: 250.00, EL: 83.70, KEY: -, TARGET: 250.00/70.00, TRACK: True, FAULT_AZ: , FAULT_EL: 
2026-04-19 23:12:35 [INFO] POS -> AZ: 250.00, EL: 83.70, KEY: -, TARGET: 250.00/70.00, TRACK: True, FAULT_AZ: , FAULT_EL: 
2026-04-19 23:12:36 [INFO] POS -> AZ: 250.00, EL: 83.70, KEY: -, TARGET: 250.00/70.00, TRACK: True, FAULT_AZ: , FAULT_EL: 
2026-04-19 23:12:37 [INFO] POS -> AZ: 250.00, EL: 83.70, KEY: -, TARGET: 250.00/70.00, TRACK: True, FAULT_AZ: , FAULT_EL: 
2026-04-19 23:12:38 [INFO] POS -> AZ: 250.00, EL: 83.70, KEY: -, TARGET: 250.00/70.00, TRACK: True, FAULT_AZ: , FAULT_EL: 
2026-04-19 23:12:39 [INFO] POS -> AZ: 250.00, EL: 83.70, KEY: -, TARGET: 250.00/70.00, TRACK: True, FAULT_AZ: , FAULT_EL: 
2026-04-19 23:12:40 [INFO] POS -> AZ: 250.00, EL: 83.70, KEY: -, TARGET: 250.00/70.00, TRACK: True, FAULT_AZ: , FAULT_EL: 
2026-04-19 23:12:41 [INFO] POS -> AZ: 250.00, EL: 83.70, KEY: -, TARGET: 250.00/70.00, TRACK: True, FAULT_AZ: , FAULT_EL: 
2026-04-19 23:12:42 [INFO] POS -> AZ: 250.00, EL: 83.70, KEY: -, TARGET: 250.00/70.00, TRACK: True, FAULT_AZ: , FAULT_EL: 
2026-04-19 23:12:43 [INFO] POS -> AZ: 250.00, EL: 83.70, KEY: -, TARGET: 250.00/70.00, TRACK: True, FAULT_AZ: , FAULT_EL: 
2026-04-19 23:12:44 [INFO] POS -> AZ: 250.00, EL: 83.70, KEY: -, TARGET: 250.00/70.00, TRACK: True, FAULT_AZ: , FAULT_EL: 
2026-04-19 23:12:45 [INFO] POS -> AZ: 250.00, EL: 83.70, KEY: -, TARGET: 250.00/70.00, TRACK: True, FAULT_AZ: , FAULT_EL: 
2026-04-19 23:12:46 [INFO] POS -> AZ: 250.00, EL: 83.70, KEY: -, TARGET: 250.00/70.00, TRACK: True, FAULT_AZ: , FAULT_EL: 
2026-04-19 23:12:47 [INFO] POS -> AZ: 250.00, EL: 83.70, KEY: -, TARGET: 250.00/70.00, TRACK: True, FAULT_AZ: , FAULT_EL: 
2026-04-19 23:12:48 [INFO] POS -> AZ: 250.00, EL: 83.70, KEY: -, TARGET: 250.00/70.00, TRACK: True, FAULT_AZ: , FAULT_EL: 
2026-04-19 23:12:49 [INFO] POS -> AZ: 250.00, EL: 83.70, KEY: -, TARGET: 250.00/70.00, TRACK: True, FAULT_AZ: , FAULT_EL: 
2026-04-19 23:12:50 [INFO] POS -> AZ: 250.00, EL: 83.70, KEY: -, TARGET: 250.00/70.00, TRACK: True, FAULT_AZ: , FAULT_EL: 
2026-04-19 23:12:51 [INFO] POS -> AZ: 250.00, EL: 83.70, KEY: -, TARGET: 250.00/70.00, TRACK: True, FAULT_AZ: , FAULT_EL: 
2026-04-19 23:12:52 [INFO] POS -> AZ: 250.00, EL: 83.70, KEY: -, TARGET: 250.00/70.00, TRACK: True, FAULT_AZ: , FAULT_EL: 
2026-04-19 23:12:53 [INFO] POS -> AZ: 250.00, EL: 83.70, KEY: -, TARGET: 250.00/70.00, TRACK: True, FAULT_AZ: , FAULT_EL: 
2026-04-19 23:12:55 [INFO] POS -> AZ: 250.00, EL: 83.70, KEY: -, TARGET: 250.00/70.00, TRACK: True, FAULT_AZ: , FAULT_EL: 
2026-04-19 23:12:56 [INFO] POS -> AZ: 250.00, EL: 83.70, KEY: -, TARGET: 250.00/70.00, TRACK: True, FAULT_AZ: , FAULT_EL: 
2026-04-19 23:12:57 [INFO] POS -> AZ: 250.00, EL: 83.70, KEY: -, TARGET: 250.00/70.00, TRACK: True, FAULT_AZ: , FAULT_EL: 
2026-04-19 23:12:58 [INFO] POS -> AZ: 250.00, EL: 83.70, KEY: -, TARGET: 250.00/70.00, TRACK: True, FAULT_AZ: , FAULT_EL: 
2026-04-19 23:12:59 [INFO] POS -> AZ: 250.00, EL: 83.70, KEY: -, TARGET: 250.00/70.00, TRACK: True, FAULT_AZ: , FAULT_EL: 
2026-04-19 23:13:00 [INFO] POS -> AZ: 250.00, EL: 83.70, KEY: -, TARGET: 250.00/70.00, TRACK: True, FAULT_AZ: , FAULT_EL: 
2026-04-19 23:13:01 [INFO] POS -> AZ: 250.00, EL: 83.70, KEY: -, TARGET: 250.00/70.00, TRACK: True, FAULT_AZ: , FAULT_EL: 
2026-04-19 23:13:02 [INFO] POS -> AZ: 250.00, EL: 83.70, KEY: -, TARGET: 250.00/70.00, TRACK: True, FAULT_AZ: , FAULT_EL: 
2026-04-19 23:13:03 [INFO] POS -> AZ: 250.00, EL: 83.70, KEY: -, TARGET: 250.00/70.00, TRACK: True, FAULT_AZ: , FAULT_EL: 
2026-04-19 23:13:04 [INFO] POS -> AZ: 250.00, EL: 83.70, KEY: -, TARGET: 250.00/70.00, TRACK: True, FAULT_AZ: , FAULT_EL: 
2026-04-19 23:13:05 [INFO] POS -> AZ: 250.00, EL: 83.70, KEY: -, TARGET: 250.00/70.00, TRACK: True, FAULT_AZ: , FAULT_EL: 
2026-04-19 23:13:06 [INFO] POS -> AZ: 250.00, EL: 83.70, KEY: -, TARGET: 250.00/70.00, TRACK: True, FAULT_AZ: , FAULT_EL: 
2026-04-19 23:13:07 [INFO] POS -> AZ: 250.00, EL: 83.70, KEY: -, TARGET: 250.00/70.00, TRACK: True, FAULT_AZ: , FAULT_EL: 
2026-04-19 23:13:08 [INFO] POS -> AZ: 250.00, EL: 83.70, KEY: -, TARGET: 250.00/70.00, TRACK: True, FAULT_AZ: , FAULT_EL: 
2026-04-19 23:13:09 [INFO] POS -> AZ: 250.00, EL: 83.70, KEY: -, TARGET: 250.00/70.00, TRACK: True, FAULT_AZ: , FAULT_EL: 
2026-04-19 23:13:10 [INFO] POS -> AZ: 250.00, EL: 83.70, KEY: -, TARGET: 250.00/70.00, TRACK: True, FAULT_AZ: , FAULT_EL: 
2026-04-19 23:13:11 [INFO] POS -> AZ: 250.00, EL: 83.70, KEY: -, TARGET: 250.00/70.00, TRACK: True, FAULT_AZ: , FAULT_EL: 
2026-04-19 23:13:13 [INFO] POS -> AZ: 250.00, EL: 83.70, KEY: -, TARGET: 250.00/70.00, TRACK: True, FAULT_AZ: , FAULT_EL: 
2026-04-19 23:13:14 [INFO] POS -> AZ: 250.00, EL: 83.90, KEY: -, TARGET: 250.00/70.00, TRACK: True, FAULT_AZ: , FAULT_EL: 
2026-04-19 23:13:15 [INFO] POS -> AZ: 250.00, EL: 83.70, KEY: -, TARGET: 250.00/70.00, TRACK: True, FAULT_AZ: , FAULT_EL: 
2026-04-19 23:13:16 [INFO] POS -> AZ: 250.00, EL: 83.70, KEY: -, TARGET: 250.00/70.00, TRACK: True, FAULT_AZ: , FAULT_EL: 
2026-04-19 23:13:17 [INFO] POS -> AZ: 250.00, EL: 83.70, KEY: -, TARGET: 250.00/70.00, TRACK: True, FAULT_AZ: , FAULT_EL: 
2026-04-19 23:13:18 [INFO] POS -> AZ: 250.00, EL: 83.70, KEY: -, TARGET: 250.00/70.00, TRACK: True, FAULT_AZ: , FAULT_EL: 
2026-04-19 23:13:19 [INFO] POS -> AZ: 250.00, EL: 83.70, KEY: -, TARGET: 250.00/70.00, TRACK: True, FAULT_AZ: , FAULT_EL: 
2026-04-19 23:13:20 [INFO] POS -> AZ: 250.00, EL: 83.70, KEY: -, TARGET: 250.00/70.00, TRACK: True, FAULT_AZ: , FAULT_EL: 
2026-04-19 23:13:21 [INFO] POS -> AZ: 250.00, EL: 83.70, KEY: -, TARGET: 250.00/70.00, TRACK: True, FAULT_AZ: , FAULT_EL: 
2026-04-19 23:13:22 [INFO] POS -> AZ: 250.00, EL: 83.70, KEY: -, TARGET: 250.00/70.00, TRACK: True, FAULT_AZ: , FAULT_EL: 
2026-04-19 23:13:23 [INFO] POS -> AZ: 250.00, EL: 83.70, KEY: -, TARGET: 250.00/70.00, TRACK: True, FAULT_AZ: , FAULT_EL: 
2026-04-19 23:13:24 [INFO] System started. SIMULATION_MODE=True
2026-04-19 23:13:24 [INFO] AZ Motor initialized. SIM: True
2026-04-19 23:13:24 [INFO] EL Motor initialized. SIM: True
2026-04-19 23:13:24 [INFO] POS -> AZ: 250.00, EL: 83.70, KEY: -, TARGET: 250.00/70.00, TRACK: True, FAULT_AZ: , FAULT_EL: 
2026-04-19 23:13:25 [INFO] POS -> AZ: 250.00, EL: 83.70, KEY: -, TARGET: 250.00/70.00, TRACK: True, FAULT_AZ: , FAULT_EL: 
2026-04-19 23:13:26 [INFO] POS -> AZ: 250.00, EL: 83.70, KEY: -, TARGET: 250.00/70.00, TRACK: True, FAULT_AZ: , FAULT_EL: 
2026-04-19 23:13:27 [INFO] POS -> AZ: 250.00, EL: 83.70, KEY: -, TARGET: 250.00/70.00, TRACK: True, FAULT_AZ: , FAULT_EL: 
2026-04-19 23:13:28 [INFO] POS -> AZ: 250.00, EL: 83.70, KEY: -, TARGET: 250.00/70.00, TRACK: True, FAULT_AZ: , FAULT_EL: 
2026-04-19 23:13:30 [INFO] POS -> AZ: 250.00, EL: 83.70, KEY: -, TARGET: 250.00/70.00, TRACK: True, FAULT_AZ: , FAULT_EL: 
2026-04-19 23:13:30 [INFO] Zero calibration done. Offsets AZ:0.00, EL:0.00
2026-04-19 23:13:30 [ERROR] EL LIMIT_MAX: EL limit switch max aktif
2026-04-19 23:13:30 [ERROR] AZ LIMIT_MAX: AZ limit switch max aktif
2026-04-19 23:13:31 [INFO] POS -> AZ: 250.00, EL: 83.70, KEY: -, TARGET: 250.00/70.00, TRACK: True, FAULT_AZ: , FAULT_EL: 
2026-04-19 23:13:32 [INFO] POS -> AZ: 250.00, EL: 83.70, KEY: -, TARGET: 250.00/70.00, TRACK: True, FAULT_AZ: , FAULT_EL: 
2026-04-19 23:13:33 [INFO] POS -> AZ: 250.00, EL: 83.70, KEY: -, TARGET: 250.00/70.00, TRACK: True, FAULT_AZ: , FAULT_EL: 
2026-04-19 23:13:34 [INFO] POS -> AZ: 250.00, EL: 83.70, KEY: -, TARGET: 250.00/70.00, TRACK: True, FAULT_AZ: , FAULT_EL: 
2026-04-19 23:13:35 [INFO] POS -> AZ: 250.00, EL: 83.70, KEY: -, TARGET: 250.00/70.00, TRACK: True, FAULT_AZ: , FAULT_EL: 
2026-04-19 23:13:36 [INFO] POS -> AZ: 250.00, EL: 83.70, KEY: -, TARGET: 250.00/70.00, TRACK: True, FAULT_AZ: , FAULT_EL: 
2026-04-19 23:13:37 [INFO] POS -> AZ: 250.00, EL: 83.70, KEY: -, TARGET: 250.00/70.00, TRACK: True, FAULT_AZ: , FAULT_EL: 
2026-04-19 23:13:38 [INFO] POS -> AZ: 250.00, EL: 83.70, KEY: -, TARGET: 250.00/70.00, TRACK: True, FAULT_AZ: , FAULT_EL: 
2026-04-19 23:13:39 [INFO] POS -> AZ: 250.00, EL: 83.70, KEY: -, TARGET: 250.00/70.00, TRACK: True, FAULT_AZ: , FAULT_EL: 
2026-04-19 23:13:40 [INFO] POS -> AZ: 250.00, EL: 83.70, KEY: -, TARGET: 250.00/70.00, TRACK: True, FAULT_AZ: , FAULT_EL: 
2026-04-19 23:13:41 [INFO] POS -> AZ: 250.00, EL: 83.70, KEY: -, TARGET: 250.00/70.00, TRACK: True, FAULT_AZ: , FAULT_EL: 
2026-04-19 23:13:42 [INFO] POS -> AZ: 250.00, EL: 83.70, KEY: -, TARGET: 250.00/70.00, TRACK: True, FAULT_AZ: , FAULT_EL: 
2026-04-19 23:13:43 [INFO] POS -> AZ: 250.00, EL: 83.70, KEY: -, TARGET: 250.00/70.00, TRACK: True, FAULT_AZ: , FAULT_EL: 
2026-04-19 23:13:44 [INFO] POS -> AZ: 250.00, EL: 83.90, KEY: -, TARGET: 250.00/70.00, TRACK: True, FAULT_AZ: , FAULT_EL: 
2026-04-19 23:13:45 [INFO] POS -> AZ: 250.00, EL: 83.70, KEY: -, TARGET: 250.00/70.00, TRACK: True, FAULT_AZ: , FAULT_EL: 
2026-04-19 23:13:46 [INFO] POS -> AZ: 250.00, EL: 83.70, KEY: -, TARGET: 250.00/70.00, TRACK: True, FAULT_AZ: , FAULT_EL: 
2026-04-19 23:13:48 [INFO] POS -> AZ: 250.00, EL: 83.70, KEY: -, TARGET: 250.00/70.00, TRACK: True, FAULT_AZ: , FAULT_EL: 
2026-04-19 23:13:49 [INFO] POS -> AZ: 250.00, EL: 83.70, KEY: -, TARGET: 250.00/70.00, TRACK: True, FAULT_AZ: , FAULT_EL: 
2026-04-19 23:13:50 [INFO] POS -> AZ: 250.00, EL: 83.70, KEY: -, TARGET: 250.00/70.00, TRACK: True, FAULT_AZ: , FAULT_EL: 
2026-04-19 23:13:51 [INFO] POS -> AZ: 250.00, EL: 83.70, KEY: -, TARGET: 250.00/70.00, TRACK: True, FAULT_AZ: , FAULT_EL: 
2026-04-19 23:13:52 [INFO] POS -> AZ: 250.00, EL: 83.70, KEY: -, TARGET: 250.00/70.00, TRACK: True, FAULT_AZ: , FAULT_EL: 
2026-04-19 23:13:53 [INFO] POS -> AZ: 250.00, EL: 83.70, KEY: -, TARGET: 250.00/70.00, TRACK: True, FAULT_AZ: , FAULT_EL: 
2026-04-19 23:13:54 [INFO] POS -> AZ: 250.00, EL: 83.70, KEY: -, TARGET: 250.00/70.00, TRACK: True, FAULT_AZ: , FAULT_EL: 
2026-04-19 23:13:55 [INFO] POS -> AZ: 250.00, EL: 83.70, KEY: -, TARGET: 250.00/70.00, TRACK: True, FAULT_AZ: , FAULT_EL: 
2026-04-19 23:13:56 [INFO] POS -> AZ: 250.00, EL: 83.70, KEY: -, TARGET: 250.00/70.00, TRACK: True, FAULT_AZ: , FAULT_EL: 
2026-04-19 23:13:57 [INFO] POS -> AZ: 250.00, EL: 83.70, KEY: -, TARGET: 250.00/70.00, TRACK: True, FAULT_AZ: , FAULT_EL: 
2026-04-19 23:13:58 [INFO] POS -> AZ: 250.00, EL: 83.70, KEY: -, TARGET: 250.00/70.00, TRACK: True, FAULT_AZ: , FAULT_EL: 
2026-04-19 23:13:59 [INFO] POS -> AZ: 250.00, EL: 83.70, KEY: -, TARGET: 250.00/70.00, TRACK: True, FAULT_AZ: , FAULT_EL: 
2026-04-19 23:14:00 [INFO] POS -> AZ: 250.00, EL: 83.70, KEY: -, TARGET: 250.00/70.00, TRACK: True, FAULT_AZ: , FAULT_EL: 
2026-04-19 23:14:01 [INFO] POS -> AZ: 250.00, EL: 83.70, KEY: -, TARGET: 250.00/70.00, TRACK: True, FAULT_AZ: , FAULT_EL: 
2026-04-19 23:14:02 [INFO] POS -> AZ: 250.00, EL: 83.70, KEY: -, TARGET: 250.00/70.00, TRACK: True, FAULT_AZ: , FAULT_EL: 
2026-04-19 23:14:03 [INFO] POS -> AZ: 250.00, EL: 83.70, KEY: -, TARGET: 250.00/70.00, TRACK: True, FAULT_AZ: , FAULT_EL: 
2026-04-19 23:14:04 [INFO] POS -> AZ: 250.00, EL: 83.70, KEY: -, TARGET: 250.00/70.00, TRACK: True, FAULT_AZ: , FAULT_EL: 
2026-04-19 23:14:05 [INFO] POS -> AZ: 250.00, EL: 83.70, KEY: -, TARGET: 250.00/70.00, TRACK: True, FAULT_AZ: , FAULT_EL: 
2026-04-19 23:14:07 [INFO] POS -> AZ: 250.00, EL: 83.70, KEY: -, TARGET: 250.00/70.00, TRACK: True, FAULT_AZ: , FAULT_EL: 
2026-04-19 23:14:08 [INFO] POS -> AZ: 250.00, EL: 83.70, KEY: -, TARGET: 250.00/70.00, TRACK: True, FAULT_AZ: , FAULT_EL: 
2026-04-19 23:14:09 [INFO] POS -> AZ: 250.00, EL: 83.70, KEY: -, TARGET: 250.00/70.00, TRACK: True, FAULT_AZ: , FAULT_EL: 
2026-04-19 23:14:10 [INFO] POS -> AZ: 250.00, EL: 83.70, KEY: -, TARGET: 250.00/70.00, TRACK: True, FAULT_AZ: , FAULT_EL: 
2026-04-19 23:14:11 [INFO] POS -> AZ: 250.00, EL: 83.70, KEY: -, TARGET: 250.00/70.00, TRACK: True, FAULT_AZ: , FAULT_EL: 
2026-04-19 23:14:12 [INFO] POS -> AZ: 250.00, EL: 83.70, KEY: -, TARGET: 250.00/70.00, TRACK: True, FAULT_AZ: , FAULT_EL: 
2026-04-19 23:14:13 [INFO] POS -> AZ: 250.00, EL: 83.70, KEY: -, TARGET: 250.00/70.00, TRACK: True, FAULT_AZ: , FAULT_EL: 
2026-04-19 23:14:14 [INFO] POS -> AZ: 250.00, EL: 83.70, KEY: -, TARGET: 250.00/70.00, TRACK: True, FAULT_AZ: , FAULT_EL: 
2026-04-19 23:14:15 [INFO] POS -> AZ: 250.00, EL: 83.90, KEY: -, TARGET: 250.00/70.00, TRACK: True, FAULT_AZ: , FAULT_EL: 
2026-04-19 23:14:16 [INFO] POS -> AZ: 250.00, EL: 83.70, KEY: -, TARGET: 250.00/70.00, TRACK: True, FAULT_AZ: , FAULT_EL: 
2026-04-19 23:14:17 [INFO] POS -> AZ: 250.00, EL: 83.70, KEY: -, TARGET: 250.00/70.00, TRACK: True, FAULT_AZ: , FAULT_EL: 
2026-04-19 23:14:20 [INFO] System started. SIMULATION_MODE=True
2026-04-19 23:14:20 [INFO] AZ Motor initialized. SIM: True
2026-04-19 23:14:20 [INFO] EL Motor initialized. SIM: True
2026-04-19 23:14:26 [INFO] Zero calibration done. Offsets AZ:0.00, EL:0.00
2026-04-19 23:14:26 [INFO] POS -> AZ: 0.00, EL: 0.00, KEY: -, TARGET: 250.00/70.00, TRACK: True, FAULT_AZ: , FAULT_EL: 
2026-04-19 23:14:27 [INFO] POS -> AZ: 95.20, EL: 53.30, KEY: -, TARGET: 250.00/70.00, TRACK: True, FAULT_AZ: , FAULT_EL: 
2026-04-19 23:14:28 [INFO] POS -> AZ: 201.10, EL: 70.00, KEY: -, TARGET: 250.00/70.00, TRACK: True, FAULT_AZ: , FAULT_EL: 
2026-04-19 23:14:30 [INFO] POS -> AZ: 239.80, EL: 70.00, KEY: -, TARGET: 250.00/70.00, TRACK: True, FAULT_AZ: , FAULT_EL: 
2026-04-19 23:14:31 [INFO] POS -> AZ: 246.60, EL: 70.00, KEY: -, TARGET: 250.00/70.00, TRACK: True, FAULT_AZ: , FAULT_EL: 
2026-04-19 23:14:32 [INFO] POS -> AZ: 249.30, EL: 70.00, KEY: -, TARGET: 250.00/70.00, TRACK: True, FAULT_AZ: , FAULT_EL: 
2026-04-19 23:14:33 [INFO] POS -> AZ: 250.00, EL: 70.00, KEY: -, TARGET: 250.00/70.00, TRACK: True, FAULT_AZ: , FAULT_EL: 
2026-04-19 23:14:34 [INFO] POS -> AZ: 250.00, EL: 70.00, KEY: -, TARGET: 250.00/70.00, TRACK: True, FAULT_AZ: , FAULT_EL: 
2026-04-19 23:14:35 [INFO] POS -> AZ: 250.00, EL: 70.00, KEY: -, TARGET: 250.00/70.00, TRACK: True, FAULT_AZ: , FAULT_EL: 
2026-04-19 23:14:36 [INFO] POS -> AZ: 250.00, EL: 70.00, KEY: -, TARGET: 250.00/70.00, TRACK: True, FAULT_AZ: , FAULT_EL: 
2026-04-19 23:16:27 [INFO] System started. SIMULATION_MODE=True
2026-04-19 23:16:27 [INFO] AZ Motor initialized. SIM: True
2026-04-19 23:16:27 [INFO] EL Motor initialized. SIM: True
2026-04-19 23:16:33 [INFO] Zero calibration done. Offsets AZ:0.00, EL:0.00
2026-04-19 23:16:33 [INFO] POS -> AZ: 0.00, EL: 0.00, KEY: -, TARGET: 250.00/70.00, TRACK: True, AZ_ERR: 250.000, EL_ERR: 70.000, AZ_PID: 2250.005, EL_PID: 560.001, EL_FF: 0.000, FAULT_AZ: , FAULT_EL: 
2026-04-19 23:16:34 [INFO] POS -> AZ: 98.10, EL: 52.70, KEY: -, TARGET: 250.00/70.00, TRACK: True, AZ_ERR: 151.900, EL_ERR: 17.300, AZ_PID: 1240.179, EL_PID: 105.235, EL_FF: 70.267, FAULT_AZ: , FAULT_EL: 
2026-04-19 23:16:35 [INFO] POS -> AZ: 202.00, EL: 70.00, KEY: -, TARGET: 250.00/70.00, TRACK: True, AZ_ERR: 48.000, EL_ERR: 0.000, AZ_PID: 356.939, EL_PID: 0.000, EL_FF: 0.000, FAULT_AZ: , FAULT_EL: 
2026-04-19 23:16:36 [INFO] POS -> AZ: 240.30, EL: 70.00, KEY: -, TARGET: 250.00/70.00, TRACK: True, AZ_ERR: 9.700, EL_ERR: 0.000, AZ_PID: 36.211, EL_PID: 0.000, EL_FF: 0.000, FAULT_AZ: , FAULT_EL: 
2026-04-19 23:16:37 [INFO] POS -> AZ: 246.60, EL: 70.00, KEY: -, TARGET: 250.00/70.00, TRACK: True, AZ_ERR: 3.400, EL_ERR: 0.000, AZ_PID: 29.200, EL_PID: 0.000, EL_FF: 0.000, FAULT_AZ: , FAULT_EL: 
2026-04-19 23:16:38 [INFO] POS -> AZ: 249.50, EL: 70.00, KEY: -, TARGET: 250.00/70.00, TRACK: True, AZ_ERR: 0.500, EL_ERR: 0.000, AZ_PID: 2.000, EL_PID: 0.000, EL_FF: 0.000, FAULT_AZ: , FAULT_EL: 
2026-04-19 23:16:39 [INFO] POS -> AZ: 250.00, EL: 70.00, KEY: -, TARGET: 250.00/70.00, TRACK: True, AZ_ERR: 0.000, EL_ERR: 0.000, AZ_PID: 0.000, EL_PID: 0.000, EL_FF: 0.000, FAULT_AZ: , FAULT_EL: 
2026-04-19 23:16:40 [INFO] POS -> AZ: 250.00, EL: 70.00, KEY: -, TARGET: 250.00/70.00, TRACK: True, AZ_ERR: 0.000, EL_ERR: 0.000, AZ_PID: 0.000, EL_PID: 0.000, EL_FF: 0.000, FAULT_AZ: , FAULT_EL: 
2026-04-19 23:16:41 [INFO] POS -> AZ: 250.00, EL: 70.00, KEY: -, TARGET: 250.00/70.00, TRACK: True, AZ_ERR: 0.000, EL_ERR: 0.000, AZ_PID: 0.000, EL_PID: 0.000, EL_FF: 0.000, FAULT_AZ: , FAULT_EL: 
2026-04-19 23:16:42 [INFO] POS -> AZ: 250.00, EL: 70.00, KEY: -, TARGET: 250.00/70.00, TRACK: True, AZ_ERR: 0.000, EL_ERR: 0.000, AZ_PID: 0.000, EL_PID: 0.000, EL_FF: 0.000, FAULT_AZ: , FAULT_EL: 
2026-04-19 23:16:44 [INFO] POS -> AZ: 250.00, EL: 70.00, KEY: -, TARGET: 250.00/70.00, TRACK: True, AZ_ERR: 0.000, EL_ERR: 0.000, AZ_PID: 0.000, EL_PID: 0.000, EL_FF: 0.000, FAULT_AZ: , FAULT_EL: 
2026-04-19 23:16:45 [INFO] POS -> AZ: 250.00, EL: 70.00, KEY: -, TARGET: 250.00/70.00, TRACK: True, AZ_ERR: 0.000, EL_ERR: 0.000, AZ_PID: 0.000, EL_PID: 0.000, EL_FF: 0.000, FAULT_AZ: , FAULT_EL: 
2026-04-19 23:16:46 [INFO] POS -> AZ: 250.00, EL: 70.00, KEY: -, TARGET: 250.00/70.00, TRACK: True, AZ_ERR: 0.000, EL_ERR: 0.000, AZ_PID: 0.000, EL_PID: 0.000, EL_FF: 0.000, FAULT_AZ: , FAULT_EL: 
2026-04-19 23:16:47 [INFO] POS -> AZ: 250.00, EL: 70.00, KEY: -, TARGET: 250.00/70.00, TRACK: True, AZ_ERR: 0.000, EL_ERR: 0.000, AZ_PID: 0.000, EL_PID: 0.000, EL_FF: 0.000, FAULT_AZ: , FAULT_EL: 
2026-04-19 23:16:48 [INFO] POS -> AZ: 250.00, EL: 70.00, KEY: -, TARGET: 250.00/70.00, TRACK: True, AZ_ERR: 0.000, EL_ERR: 0.000, AZ_PID: 0.000, EL_PID: 0.000, EL_FF: 0.000, FAULT_AZ: , FAULT_EL: 
2026-04-19 23:18:29 [INFO] System started. SIMULATION_MODE=True
2026-04-19 23:18:29 [INFO] AZ Motor initialized. SIM: True
2026-04-19 23:18:29 [INFO] EL Motor initialized. SIM: True
2026-04-19 23:18:35 [INFO] Zero calibration done. Offsets AZ:0.00, EL:0.00
2026-04-19 23:18:35 [INFO] POS -> AZ: 0.00, EL: 0.00, KEY: -, TARGET: 250.00/70.00, TRACK: True, AZ_ERR: 250.000, EL_ERR: 70.000, AZ_PID: 2250.005, EL_PID: 560.001, EL_FF: 0.000, FAULT_AZ: , FAULT_EL: 
2026-04-19 23:18:36 [INFO] POS -> AZ: 101.70, EL: 53.80, KEY: -, TARGET: 250.00/70.00, TRACK: True, AZ_ERR: 148.300, EL_ERR: 16.200, AZ_PID: 1199.677, EL_PID: 98.608, EL_FF: 71.733, FAULT_AZ: , FAULT_EL: 
2026-04-19 23:18:37 [INFO] POS -> AZ: 204.10, EL: 69.80, KEY: -, TARGET: 250.00/70.00, TRACK: True, AZ_ERR: 45.900, EL_ERR: 0.200, AZ_PID: 339.297, EL_PID: 0.600, EL_FF: 93.067, FAULT_AZ: , FAULT_EL: 
2026-04-19 23:18:39 [INFO] POS -> AZ: 240.30, EL: 70.00, KEY: -, TARGET: 250.00/70.00, TRACK: True, AZ_ERR: 9.700, EL_ERR: 0.000, AZ_PID: 62.842, EL_PID: 0.000, EL_FF: 0.000, FAULT_AZ: , FAULT_EL: 
2026-04-19 23:18:40 [INFO] POS -> AZ: 247.50, EL: 70.00, KEY: -, TARGET: 250.00/70.00, TRACK: True, AZ_ERR: 2.500, EL_ERR: 0.000, AZ_PID: 16.200, EL_PID: 0.000, EL_FF: 0.000, FAULT_AZ: , FAULT_EL: 
2026-04-19 23:18:41 [INFO] POS -> AZ: 249.50, EL: 70.00, KEY: -, TARGET: 250.00/70.00, TRACK: True, AZ_ERR: 0.500, EL_ERR: 0.000, AZ_PID: 2.000, EL_PID: 0.000, EL_FF: 0.000, FAULT_AZ: , FAULT_EL: 
2026-04-19 23:18:42 [INFO] POS -> AZ: 250.00, EL: 70.00, KEY: -, TARGET: 250.00/70.00, TRACK: True, AZ_ERR: 0.000, EL_ERR: 0.000, AZ_PID: 0.000, EL_PID: 0.000, EL_FF: 0.000, FAULT_AZ: , FAULT_EL: 
2026-04-19 23:18:43 [INFO] POS -> AZ: 250.00, EL: 70.00, KEY: -, TARGET: 250.00/70.00, TRACK: True, AZ_ERR: 0.000, EL_ERR: 0.000, AZ_PID: 0.000, EL_PID: 0.000, EL_FF: 0.000, FAULT_AZ: , FAULT_EL: 
2026-04-19 23:36:18 [INFO] AZ Motor initialized. SIM: True
2026-04-19 23:36:18 [INFO] EL Motor initialized. SIM: True
2026-04-19 23:36:18 [INFO] rotctl server listening on 0.0.0.0:4533
2026-04-19 23:36:18 [INFO] MONITOR az=250.000 el=70.000 AZ_ERR=0.000 EL_ERR=0.000 AZ_PID=0.000 EL_PID=0.000 EL_FF=0.000
2026-04-19 23:36:18 [INFO] client connected from 127.0.0.1:56047
2026-04-19 23:36:18 [INFO] client disconnected 127.0.0.1:56047
2026-04-19 23:36:18 [INFO] client connected from 127.0.0.1:56048
2026-04-19 23:36:18 [INFO] RX 127.0.0.1:56048 -> P 250 70
2026-04-19 23:36:18 [INFO] HAMLIB TARGET -> AZ=250.000 EL=70.000
2026-04-19 23:36:18 [INFO] TX RPRT 0 | TARGET az=250.000 el=70.000 | ACTUAL az=250.000 el=70.000 | AZ_ERR=0.000 EL_ERR=0.000 AZ_PID=0.000 EL_PID=0.000 EL_FF=0.000
2026-04-19 23:36:19 [INFO] RX 127.0.0.1:56048 -> p
2026-04-19 23:36:19 [INFO] TX 127.0.0.1:56048 <- az=250.000 el=70.000 | faults az='' el=''
2026-04-19 23:36:19 [INFO] RX 127.0.0.1:56048 -> S
2026-04-19 23:36:19 [INFO] HAMLIB STOP -> hold current position
2026-04-19 23:36:19 [INFO] TX RPRT 0 | stop
2026-04-19 23:36:19 [INFO] RX 127.0.0.1:56048 -> Q
2026-04-19 23:43:58 [INFO] AZ Motor initialized. SIM: True
2026-04-19 23:43:58 [INFO] EL Motor initialized. SIM: True
2026-04-19 23:43:58 [INFO] rotctl server listening on 0.0.0.0:4533
2026-04-19 23:43:58 [INFO] MONITOR az=250.000 el=70.000 AZ_ERR=0.000 EL_ERR=0.000 AZ_PID=0.000 EL_PID=0.000 EL_FF=0.000
2026-04-19 23:43:58 [INFO] client connected from 127.0.0.1:56265
2026-04-19 23:43:58 [INFO] client disconnected 127.0.0.1:56265
2026-04-19 23:43:58 [INFO] client connected from 127.0.0.1:56266
2026-04-19 23:43:58 [INFO] RX 127.0.0.1:56266 -> P 250 70
2026-04-19 23:43:58 [INFO] HAMLIB TARGET -> AZ=250.000 EL=70.000
2026-04-19 23:43:58 [INFO] TX RPRT 0 | TARGET az=250.000 el=70.000 | ACTUAL az=250.000 el=70.000 | AZ_ERR=0.000 EL_ERR=0.000 AZ_PID=0.000 EL_PID=0.000 EL_FF=0.000
2026-04-19 23:43:59 [INFO] RX 127.0.0.1:56266 -> p
2026-04-19 23:43:59 [INFO] TX 127.0.0.1:56266 <- az=250.000 el=70.000 | faults az='' el=''
2026-04-19 23:43:59 [INFO] RX 127.0.0.1:56266 -> S
2026-04-19 23:43:59 [INFO] HAMLIB STOP -> hold current position
2026-04-19 23:43:59 [INFO] TX RPRT 0 | stop
2026-04-19 23:43:59 [INFO] RX 127.0.0.1:56266 -> Q
2026-04-19 23:44:51 [ERROR] RPi.GPIO not found. Switching to Simulation Mode.
2026-04-19 23:44:51 [INFO] AZ Motor initialized. SIM: True
2026-04-19 23:44:51 [INFO] EL Motor initialized. SIM: True
2026-04-19 23:44:57 [INFO] Zero calibration done. Offsets AZ:0.00, EL:0.00
2026-04-19 23:44:57 [INFO] rotctl server listening on 0.0.0.0:4533
2026-04-19 23:44:57 [INFO] MONITOR az=0.000 el=0.000 AZ_ERR=0.000 EL_ERR=0.000 AZ_PID=0.000 EL_PID=0.000 EL_FF=0.000
2026-04-19 23:44:58 [INFO] MONITOR az=0.000 el=0.000 AZ_ERR=0.000 EL_ERR=0.000 AZ_PID=0.000 EL_PID=0.000 EL_FF=0.000
2026-04-19 23:44:59 [INFO] MONITOR az=0.000 el=0.000 AZ_ERR=0.000 EL_ERR=0.000 AZ_PID=0.000 EL_PID=0.000 EL_FF=0.000
2026-04-19 23:45:00 [INFO] MONITOR az=0.000 el=0.000 AZ_ERR=0.000 EL_ERR=0.000 AZ_PID=0.000 EL_PID=0.000 EL_FF=0.000
2026-04-19 23:45:01 [INFO] MONITOR az=0.000 el=0.000 AZ_ERR=0.000 EL_ERR=0.000 AZ_PID=0.000 EL_PID=0.000 EL_FF=0.000
2026-04-19 23:45:02 [INFO] MONITOR az=0.000 el=0.000 AZ_ERR=0.000 EL_ERR=0.000 AZ_PID=0.000 EL_PID=0.000 EL_FF=0.000
2026-04-19 23:45:03 [INFO] MONITOR az=0.000 el=0.000 AZ_ERR=0.000 EL_ERR=0.000 AZ_PID=0.000 EL_PID=0.000 EL_FF=0.000
2026-04-19 23:45:04 [INFO] MONITOR az=0.000 el=0.000 AZ_ERR=0.000 EL_ERR=0.000 AZ_PID=0.000 EL_PID=0.000 EL_FF=0.000
2026-04-19 23:45:05 [INFO] MONITOR az=0.000 el=0.000 AZ_ERR=0.000 EL_ERR=0.000 AZ_PID=0.000 EL_PID=0.000 EL_FF=0.000
2026-04-19 23:45:06 [INFO] MONITOR az=0.000 el=0.000 AZ_ERR=0.000 EL_ERR=0.000 AZ_PID=0.000 EL_PID=0.000 EL_FF=0.000
2026-04-19 23:45:07 [INFO] MONITOR az=0.000 el=0.000 AZ_ERR=0.000 EL_ERR=0.000 AZ_PID=0.000 EL_PID=0.000 EL_FF=0.000
2026-04-19 23:46:49 [INFO] AZ Motor initialized. SIM: True
2026-04-19 23:46:49 [INFO] EL Motor initialized. SIM: True
2026-04-19 23:46:49 [INFO] rotctl server listening on 0.0.0.0:4533
2026-04-19 23:46:49 [INFO] MONITOR az=0.000 el=0.000 AZ_ERR=0.000 EL_ERR=0.000 AZ_PID=0.000 EL_PID=0.000 EL_FF=0.000
2026-04-19 23:46:49 [INFO] client connected from 127.0.0.1:56390
2026-04-19 23:46:49 [INFO] client disconnected 127.0.0.1:56390
2026-04-19 23:46:49 [INFO] client connected from 127.0.0.1:56391
2026-04-19 23:46:49 [INFO] RX 127.0.0.1:56391 -> P 250.000 70.000
2026-04-19 23:46:49 [INFO] HAMLIB TARGET -> AZ=250.000 EL=70.000
2026-04-19 23:46:49 [INFO] TX RPRT 0 | TARGET az=250.000 el=70.000 | ACTUAL az=0.000 el=0.000 | AZ_ERR=0.000 EL_ERR=0.000 AZ_PID=0.000 EL_PID=0.000 EL_FF=0.000
2026-04-19 23:46:49 [INFO] RX 127.0.0.1:56391 -> p
2026-04-19 23:46:49 [INFO] TX 127.0.0.1:56391 <- az=20.700 el=16.900 | faults az='' el=''
2026-04-19 23:46:50 [INFO] MONITOR az=82.100 el=47.300 AZ_ERR=169.200 EL_ERR=23.200 AZ_PID=1382.229 EL_PID=141.614 EL_FF=62.400
2026-04-19 23:46:50 [INFO] RX 127.0.0.1:56391 -> p
2026-04-19 23:46:50 [INFO] TX 127.0.0.1:56391 <- az=97.000 el=52.400 | faults az='' el=''
2026-04-19 23:46:50 [INFO] RX 127.0.0.1:56391 -> R
2026-04-19 23:46:50 [INFO] TX RPRT 0 | reset fault
2026-04-19 23:46:50 [INFO] RX 127.0.0.1:56391 -> S
2026-04-19 23:46:50 [INFO] HAMLIB STOP -> hold current position
2026-04-19 23:46:50 [INFO] TX RPRT 0 | stop
2026-04-19 23:46:50 [INFO] RX 127.0.0.1:56391 -> Q
2026-04-19 23:51:17 [INFO] AZ Motor initialized. SIM: True
2026-04-19 23:51:17 [INFO] EL Motor initialized. SIM: True
2026-04-19 23:51:17 [INFO] rotctl server listening on 0.0.0.0:4533
2026-04-19 23:51:17 [INFO] MONITOR az=75.200 el=44.800 AZ_ERR=0.000 EL_ERR=0.000 AZ_PID=0.000 EL_PID=0.000 EL_FF=0.000
2026-04-19 23:51:18 [INFO] MONITOR az=75.200 el=44.800 AZ_ERR=0.000 EL_ERR=0.000 AZ_PID=0.000 EL_PID=0.000 EL_FF=0.000
2026-04-19 23:51:19 [INFO] MONITOR az=75.200 el=44.800 AZ_ERR=0.000 EL_ERR=0.000 AZ_PID=0.000 EL_PID=0.000 EL_FF=0.000
2026-04-19 23:51:20 [INFO] MONITOR az=75.200 el=44.800 AZ_ERR=0.000 EL_ERR=0.000 AZ_PID=0.000 EL_PID=0.000 EL_FF=0.000
2026-04-19 23:51:21 [INFO] MONITOR az=75.200 el=44.800 AZ_ERR=0.000 EL_ERR=0.000 AZ_PID=0.000 EL_PID=0.000 EL_FF=0.000
2026-04-19 23:51:22 [INFO] MONITOR az=75.200 el=44.800 AZ_ERR=0.000 EL_ERR=0.000 AZ_PID=0.000 EL_PID=0.000 EL_FF=0.000
2026-04-19 23:51:23 [INFO] MONITOR az=75.200 el=44.800 AZ_ERR=0.000 EL_ERR=0.000 AZ_PID=0.000 EL_PID=0.000 EL_FF=0.000
2026-04-19 23:51:24 [INFO] MONITOR az=75.200 el=44.800 AZ_ERR=0.000 EL_ERR=0.000 AZ_PID=0.000 EL_PID=0.000 EL_FF=0.000
2026-04-19 23:51:25 [INFO] MONITOR az=75.200 el=44.800 AZ_ERR=0.000 EL_ERR=0.000 AZ_PID=0.000 EL_PID=0.000 EL_FF=0.000
2026-04-19 23:51:26 [INFO] MONITOR az=75.200 el=44.800 AZ_ERR=0.000 EL_ERR=0.000 AZ_PID=0.000 EL_PID=0.000 EL_FF=0.000
2026-04-19 23:51:27 [INFO] MONITOR az=75.200 el=44.800 AZ_ERR=0.000 EL_ERR=0.000 AZ_PID=0.000 EL_PID=0.000 EL_FF=0.000
2026-04-19 23:51:28 [INFO] MONITOR az=75.200 el=44.800 AZ_ERR=0.000 EL_ERR=0.000 AZ_PID=0.000 EL_PID=0.000 EL_FF=0.000
2026-04-19 23:51:29 [INFO] MONITOR az=75.200 el=44.800 AZ_ERR=0.000 EL_ERR=0.000 AZ_PID=0.000 EL_PID=0.000 EL_FF=0.000
2026-04-19 23:51:30 [INFO] MONITOR az=75.200 el=44.800 AZ_ERR=0.000 EL_ERR=0.000 AZ_PID=0.000 EL_PID=0.000 EL_FF=0.000
2026-04-19 23:51:31 [INFO] MONITOR az=75.200 el=44.800 AZ_ERR=0.000 EL_ERR=0.000 AZ_PID=0.000 EL_PID=0.000 EL_FF=0.000
2026-04-19 23:51:32 [INFO] MONITOR az=75.200 el=44.800 AZ_ERR=0.000 EL_ERR=0.000 AZ_PID=0.000 EL_PID=0.000 EL_FF=0.000
2026-04-19 23:51:33 [INFO] MONITOR az=75.200 el=44.800 AZ_ERR=0.000 EL_ERR=0.000 AZ_PID=0.000 EL_PID=0.000 EL_FF=0.000
2026-04-19 23:51:34 [INFO] MONITOR az=75.200 el=44.800 AZ_ERR=0.000 EL_ERR=0.000 AZ_PID=0.000 EL_PID=0.000 EL_FF=0.000
2026-04-19 23:51:35 [INFO] MONITOR az=75.200 el=44.800 AZ_ERR=0.000 EL_ERR=0.000 AZ_PID=0.000 EL_PID=0.000 EL_FF=0.000
2026-04-19 23:51:36 [INFO] MONITOR az=75.200 el=44.800 AZ_ERR=0.000 EL_ERR=0.000 AZ_PID=0.000 EL_PID=0.000 EL_FF=0.000
2026-04-19 23:51:37 [INFO] MONITOR az=75.200 el=44.800 AZ_ERR=0.000 EL_ERR=0.000 AZ_PID=0.000 EL_PID=0.000 EL_FF=0.000
2026-04-19 23:51:38 [INFO] MONITOR az=75.200 el=44.800 AZ_ERR=0.000 EL_ERR=0.000 AZ_PID=0.000 EL_PID=0.000 EL_FF=0.000
2026-04-19 23:51:39 [INFO] MONITOR az=75.200 el=44.800 AZ_ERR=0.000 EL_ERR=0.000 AZ_PID=0.000 EL_PID=0.000 EL_FF=0.000
2026-04-19 23:51:40 [INFO] MONITOR az=75.200 el=44.800 AZ_ERR=0.000 EL_ERR=0.000 AZ_PID=0.000 EL_PID=0.000 EL_FF=0.000
2026-04-19 23:51:41 [INFO] MONITOR az=75.200 el=44.800 AZ_ERR=0.000 EL_ERR=0.000 AZ_PID=0.000 EL_PID=0.000 EL_FF=0.000
2026-04-19 23:51:42 [INFO] MONITOR az=75.200 el=44.800 AZ_ERR=0.000 EL_ERR=0.000 AZ_PID=0.000 EL_PID=0.000 EL_FF=0.000
2026-04-19 23:51:43 [INFO] MONITOR az=75.200 el=44.800 AZ_ERR=0.000 EL_ERR=0.000 AZ_PID=0.000 EL_PID=0.000 EL_FF=0.000
2026-04-19 23:51:44 [INFO] MONITOR az=75.200 el=44.800 AZ_ERR=0.000 EL_ERR=0.000 AZ_PID=0.000 EL_PID=0.000 EL_FF=0.000
2026-04-19 23:51:45 [INFO] MONITOR az=75.200 el=44.800 AZ_ERR=0.000 EL_ERR=0.000 AZ_PID=0.000 EL_PID=0.000 EL_FF=0.000
2026-04-19 23:51:46 [INFO] MONITOR az=75.200 el=44.800 AZ_ERR=0.000 EL_ERR=0.000 AZ_PID=0.000 EL_PID=0.000 EL_FF=0.000
2026-04-19 23:51:47 [INFO] MONITOR az=75.200 el=44.800 AZ_ERR=0.000 EL_ERR=0.000 AZ_PID=0.000 EL_PID=0.000 EL_FF=0.000
2026-04-19 23:51:48 [INFO] MONITOR az=75.200 el=44.800 AZ_ERR=0.000 EL_ERR=0.000 AZ_PID=0.000 EL_PID=0.000 EL_FF=0.000
2026-04-19 23:51:49 [INFO] MONITOR az=75.200 el=44.800 AZ_ERR=0.000 EL_ERR=0.000 AZ_PID=0.000 EL_PID=0.000 EL_FF=0.000
2026-04-19 23:51:50 [INFO] MONITOR az=75.200 el=44.800 AZ_ERR=0.000 EL_ERR=0.000 AZ_PID=0.000 EL_PID=0.000 EL_FF=0.000
2026-04-19 23:51:51 [INFO] MONITOR az=75.200 el=44.800 AZ_ERR=0.000 EL_ERR=0.000 AZ_PID=0.000 EL_PID=0.000 EL_FF=0.000
2026-04-19 23:51:52 [INFO] MONITOR az=75.200 el=44.800 AZ_ERR=0.000 EL_ERR=0.000 AZ_PID=0.000 EL_PID=0.000 EL_FF=0.000
2026-04-19 23:51:52 [INFO] client connected from 127.0.0.1:56516
2026-04-19 23:51:52 [INFO] client disconnected 127.0.0.1:56516
2026-04-19 23:51:52 [INFO] client connected from 127.0.0.1:56517
2026-04-19 23:51:52 [INFO] RX 127.0.0.1:56517 -> P 250.000 70.000
2026-04-19 23:51:52 [INFO] HAMLIB TARGET -> AZ=250.000 EL=70.000
2026-04-19 23:51:52 [INFO] TX RPRT 0 | TARGET az=250.000 el=70.000 | ACTUAL az=75.200 el=44.800 | AZ_ERR=0.000 EL_ERR=0.000 AZ_PID=0.000 EL_PID=0.000 EL_FF=0.000
2026-04-19 23:51:53 [INFO] MONITOR az=130.500 el=63.000 AZ_ERR=121.100 EL_ERR=7.200 AZ_PID=961.518 EL_PID=15.308 EL_FF=83.733
2026-04-19 23:51:53 [INFO] RX 127.0.0.1:56517 -> p
2026-04-19 23:51:53 [INFO] TX 127.0.0.1:56517 <- az=169.900 el=67.700 | faults az='' el=''
2026-04-19 23:51:54 [INFO] MONITOR az=216.400 el=70.000 AZ_ERR=33.800 EL_ERR=0.000 AZ_PID=252.735 EL_PID=0.000 EL_FF=0.000
2026-04-19 23:51:54 [INFO] RX 127.0.0.1:56517 -> p
2026-04-19 23:51:54 [INFO] TX 127.0.0.1:56517 <- az=219.100 el=70.000 | faults az='' el=''
2026-04-19 23:51:55 [INFO] RX 127.0.0.1:56517 -> p
2026-04-19 23:51:55 [INFO] TX 127.0.0.1:56517 <- az=239.400 el=70.000 | faults az='' el=''
2026-04-19 23:51:55 [INFO] RX 127.0.0.1:56517 -> R
2026-04-19 23:51:55 [INFO] TX RPRT 0 | reset fault
2026-04-19 23:51:55 [INFO] RX 127.0.0.1:56517 -> S
2026-04-19 23:51:55 [INFO] HAMLIB STOP -> hold current position
2026-04-19 23:51:55 [INFO] TX RPRT 0 | stop
2026-04-19 23:51:55 [INFO] RX 127.0.0.1:56517 -> Q
2026-04-19 23:51:55 [INFO] MONITOR az=239.600 el=70.000 AZ_ERR=0.000 EL_ERR=0.000 AZ_PID=0.000 EL_PID=0.000 EL_FF=0.000
2026-04-19 23:51:56 [INFO] MONITOR az=239.600 el=70.000 AZ_ERR=0.000 EL_ERR=0.000 AZ_PID=0.000 EL_PID=0.000 EL_FF=0.000
2026-04-19 23:51:57 [INFO] MONITOR az=239.600 el=70.000 AZ_ERR=0.000 EL_ERR=0.000 AZ_PID=0.000 EL_PID=0.000 EL_FF=0.000
2026-04-19 23:51:58 [INFO] MONITOR az=239.600 el=70.000 AZ_ERR=0.000 EL_ERR=0.000 AZ_PID=0.000 EL_PID=0.000 EL_FF=0.000
2026-04-19 23:51:59 [INFO] MONITOR az=239.600 el=70.000 AZ_ERR=0.000 EL_ERR=0.000 AZ_PID=0.000 EL_PID=0.000 EL_FF=0.000
2026-04-19 23:52:00 [INFO] MONITOR az=239.600 el=70.000 AZ_ERR=0.000 EL_ERR=0.000 AZ_PID=0.000 EL_PID=0.000 EL_FF=0.000
2026-04-19 23:52:01 [INFO] MONITOR az=239.600 el=70.000 AZ_ERR=0.000 EL_ERR=0.000 AZ_PID=0.000 EL_PID=0.000 EL_FF=0.000
2026-04-19 23:52:02 [INFO] MONITOR az=239.600 el=70.000 AZ_ERR=0.000 EL_ERR=0.000 AZ_PID=0.000 EL_PID=0.000 EL_FF=0.000
2026-04-19 23:52:03 [INFO] MONITOR az=239.600 el=70.000 AZ_ERR=0.000 EL_ERR=0.000 AZ_PID=0.000 EL_PID=0.000 EL_FF=0.000
2026-04-19 23:52:04 [INFO] MONITOR az=239.600 el=70.000 AZ_ERR=0.000 EL_ERR=0.000 AZ_PID=0.000 EL_PID=0.000 EL_FF=0.000
2026-04-19 23:52:05 [INFO] MONITOR az=239.600 el=70.000 AZ_ERR=0.000 EL_ERR=0.000 AZ_PID=0.000 EL_PID=0.000 EL_FF=0.000
2026-04-19 23:52:06 [INFO] MONITOR az=239.600 el=70.000 AZ_ERR=0.000 EL_ERR=0.000 AZ_PID=0.000 EL_PID=0.000 EL_FF=0.000
2026-04-19 23:52:07 [INFO] MONITOR az=239.600 el=70.000 AZ_ERR=0.000 EL_ERR=0.000 AZ_PID=0.000 EL_PID=0.000 EL_FF=0.000
2026-04-19 23:52:08 [INFO] MONITOR az=239.600 el=70.000 AZ_ERR=0.000 EL_ERR=0.000 AZ_PID=0.000 EL_PID=0.000 EL_FF=0.000
2026-04-19 23:52:09 [INFO] MONITOR az=239.600 el=70.000 AZ_ERR=0.000 EL_ERR=0.000 AZ_PID=0.000 EL_PID=0.000 EL_FF=0.000
2026-04-19 23:52:10 [INFO] MONITOR az=239.600 el=70.000 AZ_ERR=0.000 EL_ERR=0.000 AZ_PID=0.000 EL_PID=0.000 EL_FF=0.000
2026-04-19 23:52:11 [INFO] MONITOR az=239.600 el=70.000 AZ_ERR=0.000 EL_ERR=0.000 AZ_PID=0.000 EL_PID=0.000 EL_FF=0.000
2026-04-19 23:52:12 [INFO] MONITOR az=239.600 el=70.000 AZ_ERR=0.000 EL_ERR=0.000 AZ_PID=0.000 EL_PID=0.000 EL_FF=0.000
2026-04-19 23:52:13 [INFO] MONITOR az=239.600 el=70.000 AZ_ERR=0.000 EL_ERR=0.000 AZ_PID=0.000 EL_PID=0.000 EL_FF=0.000
2026-04-19 23:52:14 [INFO] MONITOR az=239.600 el=70.000 AZ_ERR=0.000 EL_ERR=0.000 AZ_PID=0.000 EL_PID=0.000 EL_FF=0.000
2026-04-19 23:52:15 [INFO] MONITOR az=239.600 el=70.000 AZ_ERR=0.000 EL_ERR=0.000 AZ_PID=0.000 EL_PID=0.000 EL_FF=0.000
2026-04-19 23:52:16 [INFO] MONITOR az=239.600 el=70.000 AZ_ERR=0.000 EL_ERR=0.000 AZ_PID=0.000 EL_PID=0.000 EL_FF=0.000
2026-04-19 23:52:17 [INFO] MONITOR az=239.600 el=70.000 AZ_ERR=0.000 EL_ERR=0.000 AZ_PID=0.000 EL_PID=0.000 EL_FF=0.000
2026-04-19 23:52:18 [INFO] MONITOR az=239.600 el=70.000 AZ_ERR=0.000 EL_ERR=0.000 AZ_PID=0.000 EL_PID=0.000 EL_FF=0.000
2026-04-19 23:52:19 [INFO] MONITOR az=239.600 el=70.000 AZ_ERR=0.000 EL_ERR=0.000 AZ_PID=0.000 EL_PID=0.000 EL_FF=0.000
2026-04-19 23:52:20 [INFO] MONITOR az=239.600 el=70.000 AZ_ERR=0.000 EL_ERR=0.000 AZ_PID=0.000 EL_PID=0.000 EL_FF=0.000
2026-04-20 00:30:00 [INFO] AZ Motor initialized. SIM: True
2026-04-20 00:30:00 [INFO] EL Motor initialized. SIM: True
2026-04-20 00:30:00 [INFO] rotctl server listening on 0.0.0.0:4533
2026-04-20 00:30:00 [INFO] MONITOR az=239.600 el=70.000 AZ_ERR=0.000 EL_ERR=0.000 AZ_PID=0.000 EL_PID=0.000 EL_FF=0.000
2026-04-20 00:30:01 [INFO] MONITOR az=239.600 el=70.000 AZ_ERR=0.000 EL_ERR=0.000 AZ_PID=0.000 EL_PID=0.000 EL_FF=0.000
2026-04-20 00:30:02 [INFO] MONITOR az=239.600 el=70.000 AZ_ERR=0.000 EL_ERR=0.000 AZ_PID=0.000 EL_PID=0.000 EL_FF=0.000
2026-04-20 00:30:03 [INFO] MONITOR az=239.600 el=70.000 AZ_ERR=0.000 EL_ERR=0.000 AZ_PID=0.000 EL_PID=0.000 EL_FF=0.000
2026-04-20 00:30:04 [INFO] MONITOR az=239.600 el=70.000 AZ_ERR=0.000 EL_ERR=0.000 AZ_PID=0.000 EL_PID=0.000 EL_FF=0.000
2026-04-20 00:30:05 [INFO] MONITOR az=239.600 el=70.000 AZ_ERR=0.000 EL_ERR=0.000 AZ_PID=0.000 EL_PID=0.000 EL_FF=0.000
2026-04-20 00:30:06 [INFO] MONITOR az=239.600 el=70.000 AZ_ERR=0.000 EL_ERR=0.000 AZ_PID=0.000 EL_PID=0.000 EL_FF=0.000
2026-04-20 00:30:07 [INFO] MONITOR az=239.600 el=70.000 AZ_ERR=0.000 EL_ERR=0.000 AZ_PID=0.000 EL_PID=0.000 EL_FF=0.000
2026-04-20 00:30:08 [INFO] MONITOR az=239.600 el=70.000 AZ_ERR=0.000 EL_ERR=0.000 AZ_PID=0.000 EL_PID=0.000 EL_FF=0.000
2026-04-20 00:30:09 [INFO] MONITOR az=239.600 el=70.000 AZ_ERR=0.000 EL_ERR=0.000 AZ_PID=0.000 EL_PID=0.000 EL_FF=0.000
2026-04-20 00:30:10 [INFO] client connected from 127.0.0.1:57189
2026-04-20 00:30:10 [INFO] client disconnected 127.0.0.1:57189
2026-04-20 00:30:10 [INFO] client connected from 127.0.0.1:57190
2026-04-20 00:30:10 [INFO] RX 127.0.0.1:57190 -> P 250.000 70.000
2026-04-20 00:30:10 [INFO] HAMLIB TARGET -> AZ=250.000 EL=70.000
2026-04-20 00:30:10 [INFO] TX RPRT 0 | TARGET az=250.000 el=70.000 | ACTUAL az=239.600 el=70.000 | AZ_ERR=0.000 EL_ERR=0.000 AZ_PID=0.000 EL_PID=0.000 EL_FF=0.000
2026-04-20 00:30:10 [INFO] MONITOR az=244.800 el=70.000 AZ_ERR=5.200 EL_ERR=0.000 AZ_PID=24.461 EL_PID=0.000 EL_FF=0.000
2026-04-20 00:30:11 [INFO] RX 127.0.0.1:57190 -> p
2026-04-20 00:30:11 [INFO] TX 127.0.0.1:57190 <- az=246.800 el=70.000 | faults az='' el=''
2026-04-20 00:30:11 [INFO] MONITOR az=248.600 el=70.000 AZ_ERR=1.400 EL_ERR=0.000 AZ_PID=8.622 EL_PID=0.000 EL_FF=0.000
2026-04-20 00:30:11 [INFO] RX 127.0.0.1:57190 -> p
2026-04-20 00:30:11 [INFO] TX 127.0.0.1:57190 <- az=248.900 el=70.000 | faults az='' el=''
2026-04-20 00:30:12 [INFO] RX 127.0.0.1:57190 -> p
2026-04-20 00:30:12 [INFO] TX 127.0.0.1:57190 <- az=249.800 el=70.000 | faults az='' el=''
2026-04-20 00:30:12 [INFO] RX 127.0.0.1:57190 -> R
2026-04-20 00:30:12 [INFO] TX RPRT 0 | reset fault
2026-04-20 00:30:12 [INFO] RX 127.0.0.1:57190 -> S
2026-04-20 00:30:12 [INFO] HAMLIB STOP -> hold current position
2026-04-20 00:30:12 [INFO] TX RPRT 0 | stop
2026-04-20 00:30:12 [INFO] RX 127.0.0.1:57190 -> Q
2026-04-20 00:30:12 [INFO] MONITOR az=249.800 el=70.000 AZ_ERR=0.000 EL_ERR=0.000 AZ_PID=0.000 EL_PID=0.000 EL_FF=0.000
2026-04-20 00:30:13 [INFO] MONITOR az=249.800 el=70.000 AZ_ERR=0.000 EL_ERR=0.000 AZ_PID=0.000 EL_PID=0.000 EL_FF=0.000
2026-04-20 00:30:14 [INFO] MONITOR az=249.800 el=70.000 AZ_ERR=0.000 EL_ERR=0.000 AZ_PID=0.000 EL_PID=0.000 EL_FF=0.000
2026-04-20 00:30:15 [INFO] MONITOR az=249.800 el=70.000 AZ_ERR=0.000 EL_ERR=0.000 AZ_PID=0.000 EL_PID=0.000 EL_FF=0.000
2026-04-20 00:30:16 [INFO] MONITOR az=249.800 el=70.000 AZ_ERR=0.000 EL_ERR=0.000 AZ_PID=0.000 EL_PID=0.000 EL_FF=0.000
2026-04-20 00:30:17 [INFO] MONITOR az=249.800 el=70.000 AZ_ERR=0.000 EL_ERR=0.000 AZ_PID=0.000 EL_PID=0.000 EL_FF=0.000
2026-04-20 00:30:18 [INFO] MONITOR az=249.800 el=70.000 AZ_ERR=0.000 EL_ERR=0.000 AZ_PID=0.000 EL_PID=0.000 EL_FF=0.000
2026-04-20 00:30:19 [INFO] MONITOR az=249.800 el=70.000 AZ_ERR=0.000 EL_ERR=0.000 AZ_PID=0.000 EL_PID=0.000 EL_FF=0.000
2026-04-20 00:30:20 [INFO] MONITOR az=249.800 el=70.000 AZ_ERR=0.000 EL_ERR=0.000 AZ_PID=0.000 EL_PID=0.000 EL_FF=0.000
2026-04-20 00:30:21 [INFO] MONITOR az=249.800 el=70.000 AZ_ERR=0.000 EL_ERR=0.000 AZ_PID=0.000 EL_PID=0.000 EL_FF=0.000
2026-04-20 00:30:22 [INFO] MONITOR az=249.800 el=70.000 AZ_ERR=0.000 EL_ERR=0.000 AZ_PID=0.000 EL_PID=0.000 EL_FF=0.000
2026-04-20 00:30:23 [INFO] MONITOR az=249.800 el=70.000 AZ_ERR=0.000 EL_ERR=0.000 AZ_PID=0.000 EL_PID=0.000 EL_FF=0.000
2026-04-20 00:30:24 [INFO] MONITOR az=249.800 el=70.000 AZ_ERR=0.000 EL_ERR=0.000 AZ_PID=0.000 EL_PID=0.000 EL_FF=0.000
2026-04-20 00:30:25 [INFO] MONITOR az=249.800 el=70.000 AZ_ERR=0.000 EL_ERR=0.000 AZ_PID=0.000 EL_PID=0.000 EL_FF=0.000
2026-04-20 00:30:26 [INFO] MONITOR az=249.800 el=70.000 AZ_ERR=0.000 EL_ERR=0.000 AZ_PID=0.000 EL_PID=0.000 EL_FF=0.000
2026-04-20 00:30:27 [INFO] MONITOR az=249.800 el=70.000 AZ_ERR=0.000 EL_ERR=0.000 AZ_PID=0.000 EL_PID=0.000 EL_FF=0.000
2026-04-20 00:30:28 [INFO] MONITOR az=249.800 el=70.000 AZ_ERR=0.000 EL_ERR=0.000 AZ_PID=0.000 EL_PID=0.000 EL_FF=0.000
2026-04-20 00:30:29 [INFO] MONITOR az=249.800 el=70.000 AZ_ERR=0.000 EL_ERR=0.000 AZ_PID=0.000 EL_PID=0.000 EL_FF=0.000
2026-04-20 00:30:30 [INFO] MONITOR az=249.800 el=70.000 AZ_ERR=0.000 EL_ERR=0.000 AZ_PID=0.000 EL_PID=0.000 EL_FF=0.000
2026-04-20 00:30:31 [INFO] MONITOR az=249.800 el=70.000 AZ_ERR=0.000 EL_ERR=0.000 AZ_PID=0.000 EL_PID=0.000 EL_FF=0.000
2026-04-20 00:30:32 [INFO] MONITOR az=249.800 el=70.000 AZ_ERR=0.000 EL_ERR=0.000 AZ_PID=0.000 EL_PID=0.000 EL_FF=0.000
2026-04-20 00:30:33 [INFO] MONITOR az=249.800 el=70.000 AZ_ERR=0.000 EL_ERR=0.000 AZ_PID=0.000 EL_PID=0.000 EL_FF=0.000
2026-04-20 00:30:34 [INFO] MONITOR az=249.800 el=70.000 AZ_ERR=0.000 EL_ERR=0.000 AZ_PID=0.000 EL_PID=0.000 EL_FF=0.000
2026-04-20 00:30:35 [INFO] MONITOR az=249.800 el=70.000 AZ_ERR=0.000 EL_ERR=0.000 AZ_PID=0.000 EL_PID=0.000 EL_FF=0.000
2026-04-20 00:30:35 [INFO] client connected from 127.0.0.1:57214
2026-04-20 00:30:35 [INFO] client disconnected 127.0.0.1:57214
2026-04-20 00:30:35 [INFO] client connected from 127.0.0.1:57215
2026-04-20 00:30:35 [INFO] RX 127.0.0.1:57215 -> P 150.000 30.000
2026-04-20 00:30:35 [INFO] HAMLIB TARGET -> AZ=150.000 EL=30.000
2026-04-20 00:30:35 [INFO] TX RPRT 0 | TARGET az=150.000 el=30.000 | ACTUAL az=249.800 el=70.000 | AZ_ERR=0.000 EL_ERR=0.000 AZ_PID=0.000 EL_PID=0.000 EL_FF=0.000
2026-04-20 00:30:36 [INFO] MONITOR az=191.000 el=45.000 AZ_ERR=-41.500 EL_ERR=-15.000 AZ_PID=-303.188 EL_PID=-102.194 EL_FF=0.000
2026-04-20 00:30:36 [INFO] RX 127.0.0.1:57215 -> p
2026-04-20 00:30:36 [INFO] TX 127.0.0.1:57215 <- az=180.900 el=41.200 | faults az='' el=''
2026-04-20 00:30:37 [INFO] RX 127.0.0.1:57215 -> p
2026-04-20 00:30:37 [INFO] TX 127.0.0.1:57215 <- az=160.700 el=35.300 | faults az='' el=''
2026-04-20 00:30:37 [INFO] MONITOR az=159.300 el=34.600 AZ_ERR=-9.500 EL_ERR=-4.600 AZ_PID=-52.853 EL_PID=-10.974 EL_FF=0.000
2026-04-20 00:30:38 [INFO] RX 127.0.0.1:57215 -> p
2026-04-20 00:30:38 [INFO] TX 127.0.0.1:57215 <- az=154.400 el=32.200 | faults az='' el=''
2026-04-20 00:30:38 [INFO] RX 127.0.0.1:57215 -> R
2026-04-20 00:30:38 [INFO] TX RPRT 0 | reset fault
2026-04-20 00:30:38 [INFO] RX 127.0.0.1:57215 -> S
2026-04-20 00:30:38 [INFO] HAMLIB STOP -> hold current position
2026-04-20 00:30:38 [INFO] TX RPRT 0 | stop
2026-04-20 00:30:38 [INFO] RX 127.0.0.1:57215 -> Q
2026-04-20 00:30:38 [INFO] MONITOR az=154.400 el=32.200 AZ_ERR=0.000 EL_ERR=0.000 AZ_PID=0.000 EL_PID=0.000 EL_FF=0.000
2026-04-20 00:30:39 [INFO] MONITOR az=154.400 el=32.200 AZ_ERR=0.000 EL_ERR=0.000 AZ_PID=0.000 EL_PID=0.000 EL_FF=0.000
2026-04-20 00:30:40 [INFO] MONITOR az=154.400 el=32.200 AZ_ERR=0.000 EL_ERR=0.000 AZ_PID=0.000 EL_PID=0.000 EL_FF=0.000
2026-04-20 00:30:41 [INFO] MONITOR az=154.400 el=32.200 AZ_ERR=0.000 EL_ERR=0.000 AZ_PID=0.000 EL_PID=0.000 EL_FF=0.000
2026-04-20 00:30:42 [INFO] MONITOR az=154.400 el=32.200 AZ_ERR=0.000 EL_ERR=0.000 AZ_PID=0.000 EL_PID=0.000 EL_FF=0.000
2026-04-20 00:30:43 [INFO] MONITOR az=154.400 el=32.200 AZ_ERR=0.000 EL_ERR=0.000 AZ_PID=0.000 EL_PID=0.000 EL_FF=0.000
2026-04-20 00:30:44 [INFO] MONITOR az=154.400 el=32.200 AZ_ERR=0.000 EL_ERR=0.000 AZ_PID=0.000 EL_PID=0.000 EL_FF=0.000
2026-04-20 00:30:45 [INFO] MONITOR az=154.400 el=32.200 AZ_ERR=0.000 EL_ERR=0.000 AZ_PID=0.000 EL_PID=0.000 EL_FF=0.000
2026-04-20 00:30:46 [INFO] MONITOR az=154.400 el=32.200 AZ_ERR=0.000 EL_ERR=0.000 AZ_PID=0.000 EL_PID=0.000 EL_FF=0.000
2026-04-20 00:30:47 [INFO] MONITOR az=154.400 el=32.200 AZ_ERR=0.000 EL_ERR=0.000 AZ_PID=0.000 EL_PID=0.000 EL_FF=0.000
2026-04-20 00:30:48 [INFO] MONITOR az=154.400 el=32.200 AZ_ERR=0.000 EL_ERR=0.000 AZ_PID=0.000 EL_PID=0.000 EL_FF=0.000
2026-04-20 00:30:49 [INFO] MONITOR az=154.400 el=32.200 AZ_ERR=0.000 EL_ERR=0.000 AZ_PID=0.000 EL_PID=0.000 EL_FF=0.000
2026-04-20 00:30:50 [INFO] client connected from 127.0.0.1:57228
2026-04-20 00:30:50 [INFO] client disconnected 127.0.0.1:57228
2026-04-20 00:30:50 [INFO] client connected from 127.0.0.1:57229
2026-04-20 00:30:50 [INFO] RX 127.0.0.1:57229 -> P 150.000 30.000
2026-04-20 00:30:50 [INFO] HAMLIB TARGET -> AZ=150.000 EL=30.000
2026-04-20 00:30:50 [INFO] TX RPRT 0 | TARGET az=150.000 el=30.000 | ACTUAL az=154.400 el=32.200 | AZ_ERR=0.000 EL_ERR=0.000 AZ_PID=0.000 EL_PID=0.000 EL_FF=0.000
2026-04-20 00:30:50 [INFO] MONITOR az=152.300 el=31.300 AZ_ERR=-2.300 EL_ERR=-1.300 AZ_PID=0.000 EL_PID=-5.864 EL_FF=0.000
2026-04-20 00:30:51 [INFO] RX 127.0.0.1:57229 -> p
2026-04-20 00:30:51 [INFO] TX 127.0.0.1:57229 <- az=151.000 el=30.600 | faults az='' el=''
2026-04-20 00:30:51 [INFO] MONITOR az=150.300 el=30.400 AZ_ERR=-0.500 EL_ERR=-0.400 AZ_PID=-2.000 EL_PID=-1.200 EL_FF=0.000
2026-04-20 00:30:52 [INFO] RX 127.0.0.1:57229 -> p
2026-04-20 00:30:52 [INFO] TX 127.0.0.1:57229 <- az=150.300 el=30.400 | faults az='' el=''
2026-04-20 00:30:52 [INFO] RX 127.0.0.1:57229 -> p
2026-04-20 00:30:52 [INFO] TX 127.0.0.1:57229 <- az=150.100 el=30.100 | faults az='' el=''
2026-04-20 00:30:52 [INFO] RX 127.0.0.1:57229 -> R
2026-04-20 00:30:52 [INFO] TX RPRT 0 | reset fault
2026-04-20 00:30:52 [INFO] RX 127.0.0.1:57229 -> S
2026-04-20 00:30:52 [INFO] HAMLIB STOP -> hold current position
2026-04-20 00:30:52 [INFO] TX RPRT 0 | stop
2026-04-20 00:30:52 [INFO] RX 127.0.0.1:57229 -> Q
2026-04-20 00:30:52 [INFO] MONITOR az=150.100 el=30.100 AZ_ERR=0.000 EL_ERR=0.000 AZ_PID=0.000 EL_PID=0.000 EL_FF=0.000
2026-04-20 00:30:53 [INFO] MONITOR az=150.100 el=30.100 AZ_ERR=0.000 EL_ERR=0.000 AZ_PID=0.000 EL_PID=0.000 EL_FF=0.000
2026-04-20 00:30:54 [INFO] MONITOR az=150.100 el=30.100 AZ_ERR=0.000 EL_ERR=0.000 AZ_PID=0.000 EL_PID=0.000 EL_FF=0.000
2026-04-20 00:30:55 [INFO] MONITOR az=150.100 el=30.100 AZ_ERR=0.000 EL_ERR=0.000 AZ_PID=0.000 EL_PID=0.000 EL_FF=0.000
2026-04-20 00:30:56 [INFO] MONITOR az=150.100 el=30.100 AZ_ERR=0.000 EL_ERR=0.000 AZ_PID=0.000 EL_PID=0.000 EL_FF=0.000
2026-04-20 00:30:57 [INFO] MONITOR az=150.100 el=30.100 AZ_ERR=0.000 EL_ERR=0.000 AZ_PID=0.000 EL_PID=0.000 EL_FF=0.000
2026-04-20 00:30:58 [INFO] MONITOR az=150.100 el=30.100 AZ_ERR=0.000 EL_ERR=0.000 AZ_PID=0.000 EL_PID=0.000 EL_FF=0.000
2026-04-20 00:30:59 [INFO] MONITOR az=150.100 el=30.100 AZ_ERR=0.000 EL_ERR=0.000 AZ_PID=0.000 EL_PID=0.000 EL_FF=0.000
2026-04-20 00:31:00 [INFO] MONITOR az=150.100 el=30.100 AZ_ERR=0.000 EL_ERR=0.000 AZ_PID=0.000 EL_PID=0.000 EL_FF=0.000
2026-04-20 00:31:01 [INFO] MONITOR az=150.100 el=30.100 AZ_ERR=0.000 EL_ERR=0.000 AZ_PID=0.000 EL_PID=0.000 EL_FF=0.000
2026-04-20 00:31:02 [INFO] MONITOR az=150.100 el=30.100 AZ_ERR=0.000 EL_ERR=0.000 AZ_PID=0.000 EL_PID=0.000 EL_FF=0.000
2026-04-20 00:31:03 [INFO] client connected from 127.0.0.1:57246
2026-04-20 00:31:03 [INFO] client disconnected 127.0.0.1:57246
2026-04-20 00:31:03 [INFO] client connected from 127.0.0.1:57247
2026-04-20 00:31:03 [INFO] RX 127.0.0.1:57247 -> P 450.000 130.000
2026-04-20 00:31:03 [INFO] HAMLIB TARGET -> AZ=360.000 EL=90.000
2026-04-20 00:31:03 [INFO] TX RPRT 0 | TARGET az=450.000 el=130.000 | ACTUAL az=150.100 el=30.100 | AZ_ERR=0.000 EL_ERR=0.000 AZ_PID=0.000 EL_PID=0.000 EL_FF=0.000
2026-04-20 00:31:03 [INFO] MONITOR az=170.300 el=45.700 AZ_ERR=189.900 EL_ERR=44.600 AZ_PID=1566.466 EL_PID=285.417 EL_FF=60.533
2026-04-20 00:31:04 [INFO] RX 127.0.0.1:57247 -> p
2026-04-20 00:31:04 [INFO] TX 127.0.0.1:57247 <- az=247.300 el=78.500 | faults az='' el=''
2026-04-20 00:31:04 [INFO] MONITOR az=279.700 el=86.200 AZ_ERR=80.600 EL_ERR=3.800 AZ_PID=593.202 EL_PID=0.000 EL_FF=0.000
2026-04-20 00:31:05 [INFO] RX 127.0.0.1:57247 -> p
2026-04-20 00:31:05 [INFO] TX 127.0.0.1:57247 <- az=313.600 el=88.900 | faults az='' el=''
2026-04-20 00:31:05 [INFO] MONITOR az=340.400 el=88.900 AZ_ERR=19.800 EL_ERR=1.100 AZ_PID=143.395 EL_PID=5.650 EL_FF=118.533
2026-04-20 00:31:05 [INFO] RX 127.0.0.1:57247 -> p
2026-04-20 00:31:05 [INFO] TX 127.0.0.1:57247 <- az=343.100 el=88.900 | faults az='' el=''
2026-04-20 00:31:05 [INFO] RX 127.0.0.1:57247 -> R
2026-04-20 00:31:05 [INFO] TX RPRT 0 | reset fault
2026-04-20 00:31:05 [INFO] RX 127.0.0.1:57247 -> S
2026-04-20 00:31:05 [INFO] HAMLIB STOP -> hold current position
2026-04-20 00:31:05 [INFO] TX RPRT 0 | stop
2026-04-20 00:31:05 [INFO] RX 127.0.0.1:57247 -> Q
2026-04-20 00:31:06 [INFO] MONITOR az=343.100 el=88.900 AZ_ERR=0.000 EL_ERR=0.000 AZ_PID=0.000 EL_PID=0.000 EL_FF=0.000
2026-04-20 00:31:07 [INFO] client connected from 127.0.0.1:57250
2026-04-20 00:31:07 [INFO] client disconnected 127.0.0.1:57250
2026-04-20 00:31:07 [INFO] client connected from 127.0.0.1:57251
2026-04-20 00:31:07 [INFO] RX 127.0.0.1:57251 -> P 450.000 130.000
2026-04-20 00:31:07 [INFO] HAMLIB TARGET -> AZ=360.000 EL=90.000
2026-04-20 00:31:07 [INFO] TX RPRT 0 | TARGET az=450.000 el=130.000 | ACTUAL az=343.100 el=88.900 | AZ_ERR=0.000 EL_ERR=0.000 AZ_PID=0.000 EL_PID=0.000 EL_FF=0.000
2026-04-20 00:31:07 [INFO] MONITOR az=345.600 el=88.900 AZ_ERR=15.100 EL_ERR=1.100 AZ_PID=115.900 EL_PID=4.953 EL_FF=118.533
2026-04-20 00:31:08 [INFO] RX 127.0.0.1:57251 -> p
2026-04-20 00:31:08 [INFO] TX 127.0.0.1:57251 <- az=355.500 el=88.900 | faults az='' el=''
2026-04-20 00:31:08 [INFO] MONITOR az=355.900 el=88.900 AZ_ERR=4.100 EL_ERR=1.100 AZ_PID=33.314 EL_PID=4.976 EL_FF=118.533
2026-04-20 00:31:09 [INFO] RX 127.0.0.1:57251 -> p
2026-04-20 00:31:09 [INFO] TX 127.0.0.1:57251 <- az=358.200 el=88.900 | faults az='' el=''
2026-04-20 00:31:09 [INFO] MONITOR az=359.100 el=88.900 AZ_ERR=0.900 EL_ERR=1.100 AZ_PID=5.772 EL_PID=4.998 EL_FF=118.533
2026-04-20 00:31:10 [INFO] RX 127.0.0.1:57251 -> p
2026-04-20 00:31:10 [INFO] TX 127.0.0.1:57251 <- az=359.500 el=88.900 | faults az='' el=''
2026-04-20 00:31:10 [INFO] RX 127.0.0.1:57251 -> R
2026-04-20 00:31:10 [INFO] TX RPRT 0 | reset fault
2026-04-20 00:31:10 [INFO] RX 127.0.0.1:57251 -> S
2026-04-20 00:31:10 [INFO] HAMLIB STOP -> hold current position
2026-04-20 00:31:10 [INFO] TX RPRT 0 | stop
2026-04-20 00:31:10 [INFO] RX 127.0.0.1:57251 -> Q
2026-04-20 00:31:10 [INFO] MONITOR az=359.500 el=88.900 AZ_ERR=0.000 EL_ERR=0.000 AZ_PID=0.000 EL_PID=0.000 EL_FF=0.000
2026-04-20 00:31:11 [INFO] MONITOR az=359.500 el=88.900 AZ_ERR=0.000 EL_ERR=0.000 AZ_PID=0.000 EL_PID=0.000 EL_FF=0.000
2026-04-20 00:31:12 [INFO] MONITOR az=359.500 el=88.900 AZ_ERR=0.000 EL_ERR=0.000 AZ_PID=0.000 EL_PID=0.000 EL_FF=0.000
2026-04-20 00:31:13 [INFO] MONITOR az=359.500 el=88.900 AZ_ERR=0.000 EL_ERR=0.000 AZ_PID=0.000 EL_PID=0.000 EL_FF=0.000
2026-04-20 00:31:14 [INFO] client connected from 127.0.0.1:57256
2026-04-20 00:31:14 [INFO] client disconnected 127.0.0.1:57256
2026-04-20 00:31:14 [INFO] client connected from 127.0.0.1:57257
2026-04-20 00:31:14 [INFO] RX 127.0.0.1:57257 -> P 450.000 130.000
2026-04-20 00:31:14 [INFO] HAMLIB TARGET -> AZ=360.000 EL=90.000
2026-04-20 00:31:14 [INFO] TX RPRT 0 | TARGET az=450.000 el=130.000 | ACTUAL az=359.500 el=88.900 | AZ_ERR=0.000 EL_ERR=0.000 AZ_PID=0.000 EL_PID=0.000 EL_FF=0.000
2026-04-20 00:31:14 [INFO] MONITOR az=359.800 el=88.900 AZ_ERR=0.200 EL_ERR=1.100 AZ_PID=0.000 EL_PID=4.969 EL_FF=118.533
2026-04-20 00:31:15 [INFO] RX 127.0.0.1:57257 -> p
2026-04-20 00:31:15 [INFO] TX 127.0.0.1:57257 <- az=359.800 el=88.900 | faults az='' el=''
2026-04-20 00:31:15 [INFO] RX 127.0.0.1:57257 -> p
2026-04-20 00:31:15 [INFO] TX 127.0.0.1:57257 <- az=359.800 el=88.900 | faults az='' el=''
2026-04-20 00:31:15 [INFO] MONITOR az=359.800 el=88.900 AZ_ERR=0.200 EL_ERR=1.100 AZ_PID=0.000 EL_PID=4.991 EL_FF=118.533
2026-04-20 00:31:16 [INFO] RX 127.0.0.1:57257 -> p
2026-04-20 00:31:16 [INFO] TX 127.0.0.1:57257 <- az=359.800 el=88.900 | faults az='' el=''
2026-04-20 00:31:16 [INFO] RX 127.0.0.1:57257 -> R
2026-04-20 00:31:16 [INFO] TX RPRT 0 | reset fault
2026-04-20 00:31:16 [INFO] RX 127.0.0.1:57257 -> S
2026-04-20 00:31:16 [INFO] HAMLIB STOP -> hold current position
2026-04-20 00:31:16 [INFO] TX RPRT 0 | stop
2026-04-20 00:31:16 [INFO] RX 127.0.0.1:57257 -> Q
2026-04-20 00:31:16 [INFO] MONITOR az=359.800 el=88.900 AZ_ERR=0.000 EL_ERR=0.000 AZ_PID=0.000 EL_PID=0.000 EL_FF=0.000
2026-04-20 00:31:17 [INFO] MONITOR az=359.800 el=88.900 AZ_ERR=0.000 EL_ERR=0.000 AZ_PID=0.000 EL_PID=0.000 EL_FF=0.000
2026-04-20 00:31:18 [INFO] MONITOR az=359.800 el=88.900 AZ_ERR=0.000 EL_ERR=0.000 AZ_PID=0.000 EL_PID=0.000 EL_FF=0.000
2026-04-20 00:31:19 [INFO] MONITOR az=359.800 el=88.900 AZ_ERR=0.000 EL_ERR=0.000 AZ_PID=0.000 EL_PID=0.000 EL_FF=0.000
2026-04-20 00:31:20 [INFO] MONITOR az=359.800 el=88.900 AZ_ERR=0.000 EL_ERR=0.000 AZ_PID=0.000 EL_PID=0.000 EL_FF=0.000
2026-04-20 00:31:21 [INFO] MONITOR az=359.800 el=88.900 AZ_ERR=0.000 EL_ERR=0.000 AZ_PID=0.000 EL_PID=0.000 EL_FF=0.000
2026-04-20 00:31:22 [INFO] MONITOR az=359.800 el=88.900 AZ_ERR=0.000 EL_ERR=0.000 AZ_PID=0.000 EL_PID=0.000 EL_FF=0.000
2026-04-20 00:31:23 [INFO] MONITOR az=359.800 el=88.900 AZ_ERR=0.000 EL_ERR=0.000 AZ_PID=0.000 EL_PID=0.000 EL_FF=0.000
2026-04-20 00:31:24 [INFO] MONITOR az=359.800 el=88.900 AZ_ERR=0.000 EL_ERR=0.000 AZ_PID=0.000 EL_PID=0.000 EL_FF=0.000
2026-04-20 00:31:25 [INFO] MONITOR az=359.800 el=88.900 AZ_ERR=0.000 EL_ERR=0.000 AZ_PID=0.000 EL_PID=0.000 EL_FF=0.000
2026-04-20 00:31:26 [INFO] MONITOR az=359.800 el=88.900 AZ_ERR=0.000 EL_ERR=0.000 AZ_PID=0.000 EL_PID=0.000 EL_FF=0.000
2026-04-20 00:31:27 [INFO] MONITOR az=359.800 el=88.900 AZ_ERR=0.000 EL_ERR=0.000 AZ_PID=0.000 EL_PID=0.000 EL_FF=0.000
2026-04-20 00:31:28 [INFO] MONITOR az=359.800 el=88.900 AZ_ERR=0.000 EL_ERR=0.000 AZ_PID=0.000 EL_PID=0.000 EL_FF=0.000
2026-04-20 00:31:29 [INFO] MONITOR az=359.800 el=88.900 AZ_ERR=0.000 EL_ERR=0.000 AZ_PID=0.000 EL_PID=0.000 EL_FF=0.000
2026-04-20 00:31:30 [INFO] MONITOR az=359.800 el=88.900 AZ_ERR=0.000 EL_ERR=0.000 AZ_PID=0.000 EL_PID=0.000 EL_FF=0.000
2026-04-20 00:31:31 [INFO] MONITOR az=359.800 el=88.900 AZ_ERR=0.000 EL_ERR=0.000 AZ_PID=0.000 EL_PID=0.000 EL_FF=0.000
2026-04-20 00:31:32 [INFO] MONITOR az=359.800 el=88.900 AZ_ERR=0.000 EL_ERR=0.000 AZ_PID=0.000 EL_PID=0.000 EL_FF=0.000
2026-04-20 00:31:33 [INFO] MONITOR az=359.800 el=88.900 AZ_ERR=0.000 EL_ERR=0.000 AZ_PID=0.000 EL_PID=0.000 EL_FF=0.000
2026-04-20 00:31:34 [INFO] MONITOR az=359.800 el=88.900 AZ_ERR=0.000 EL_ERR=0.000 AZ_PID=0.000 EL_PID=0.000 EL_FF=0.000
2026-04-20 00:31:35 [INFO] MONITOR az=359.800 el=88.900 AZ_ERR=0.000 EL_ERR=0.000 AZ_PID=0.000 EL_PID=0.000 EL_FF=0.000
2026-04-20 00:31:36 [INFO] client connected from 127.0.0.1:57312
2026-04-20 00:31:36 [INFO] client connected from 127.0.0.1:57313
2026-04-20 00:31:36 [INFO] client disconnected 127.0.0.1:57312
2026-04-20 00:31:36 [INFO] RX 127.0.0.1:57313 -> P 350.230 130.120
2026-04-20 00:31:36 [INFO] HAMLIB TARGET -> AZ=350.230 EL=90.000
2026-04-20 00:31:36 [INFO] TX RPRT 0 | TARGET az=350.230 el=130.120 | ACTUAL az=359.800 el=88.900 | AZ_ERR=0.000 EL_ERR=0.000 AZ_PID=0.000 EL_PID=0.000 EL_FF=0.000
2026-04-20 00:31:36 [ERROR] EL LIMIT_MAX: EL limit switch max aktif
2026-04-20 00:31:37 [INFO] RX 127.0.0.1:57313 -> p
2026-04-20 00:31:37 [INFO] MONITOR az=351.900 el=90.000 AZ_ERR=-8.170 EL_ERR=0.200 AZ_PID=-48.592 EL_PID=0.000 EL_FF=0.000
2026-04-20 00:31:37 [INFO] TX 127.0.0.1:57313 <- az=349.400 el=90.000 | faults az='' el='EL limit switch max aktif'
2026-04-20 00:31:38 [INFO] RX 127.0.0.1:57313 -> p
2026-04-20 00:31:38 [INFO] TX 127.0.0.1:57313 <- az=340.200 el=90.000 | faults az='' el='EL limit switch max aktif'
2026-04-20 00:31:38 [INFO] MONITOR az=337.000 el=90.000 AZ_ERR=-8.170 EL_ERR=0.200 AZ_PID=-48.592 EL_PID=0.000 EL_FF=0.000
2026-04-20 00:31:38 [INFO] RX 127.0.0.1:57313 -> p
2026-04-20 00:31:39 [INFO] TX 127.0.0.1:57313 <- az=331.600 el=90.000 | faults az='' el='EL limit switch max aktif'
2026-04-20 00:31:39 [INFO] RX 127.0.0.1:57313 -> R
2026-04-20 00:31:39 [INFO] MONITOR az=326.000 el=90.000 AZ_ERR=-8.170 EL_ERR=0.200 AZ_PID=-48.592 EL_PID=0.000 EL_FF=0.000
2026-04-20 00:31:39 [INFO] TX RPRT 0 | reset fault
2026-04-20 00:31:39 [INFO] RX 127.0.0.1:57313 -> S
2026-04-20 00:31:39 [INFO] HAMLIB STOP -> hold current position
2026-04-20 00:31:39 [INFO] TX RPRT 0 | stop
2026-04-20 00:31:39 [INFO] RX 127.0.0.1:57313 -> Q
2026-04-20 00:31:40 [INFO] MONITOR az=325.600 el=90.000 AZ_ERR=0.000 EL_ERR=0.000 AZ_PID=0.000 EL_PID=0.000 EL_FF=0.000
2026-04-20 00:31:40 [INFO] client connected from 127.0.0.1:57318
2026-04-20 00:31:40 [INFO] client disconnected 127.0.0.1:57318
2026-04-20 00:31:40 [INFO] client connected from 127.0.0.1:57319
2026-04-20 00:31:40 [INFO] RX 127.0.0.1:57319 -> P 350.230 130.120
2026-04-20 00:31:40 [INFO] HAMLIB TARGET -> AZ=350.230 EL=90.000
2026-04-20 00:31:40 [INFO] TX RPRT 0 | TARGET az=350.230 el=130.120 | ACTUAL az=325.600 el=90.000 | AZ_ERR=0.000 EL_ERR=0.000 AZ_PID=0.000 EL_PID=0.000 EL_FF=0.000
2026-04-20 00:31:41 [INFO] MONITOR az=342.400 el=90.000 AZ_ERR=7.830 EL_ERR=0.000 AZ_PID=45.094 EL_PID=0.000 EL_FF=0.000
2026-04-20 00:31:41 [INFO] RX 127.0.0.1:57319 -> p
2026-04-20 00:31:41 [INFO] TX 127.0.0.1:57319 <- az=344.000 el=90.000 | faults az='' el=''
2026-04-20 00:31:42 [INFO] RX 127.0.0.1:57319 -> p
2026-04-20 00:31:42 [INFO] TX 127.0.0.1:57319 <- az=347.400 el=90.000 | faults az='' el=''
2026-04-20 00:31:42 [INFO] MONITOR az=348.100 el=90.000 AZ_ERR=2.430 EL_ERR=0.000 AZ_PID=15.091 EL_PID=0.000 EL_FF=0.000
2026-04-20 00:31:43 [INFO] RX 127.0.0.1:57319 -> p
2026-04-20 00:31:43 [INFO] TX 127.0.0.1:57319 <- az=349.400 el=90.000 | faults az='' el=''
2026-04-20 00:31:43 [INFO] RX 127.0.0.1:57319 -> R
2026-04-20 00:31:43 [INFO] TX RPRT 0 | reset fault
2026-04-20 00:31:43 [INFO] RX 127.0.0.1:57319 -> S
2026-04-20 00:31:43 [INFO] HAMLIB STOP -> hold current position
2026-04-20 00:31:43 [INFO] TX RPRT 0 | stop
2026-04-20 00:31:43 [INFO] RX 127.0.0.1:57319 -> Q
2026-04-20 00:31:43 [INFO] MONITOR az=349.400 el=90.000 AZ_ERR=0.000 EL_ERR=0.000 AZ_PID=0.000 EL_PID=0.000 EL_FF=0.000
2026-04-20 00:31:44 [INFO] client connected from 127.0.0.1:57322
2026-04-20 00:31:44 [INFO] client disconnected 127.0.0.1:57322
2026-04-20 00:31:44 [INFO] client connected from 127.0.0.1:57323
2026-04-20 00:31:44 [INFO] RX 127.0.0.1:57323 -> P 350.230 130.120
2026-04-20 00:31:44 [INFO] HAMLIB TARGET -> AZ=350.230 EL=90.000
2026-04-20 00:31:44 [INFO] TX RPRT 0 | TARGET az=350.230 el=130.120 | ACTUAL az=349.400 el=90.000 | AZ_ERR=0.000 EL_ERR=0.000 AZ_PID=0.000 EL_PID=0.000 EL_FF=0.000
2026-04-20 00:31:44 [INFO] MONITOR az=349.600 el=90.000 AZ_ERR=0.630 EL_ERR=0.000 AZ_PID=2.520 EL_PID=0.000 EL_FF=0.000
2026-04-20 00:31:45 [INFO] RX 127.0.0.1:57323 -> p
2026-04-20 00:31:45 [INFO] TX 127.0.0.1:57323 <- az=350.100 el=90.000 | faults az='' el=''
2026-04-20 00:31:45 [INFO] MONITOR az=350.100 el=90.000 AZ_ERR=0.130 EL_ERR=0.000 AZ_PID=0.000 EL_PID=0.000 EL_FF=0.000
2026-04-20 00:31:46 [INFO] RX 127.0.0.1:57323 -> p
2026-04-20 00:31:46 [INFO] TX 127.0.0.1:57323 <- az=350.100 el=90.000 | faults az='' el=''
2026-04-20 00:31:46 [INFO] MONITOR az=350.100 el=90.000 AZ_ERR=0.130 EL_ERR=0.000 AZ_PID=0.000 EL_PID=0.000 EL_FF=0.000
2026-04-20 00:31:47 [INFO] RX 127.0.0.1:57323 -> p
2026-04-20 00:31:47 [INFO] TX 127.0.0.1:57323 <- az=350.100 el=90.000 | faults az='' el=''
2026-04-20 00:31:47 [INFO] RX 127.0.0.1:57323 -> R
2026-04-20 00:31:47 [INFO] TX RPRT 0 | reset fault
2026-04-20 00:31:47 [INFO] RX 127.0.0.1:57323 -> S
2026-04-20 00:31:47 [INFO] HAMLIB STOP -> hold current position
2026-04-20 00:31:47 [INFO] TX RPRT 0 | stop
2026-04-20 00:31:47 [INFO] RX 127.0.0.1:57323 -> Q
2026-04-20 00:31:47 [INFO] MONITOR az=350.100 el=90.000 AZ_ERR=0.000 EL_ERR=0.000 AZ_PID=0.000 EL_PID=0.000 EL_FF=0.000
2026-04-20 00:31:48 [INFO] MONITOR az=350.100 el=90.000 AZ_ERR=0.000 EL_ERR=0.000 AZ_PID=0.000 EL_PID=0.000 EL_FF=0.000
2026-04-20 00:31:48 [INFO] client connected from 127.0.0.1:57326
2026-04-20 00:31:48 [INFO] client disconnected 127.0.0.1:57326
2026-04-20 00:31:48 [INFO] client connected from 127.0.0.1:57327
2026-04-20 00:31:48 [INFO] RX 127.0.0.1:57327 -> P 350.230 130.120
2026-04-20 00:31:48 [INFO] HAMLIB TARGET -> AZ=350.230 EL=90.000
2026-04-20 00:31:48 [INFO] TX RPRT 0 | TARGET az=350.230 el=130.120 | ACTUAL az=350.100 el=90.000 | AZ_ERR=0.000 EL_ERR=0.000 AZ_PID=0.000 EL_PID=0.000 EL_FF=0.000
2026-04-20 00:31:49 [INFO] MONITOR az=350.100 el=90.000 AZ_ERR=0.130 EL_ERR=0.000 AZ_PID=0.000 EL_PID=0.000 EL_FF=0.000
2026-04-20 00:31:49 [INFO] RX 127.0.0.1:57327 -> p
2026-04-20 00:31:49 [INFO] TX 127.0.0.1:57327 <- az=350.100 el=90.000 | faults az='' el=''
2026-04-20 00:31:50 [INFO] RX 127.0.0.1:57327 -> p
2026-04-20 00:31:50 [INFO] TX 127.0.0.1:57327 <- az=350.100 el=90.000 | faults az='' el=''
2026-04-20 00:31:50 [INFO] MONITOR az=350.100 el=90.000 AZ_ERR=0.130 EL_ERR=0.000 AZ_PID=0.000 EL_PID=0.000 EL_FF=0.000
2026-04-20 00:31:51 [INFO] RX 127.0.0.1:57327 -> p
2026-04-20 00:31:51 [INFO] TX 127.0.0.1:57327 <- az=350.100 el=90.000 | faults az='' el=''
2026-04-20 00:31:51 [INFO] RX 127.0.0.1:57327 -> R
2026-04-20 00:31:51 [INFO] TX RPRT 0 | reset fault
2026-04-20 00:31:51 [INFO] RX 127.0.0.1:57327 -> S
2026-04-20 00:31:51 [INFO] HAMLIB STOP -> hold current position
2026-04-20 00:31:51 [INFO] TX RPRT 0 | stop
2026-04-20 00:31:51 [INFO] RX 127.0.0.1:57327 -> Q
2026-04-20 00:31:51 [INFO] MONITOR az=350.100 el=90.000 AZ_ERR=0.000 EL_ERR=0.000 AZ_PID=0.000 EL_PID=0.000 EL_FF=0.000
2026-04-20 00:31:52 [INFO] MONITOR az=350.100 el=90.000 AZ_ERR=0.000 EL_ERR=0.000 AZ_PID=0.000 EL_PID=0.000 EL_FF=0.000
2026-04-20 00:31:53 [INFO] MONITOR az=350.100 el=90.000 AZ_ERR=0.000 EL_ERR=0.000 AZ_PID=0.000 EL_PID=0.000 EL_FF=0.000
2026-04-20 00:31:54 [INFO] MONITOR az=350.100 el=90.000 AZ_ERR=0.000 EL_ERR=0.000 AZ_PID=0.000 EL_PID=0.000 EL_FF=0.000
2026-04-20 00:31:55 [INFO] client connected from 127.0.0.1:57334
2026-04-20 00:31:55 [INFO] client disconnected 127.0.0.1:57334
2026-04-20 00:31:55 [INFO] client connected from 127.0.0.1:57335
2026-04-20 00:31:55 [INFO] RX 127.0.0.1:57335 -> P 350.230 30.120
2026-04-20 00:31:55 [INFO] HAMLIB TARGET -> AZ=350.230 EL=30.120
2026-04-20 00:31:55 [INFO] TX RPRT 0 | TARGET az=350.230 el=30.120 | ACTUAL az=350.100 el=90.000 | AZ_ERR=0.000 EL_ERR=0.000 AZ_PID=0.000 EL_PID=0.000 EL_FF=0.000
2026-04-20 00:31:55 [INFO] MONITOR az=350.100 el=86.200 AZ_ERR=0.130 EL_ERR=-56.480 AZ_PID=0.000 EL_PID=-381.640 EL_FF=0.000
2026-04-20 00:31:56 [INFO] RX 127.0.0.1:57335 -> p
2026-04-20 00:31:56 [INFO] TX 127.0.0.1:57335 <- az=350.100 el=47.700 | faults az='' el=''
2026-04-20 00:31:56 [INFO] MONITOR az=350.100 el=44.800 AZ_ERR=0.130 EL_ERR=-14.880 AZ_PID=0.000 EL_PID=-103.350 EL_FF=0.000
2026-04-20 00:31:57 [INFO] RX 127.0.0.1:57335 -> p
2026-04-20 00:31:57 [INFO] TX 127.0.0.1:57335 <- az=350.100 el=37.100 | faults az='' el=''
2026-04-20 00:31:57 [INFO] MONITOR az=350.100 el=34.600 AZ_ERR=0.130 EL_ERR=-4.480 AZ_PID=0.000 EL_PID=-30.520 EL_FF=0.000
2026-04-20 00:31:58 [INFO] RX 127.0.0.1:57335 -> p
2026-04-20 00:31:58 [INFO] TX 127.0.0.1:57335 <- az=350.100 el=33.100 | faults az='' el=''
2026-04-20 00:31:58 [INFO] RX 127.0.0.1:57335 -> R
2026-04-20 00:31:58 [INFO] TX RPRT 0 | reset fault
2026-04-20 00:31:58 [INFO] RX 127.0.0.1:57335 -> S
2026-04-20 00:31:58 [INFO] HAMLIB STOP -> hold current position
2026-04-20 00:31:58 [INFO] TX RPRT 0 | stop
2026-04-20 00:31:58 [INFO] RX 127.0.0.1:57335 -> Q
2026-04-20 00:31:58 [INFO] MONITOR az=350.100 el=33.100 AZ_ERR=0.000 EL_ERR=0.000 AZ_PID=0.000 EL_PID=0.000 EL_FF=0.000
2026-04-20 00:31:59 [INFO] client connected from 127.0.0.1:57338
2026-04-20 00:31:59 [INFO] client disconnected 127.0.0.1:57338
2026-04-20 00:31:59 [INFO] client connected from 127.0.0.1:57339
2026-04-20 00:31:59 [INFO] RX 127.0.0.1:57339 -> P 350.230 30.120
2026-04-20 00:31:59 [INFO] HAMLIB TARGET -> AZ=350.230 EL=30.120
2026-04-20 00:31:59 [INFO] TX RPRT 0 | TARGET az=350.230 el=30.120 | ACTUAL az=350.100 el=33.100 | AZ_ERR=0.000 EL_ERR=0.000 AZ_PID=0.000 EL_PID=0.000 EL_FF=0.000
2026-04-20 00:31:59 [INFO] MONITOR az=350.100 el=31.500 AZ_ERR=0.130 EL_ERR=-1.380 AZ_PID=0.000 EL_PID=-6.238 EL_FF=0.000
2026-04-20 00:32:00 [INFO] RX 127.0.0.1:57339 -> p
2026-04-20 00:32:00 [INFO] TX 127.0.0.1:57339 <- az=350.100 el=31.000 | faults az='' el=''
2026-04-20 00:32:00 [INFO] MONITOR az=350.100 el=30.600 AZ_ERR=0.130 EL_ERR=-0.480 AZ_PID=0.000 EL_PID=-1.440 EL_FF=0.000
2026-04-20 00:32:00 [INFO] RX 127.0.0.1:57339 -> p
2026-04-20 00:32:00 [INFO] TX 127.0.0.1:57339 <- az=350.100 el=30.600 | faults az='' el=''
2026-04-20 00:32:01 [INFO] RX 127.0.0.1:57339 -> p
2026-04-20 00:32:01 [INFO] TX 127.0.0.1:57339 <- az=350.100 el=30.400 | faults az='' el=''
2026-04-20 00:32:01 [INFO] RX 127.0.0.1:57339 -> R
2026-04-20 00:32:01 [INFO] TX RPRT 0 | reset fault
2026-04-20 00:32:01 [INFO] RX 127.0.0.1:57339 -> S
2026-04-20 00:32:01 [INFO] HAMLIB STOP -> hold current position
2026-04-20 00:32:01 [INFO] TX RPRT 0 | stop
2026-04-20 00:32:01 [INFO] RX 127.0.0.1:57339 -> Q
2026-04-20 00:32:01 [INFO] MONITOR az=350.100 el=30.400 AZ_ERR=0.000 EL_ERR=0.000 AZ_PID=0.000 EL_PID=0.000 EL_FF=0.000
2026-04-20 00:32:02 [INFO] client connected from 127.0.0.1:57342
2026-04-20 00:32:02 [INFO] client disconnected 127.0.0.1:57342
2026-04-20 00:32:02 [INFO] client connected from 127.0.0.1:57343
2026-04-20 00:32:02 [INFO] RX 127.0.0.1:57343 -> P 350.230 30.120
2026-04-20 00:32:02 [INFO] HAMLIB TARGET -> AZ=350.230 EL=30.120
2026-04-20 00:32:02 [INFO] TX RPRT 0 | TARGET az=350.230 el=30.120 | ACTUAL az=350.100 el=30.400 | AZ_ERR=0.000 EL_ERR=0.000 AZ_PID=0.000 EL_PID=0.000 EL_FF=0.000
2026-04-20 00:32:02 [INFO] MONITOR az=350.100 el=30.100 AZ_ERR=0.130 EL_ERR=0.020 AZ_PID=0.000 EL_PID=0.000 EL_FF=0.000
2026-04-20 00:32:03 [INFO] RX 127.0.0.1:57343 -> p
2026-04-20 00:32:03 [INFO] TX 127.0.0.1:57343 <- az=350.100 el=30.100 | faults az='' el=''
2026-04-20 00:32:03 [INFO] MONITOR az=350.100 el=30.100 AZ_ERR=0.130 EL_ERR=0.020 AZ_PID=0.000 EL_PID=0.000 EL_FF=0.000
2026-04-20 00:32:04 [INFO] RX 127.0.0.1:57343 -> p
2026-04-20 00:32:04 [INFO] TX 127.0.0.1:57343 <- az=350.100 el=30.100 | faults az='' el=''
2026-04-20 00:32:04 [INFO] MONITOR az=350.100 el=30.100 AZ_ERR=0.130 EL_ERR=0.020 AZ_PID=0.000 EL_PID=0.000 EL_FF=0.000
2026-04-20 00:32:04 [INFO] RX 127.0.0.1:57343 -> p
2026-04-20 00:32:04 [INFO] TX 127.0.0.1:57343 <- az=350.100 el=30.100 | faults az='' el=''
2026-04-20 00:32:04 [INFO] RX 127.0.0.1:57343 -> R
2026-04-20 00:32:04 [INFO] TX RPRT 0 | reset fault
2026-04-20 00:32:04 [INFO] RX 127.0.0.1:57343 -> S
2026-04-20 00:32:04 [INFO] HAMLIB STOP -> hold current position
2026-04-20 00:32:04 [INFO] TX RPRT 0 | stop
2026-04-20 00:32:04 [INFO] RX 127.0.0.1:57343 -> Q
2026-04-20 00:32:05 [INFO] MONITOR az=350.100 el=30.100 AZ_ERR=0.000 EL_ERR=0.000 AZ_PID=0.000 EL_PID=0.000 EL_FF=0.000
2026-04-20 00:32:06 [INFO] client connected from 127.0.0.1:57348
2026-04-20 00:32:06 [INFO] client disconnected 127.0.0.1:57348
2026-04-20 00:32:06 [INFO] client connected from 127.0.0.1:57349
2026-04-20 00:32:06 [INFO] RX 127.0.0.1:57349 -> P 350.230 30.120
2026-04-20 00:32:06 [INFO] HAMLIB TARGET -> AZ=350.230 EL=30.120
2026-04-20 00:32:06 [INFO] TX RPRT 0 | TARGET az=350.230 el=30.120 | ACTUAL az=350.100 el=30.100 | AZ_ERR=0.000 EL_ERR=0.000 AZ_PID=0.000 EL_PID=0.000 EL_FF=0.000
2026-04-20 00:32:06 [INFO] MONITOR az=350.100 el=30.100 AZ_ERR=0.130 EL_ERR=0.020 AZ_PID=0.000 EL_PID=0.000 EL_FF=0.000
2026-04-20 00:32:07 [INFO] RX 127.0.0.1:57349 -> p
2026-04-20 00:32:07 [INFO] TX 127.0.0.1:57349 <- az=350.100 el=30.100 | faults az='' el=''
2026-04-20 00:32:07 [INFO] MONITOR az=350.100 el=30.100 AZ_ERR=0.130 EL_ERR=0.020 AZ_PID=0.000 EL_PID=0.000 EL_FF=0.000
2026-04-20 00:32:07 [INFO] RX 127.0.0.1:57349 -> p
2026-04-20 00:32:07 [INFO] TX 127.0.0.1:57349 <- az=350.100 el=30.100 | faults az='' el=''
2026-04-20 00:32:08 [INFO] RX 127.0.0.1:57349 -> p
2026-04-20 00:32:08 [INFO] TX 127.0.0.1:57349 <- az=350.100 el=30.100 | faults az='' el=''
2026-04-20 00:32:08 [INFO] RX 127.0.0.1:57349 -> R
2026-04-20 00:32:08 [INFO] TX RPRT 0 | reset fault
2026-04-20 00:32:08 [INFO] RX 127.0.0.1:57349 -> S
2026-04-20 00:32:08 [INFO] HAMLIB STOP -> hold current position
2026-04-20 00:32:08 [INFO] TX RPRT 0 | stop
2026-04-20 00:32:08 [INFO] RX 127.0.0.1:57349 -> Q
2026-04-20 00:32:08 [INFO] MONITOR az=350.100 el=30.100 AZ_ERR=0.000 EL_ERR=0.000 AZ_PID=0.000 EL_PID=0.000 EL_FF=0.000
2026-04-20 00:32:09 [INFO] MONITOR az=350.100 el=30.100 AZ_ERR=0.000 EL_ERR=0.000 AZ_PID=0.000 EL_PID=0.000 EL_FF=0.000
2026-04-20 00:32:10 [INFO] client connected from 127.0.0.1:57352
2026-04-20 00:32:10 [INFO] client disconnected 127.0.0.1:57352
2026-04-20 00:32:10 [INFO] client connected from 127.0.0.1:57353
2026-04-20 00:32:10 [INFO] RX 127.0.0.1:57353 -> P 350.230 30.120
2026-04-20 00:32:10 [INFO] HAMLIB TARGET -> AZ=350.230 EL=30.120
2026-04-20 00:32:10 [INFO] TX RPRT 0 | TARGET az=350.230 el=30.120 | ACTUAL az=350.100 el=30.100 | AZ_ERR=0.000 EL_ERR=0.000 AZ_PID=0.000 EL_PID=0.000 EL_FF=0.000
2026-04-20 00:32:10 [INFO] MONITOR az=350.100 el=30.100 AZ_ERR=0.130 EL_ERR=0.020 AZ_PID=0.000 EL_PID=0.000 EL_FF=0.000
2026-04-20 00:32:11 [INFO] RX 127.0.0.1:57353 -> p
2026-04-20 00:32:11 [INFO] TX 127.0.0.1:57353 <- az=350.100 el=30.100 | faults az='' el=''
2026-04-20 00:32:11 [INFO] MONITOR az=350.100 el=30.100 AZ_ERR=0.130 EL_ERR=0.020 AZ_PID=0.000 EL_PID=0.000 EL_FF=0.000
2026-04-20 00:32:12 [INFO] RX 127.0.0.1:57353 -> p
2026-04-20 00:32:12 [INFO] TX 127.0.0.1:57353 <- az=350.100 el=30.100 | faults az='' el=''
2026-04-20 00:32:12 [INFO] RX 127.0.0.1:57353 -> p
2026-04-20 00:32:12 [INFO] TX 127.0.0.1:57353 <- az=350.100 el=30.100 | faults az='' el=''
2026-04-20 00:32:12 [INFO] RX 127.0.0.1:57353 -> R
2026-04-20 00:32:12 [INFO] TX RPRT 0 | reset fault
2026-04-20 00:32:12 [INFO] RX 127.0.0.1:57353 -> S
2026-04-20 00:32:12 [INFO] HAMLIB STOP -> hold current position
2026-04-20 00:32:12 [INFO] TX RPRT 0 | stop
2026-04-20 00:32:12 [INFO] RX 127.0.0.1:57353 -> Q
2026-04-20 00:32:12 [INFO] MONITOR az=350.100 el=30.100 AZ_ERR=0.130 EL_ERR=0.020 AZ_PID=0.000 EL_PID=0.000 EL_FF=0.000
2026-04-20 00:32:13 [INFO] MONITOR az=350.100 el=30.100 AZ_ERR=0.000 EL_ERR=0.000 AZ_PID=0.000 EL_PID=0.000 EL_FF=0.000
2026-04-20 00:32:14 [INFO] MONITOR az=350.100 el=30.100 AZ_ERR=0.000 EL_ERR=0.000 AZ_PID=0.000 EL_PID=0.000 EL_FF=0.000
2026-04-20 00:32:15 [INFO] MONITOR az=350.100 el=30.100 AZ_ERR=0.000 EL_ERR=0.000 AZ_PID=0.000 EL_PID=0.000 EL_FF=0.000
2026-04-20 00:32:16 [INFO] MONITOR az=350.100 el=30.100 AZ_ERR=0.000 EL_ERR=0.000 AZ_PID=0.000 EL_PID=0.000 EL_FF=0.000
2026-04-20 00:32:17 [INFO] MONITOR az=350.100 el=30.100 AZ_ERR=0.000 EL_ERR=0.000 AZ_PID=0.000 EL_PID=0.000 EL_FF=0.000
2026-04-20 00:32:18 [INFO] MONITOR az=350.100 el=30.100 AZ_ERR=0.000 EL_ERR=0.000 AZ_PID=0.000 EL_PID=0.000 EL_FF=0.000
2026-04-20 00:32:19 [INFO] MONITOR az=350.100 el=30.100 AZ_ERR=0.000 EL_ERR=0.000 AZ_PID=0.000 EL_PID=0.000 EL_FF=0.000
2026-04-20 00:32:20 [INFO] MONITOR az=350.100 el=30.100 AZ_ERR=0.000 EL_ERR=0.000 AZ_PID=0.000 EL_PID=0.000 EL_FF=0.000
2026-04-20 00:32:21 [INFO] MONITOR az=350.100 el=30.100 AZ_ERR=0.000 EL_ERR=0.000 AZ_PID=0.000 EL_PID=0.000 EL_FF=0.000
2026-04-20 00:32:22 [INFO] MONITOR az=350.100 el=30.100 AZ_ERR=0.000 EL_ERR=0.000 AZ_PID=0.000 EL_PID=0.000 EL_FF=0.000
2026-04-20 00:32:23 [INFO] MONITOR az=350.100 el=30.100 AZ_ERR=0.000 EL_ERR=0.000 AZ_PID=0.000 EL_PID=0.000 EL_FF=0.000
2026-04-20 00:32:24 [INFO] MONITOR az=350.100 el=30.100 AZ_ERR=0.000 EL_ERR=0.000 AZ_PID=0.000 EL_PID=0.000 EL_FF=0.000
2026-04-20 00:32:25 [INFO] MONITOR az=350.100 el=30.100 AZ_ERR=0.000 EL_ERR=0.000 AZ_PID=0.000 EL_PID=0.000 EL_FF=0.000
2026-04-20 00:32:26 [INFO] MONITOR az=350.100 el=30.100 AZ_ERR=0.000 EL_ERR=0.000 AZ_PID=0.000 EL_PID=0.000 EL_FF=0.000
2026-04-20 00:32:27 [INFO] MONITOR az=350.100 el=30.100 AZ_ERR=0.000 EL_ERR=0.000 AZ_PID=0.000 EL_PID=0.000 EL_FF=0.000
2026-04-20 00:43:50 [INFO] System started. SIMULATION_MODE=True
2026-04-20 00:43:50 [INFO] AZ Motor initialized. SIM: True
2026-04-20 00:43:50 [INFO] EL Motor initialized. SIM: True
2026-04-20 00:43:57 [INFO] Zero calibration done. Offsets AZ:0.00, EL:0.00
2026-04-20 00:43:57 [ERROR] EL LIMIT_MAX: EL limit switch max aktif
2026-04-20 00:43:57 [ERROR] AZ LIMIT_MAX: AZ limit switch max aktif
2026-04-20 00:44:00 [INFO] AZ Motor initialized. SIM: True
2026-04-20 00:44:00 [INFO] EL Motor initialized. SIM: True
2026-04-20 00:44:00 [INFO] rotctl server listening on 0.0.0.0:4533
2026-04-20 00:44:00 [INFO] MONITOR az=0.000 el=90.000 AZ_ERR=0.000 EL_ERR=0.000 AZ_PID=0.000 EL_PID=0.000 EL_FF=0.000
2026-04-20 00:44:00 [INFO] client connected from 127.0.0.1:58354
2026-04-20 00:44:00 [INFO] client disconnected 127.0.0.1:58354
2026-04-20 00:44:00 [INFO] client connected from 127.0.0.1:58355
2026-04-20 00:44:00 [INFO] RX 127.0.0.1:58355 -> P 250.000 70.000
2026-04-20 00:44:00 [INFO] HAMLIB TARGET -> AZ=250.000 EL=70.000
2026-04-20 00:44:00 [INFO] TX RPRT 0 | TARGET az=250.000 el=70.000 | ACTUAL az=0.000 el=90.000 | AZ_ERR=0.000 EL_ERR=0.000 AZ_PID=0.000 EL_PID=0.000 EL_FF=0.000
2026-04-20 00:44:00 [ERROR] AZ LIMIT_MAX: AZ limit switch max aktif
2026-04-20 00:44:00 [INFO] RX 127.0.0.1:58355 -> p
2026-04-20 00:44:00 [INFO] TX 127.0.0.1:58355 <- az=0.000 el=78.300 | faults az='AZ limit switch max aktif' el=''
2026-04-20 00:44:01 [INFO] MONITOR az=0.000 el=59.850 AZ_ERR=250.000 EL_ERR=-20.000 AZ_PID=2125.122 EL_PID=-150.010 EL_FF=0.000
2026-04-20 00:44:01 [INFO] RX 127.0.0.1:58355 -> p
2026-04-20 00:44:01 [INFO] TX 127.0.0.1:58355 <- az=0.000 el=54.675 | faults az='AZ limit switch max aktif' el=''
2026-04-20 00:44:01 [INFO] RX 127.0.0.1:58355 -> R
2026-04-20 00:44:01 [INFO] TX RPRT 0 | reset fault
2026-04-20 00:44:01 [INFO] RX 127.0.0.1:58355 -> S
2026-04-20 00:44:01 [INFO] HAMLIB STOP -> hold current position
2026-04-20 00:44:01 [INFO] TX RPRT 0 | stop
2026-04-20 00:44:01 [INFO] RX 127.0.0.1:58355 -> Q
2026-04-20 00:45:14 [INFO] System started. SIMULATION_MODE=True
2026-04-20 00:45:14 [INFO] AZ Motor initialized. SIM: True
2026-04-20 00:45:14 [INFO] EL Motor initialized. SIM: True
2026-04-20 00:45:23 [INFO] Zero calibration done. Offsets AZ:0.00, EL:0.00
2026-04-20 00:45:23 [INFO] POS -> AZ: 0.00, EL: 0.00, KEY: -, TARGET: 250.00/70.00, TRACK: True, AZ_ERR: 250.000, EL_ERR: 70.000, AZ_PID: 2125.005, EL_PID: 525.001, EL_FF: 0.000, AZ_PHASE: COARSE, EL_PHASE: COARSE, AZ_SETTLED: False, EL_SETTLED: False, FAULT_AZ: , FAULT_EL: 
2026-04-20 00:45:24 [INFO] POS -> AZ: 102.82, EL: 53.33, KEY: -, TARGET: 250.00/70.00, TRACK: True, AZ_ERR: 147.175, EL_ERR: 16.675, AZ_PID: 1143.186, EL_PID: 95.130, EL_FF: 71.100, AZ_PHASE: COARSE, EL_PHASE: COARSE, AZ_SETTLED: False, EL_SETTLED: False, FAULT_AZ: , FAULT_EL: 
2026-04-20 00:45:25 [INFO] POS -> AZ: 200.92, EL: 68.63, KEY: -, TARGET: 250.00/70.00, TRACK: True, AZ_ERR: 49.075, EL_ERR: 1.375, AZ_PID: 361.847, EL_PID: 0.178, EL_FF: 91.500, AZ_PHASE: COARSE, EL_PHASE: APPROACH, AZ_SETTLED: False, EL_SETTLED: False, FAULT_AZ: , FAULT_EL: 
2026-04-20 00:45:26 [INFO] POS -> AZ: 238.72, EL: 69.98, KEY: -, TARGET: 250.00/70.00, TRACK: True, AZ_ERR: 11.275, EL_ERR: 0.025, AZ_PID: 77.196, EL_PID: 0.000, EL_FF: 0.000, AZ_PHASE: COARSE, EL_PHASE: HOLD, AZ_SETTLED: False, EL_SETTLED: True, FAULT_AZ: , FAULT_EL: 
2026-04-20 00:45:27 [INFO] POS -> AZ: 246.82, EL: 69.98, KEY: -, TARGET: 250.00/70.00, TRACK: True, AZ_ERR: 3.175, EL_ERR: 0.025, AZ_PID: 16.273, EL_PID: 0.000, EL_FF: 0.000, AZ_PHASE: COARSE, EL_PHASE: HOLD, AZ_SETTLED: False, EL_SETTLED: True, FAULT_AZ: , FAULT_EL: 
2026-04-20 00:45:28 [INFO] POS -> AZ: 248.85, EL: 69.98, KEY: -, TARGET: 250.00/70.00, TRACK: True, AZ_ERR: 1.150, EL_ERR: 0.025, AZ_PID: 4.387, EL_PID: 0.000, EL_FF: 0.000, AZ_PHASE: APPROACH, EL_PHASE: HOLD, AZ_SETTLED: False, EL_SETTLED: True, FAULT_AZ: , FAULT_EL: 
2026-04-20 00:45:29 [INFO] POS -> AZ: 249.75, EL: 69.98, KEY: -, TARGET: 250.00/70.00, TRACK: True, AZ_ERR: 0.250, EL_ERR: 0.025, AZ_PID: 0.337, EL_PID: 0.000, EL_FF: 0.000, AZ_PHASE: FINE1, EL_PHASE: HOLD, AZ_SETTLED: False, EL_SETTLED: True, FAULT_AZ: , FAULT_EL: 
2026-04-20 00:45:30 [INFO] POS -> AZ: 249.97, EL: 69.98, KEY: -, TARGET: 250.00/70.00, TRACK: True, AZ_ERR: 0.025, EL_ERR: 0.025, AZ_PID: 0.000, EL_PID: 0.000, EL_FF: 0.000, AZ_PHASE: HOLD, EL_PHASE: HOLD, AZ_SETTLED: True, EL_SETTLED: True, FAULT_AZ: , FAULT_EL: 
2026-04-20 00:45:31 [INFO] POS -> AZ: 249.97, EL: 69.98, KEY: -, TARGET: 250.00/70.00, TRACK: True, AZ_ERR: 0.025, EL_ERR: 0.025, AZ_PID: 0.000, EL_PID: 0.000, EL_FF: 0.000, AZ_PHASE: HOLD, EL_PHASE: HOLD, AZ_SETTLED: True, EL_SETTLED: True, FAULT_AZ: , FAULT_EL: 
2026-04-20 00:45:32 [INFO] POS -> AZ: 249.97, EL: 69.98, KEY: -, TARGET: 250.00/70.00, TRACK: True, AZ_ERR: 0.025, EL_ERR: 0.025, AZ_PID: 0.000, EL_PID: 0.000, EL_FF: 0.000, AZ_PHASE: HOLD, EL_PHASE: HOLD, AZ_SETTLED: True, EL_SETTLED: True, FAULT_AZ: , FAULT_EL: 
2026-04-20 00:45:33 [INFO] POS -> AZ: 249.97, EL: 69.98, KEY: -, TARGET: 250.00/70.00, TRACK: True, AZ_ERR: 0.025, EL_ERR: 0.025, AZ_PID: 0.000, EL_PID: 0.000, EL_FF: 0.000, AZ_PHASE: HOLD, EL_PHASE: HOLD, AZ_SETTLED: True, EL_SETTLED: True, FAULT_AZ: , FAULT_EL: 
2026-04-20 00:45:34 [INFO] POS -> AZ: 249.97, EL: 69.98, KEY: -, TARGET: 250.00/70.00, TRACK: True, AZ_ERR: 0.025, EL_ERR: 0.025, AZ_PID: 0.000, EL_PID: 0.000, EL_FF: 0.000, AZ_PHASE: HOLD, EL_PHASE: HOLD, AZ_SETTLED: True, EL_SETTLED: True, FAULT_AZ: , FAULT_EL: 
2026-04-20 00:45:45 [INFO] AZ Motor initialized. SIM: True
2026-04-20 00:45:45 [INFO] EL Motor initialized. SIM: True
2026-04-20 00:45:45 [INFO] rotctl server listening on 0.0.0.0:4533
2026-04-20 00:45:45 [INFO] MONITOR az=249.975 el=69.975 AZ_ERR=0.000 EL_ERR=0.000 AZ_PID=0.000 EL_PID=0.000 EL_FF=0.000
2026-04-20 00:45:46 [INFO] MONITOR az=249.975 el=69.975 AZ_ERR=0.000 EL_ERR=0.000 AZ_PID=0.000 EL_PID=0.000 EL_FF=0.000
2026-04-20 00:45:47 [INFO] MONITOR az=249.975 el=69.975 AZ_ERR=0.000 EL_ERR=0.000 AZ_PID=0.000 EL_PID=0.000 EL_FF=0.000
2026-04-20 00:45:48 [INFO] MONITOR az=249.975 el=69.975 AZ_ERR=0.000 EL_ERR=0.000 AZ_PID=0.000 EL_PID=0.000 EL_FF=0.000
2026-04-20 00:45:49 [INFO] MONITOR az=249.975 el=69.975 AZ_ERR=0.000 EL_ERR=0.000 AZ_PID=0.000 EL_PID=0.000 EL_FF=0.000
2026-04-20 00:45:50 [INFO] MONITOR az=249.975 el=69.975 AZ_ERR=0.000 EL_ERR=0.000 AZ_PID=0.000 EL_PID=0.000 EL_FF=0.000
2026-04-20 00:45:50 [INFO] client connected from 127.0.0.1:58462
2026-04-20 00:45:50 [INFO] client disconnected 127.0.0.1:58462
2026-04-20 00:45:50 [INFO] client connected from 127.0.0.1:58463
2026-04-20 00:45:50 [INFO] RX 127.0.0.1:58463 -> P 350.230 30.120
2026-04-20 00:45:50 [INFO] HAMLIB TARGET -> AZ=350.230 EL=30.120
2026-04-20 00:45:50 [INFO] TX RPRT 0 | TARGET az=350.230 el=30.120 | ACTUAL az=249.975 el=69.975 | AZ_ERR=0.000 EL_ERR=0.000 AZ_PID=0.000 EL_PID=0.000 EL_FF=0.000
2026-04-20 00:45:51 [INFO] MONITOR az=281.925 el=55.575 AZ_ERR=68.530 EL_ERR=-25.455 AZ_PID=490.112 EL_PID=-161.374 EL_FF=0.000
2026-04-20 00:45:51 [INFO] RX 127.0.0.1:58463 -> p
2026-04-20 00:45:51 [INFO] TX 127.0.0.1:58463 <- az=318.150 el=41.625 | faults az='' el=''
2026-04-20 00:45:52 [INFO] MONITOR az=332.550 el=37.350 AZ_ERR=17.680 EL_ERR=-7.230 AZ_PID=120.595 EL_PID=-34.382 EL_FF=0.000
2026-04-20 00:45:52 [INFO] RX 127.0.0.1:58463 -> p
2026-04-20 00:45:52 [INFO] TX 127.0.0.1:58463 <- az=338.625 el=35.325 | faults az='' el=''
2026-04-20 00:45:53 [INFO] RX 127.0.0.1:58463 -> p
2026-04-20 00:45:53 [INFO] TX 127.0.0.1:58463 <- az=345.150 el=32.850 | faults az='' el=''
2026-04-20 00:45:53 [INFO] RX 127.0.0.1:58463 -> R
2026-04-20 00:45:53 [INFO] TX RPRT 0 | reset fault
2026-04-20 00:45:53 [INFO] RX 127.0.0.1:58463 -> S
2026-04-20 00:45:53 [INFO] HAMLIB STOP -> hold current position
2026-04-20 00:45:53 [INFO] TX RPRT 0 | stop
2026-04-20 00:45:53 [INFO] RX 127.0.0.1:58463 -> Q
2026-04-20 00:45:53 [INFO] MONITOR az=345.150 el=32.850 AZ_ERR=0.000 EL_ERR=0.000 AZ_PID=0.000 EL_PID=0.000 EL_FF=0.000
2026-04-20 00:45:54 [INFO] MONITOR az=345.150 el=32.850 AZ_ERR=0.000 EL_ERR=0.000 AZ_PID=0.000 EL_PID=0.000 EL_FF=0.000
2026-04-20 00:45:54 [INFO] client connected from 127.0.0.1:58468
2026-04-20 00:45:54 [INFO] client disconnected 127.0.0.1:58468
2026-04-20 00:45:54 [INFO] client connected from 127.0.0.1:58469
2026-04-20 00:45:54 [INFO] RX 127.0.0.1:58469 -> P 350.230 30.120
2026-04-20 00:45:54 [INFO] HAMLIB TARGET -> AZ=350.230 EL=30.120
2026-04-20 00:45:54 [INFO] TX RPRT 0 | TARGET az=350.230 el=30.120 | ACTUAL az=345.150 el=32.850 | AZ_ERR=0.000 EL_ERR=0.000 AZ_PID=0.000 EL_PID=0.000 EL_FF=0.000
2026-04-20 00:45:55 [INFO] MONITOR az=347.625 el=31.950 AZ_ERR=2.830 EL_ERR=-1.830 AZ_PID=8.135 EL_PID=-5.736 EL_FF=0.000
2026-04-20 00:45:55 [INFO] RX 127.0.0.1:58469 -> p
2026-04-20 00:45:55 [INFO] TX 127.0.0.1:58469 <- az=348.525 el=31.275 | faults az='' el=''
2026-04-20 00:45:56 [INFO] MONITOR az=349.200 el=30.825 AZ_ERR=1.030 EL_ERR=-0.705 AZ_PID=2.311 EL_PID=-1.520 EL_FF=0.000
2026-04-20 00:45:56 [INFO] RX 127.0.0.1:58469 -> p
2026-04-20 00:45:56 [INFO] TX 127.0.0.1:58469 <- az=349.425 el=30.600 | faults az='' el=''
2026-04-20 00:45:57 [INFO] RX 127.0.0.1:58469 -> p
2026-04-20 00:45:57 [INFO] TX 127.0.0.1:58469 <- az=349.875 el=30.375 | faults az='' el=''
2026-04-20 00:45:57 [INFO] RX 127.0.0.1:58469 -> R
2026-04-20 00:45:57 [INFO] TX RPRT 0 | reset fault
2026-04-20 00:45:57 [INFO] RX 127.0.0.1:58469 -> S
2026-04-20 00:45:57 [INFO] HAMLIB STOP -> hold current position
2026-04-20 00:45:57 [INFO] TX RPRT 0 | stop
2026-04-20 00:45:57 [INFO] RX 127.0.0.1:58469 -> Q
2026-04-20 00:45:57 [INFO] MONITOR az=349.875 el=30.375 AZ_ERR=0.000 EL_ERR=0.000 AZ_PID=0.000 EL_PID=0.000 EL_FF=0.000
2026-04-20 00:45:58 [INFO] MONITOR az=349.875 el=30.375 AZ_ERR=0.000 EL_ERR=0.000 AZ_PID=0.000 EL_PID=0.000 EL_FF=0.000
2026-04-20 00:45:59 [INFO] client connected from 127.0.0.1:58472
2026-04-20 00:45:59 [INFO] client disconnected 127.0.0.1:58472
2026-04-20 00:45:59 [INFO] client connected from 127.0.0.1:58473
2026-04-20 00:45:59 [INFO] RX 127.0.0.1:58473 -> P 350.230 30.120
2026-04-20 00:45:59 [INFO] HAMLIB TARGET -> AZ=350.230 EL=30.120
2026-04-20 00:45:59 [INFO] TX RPRT 0 | TARGET az=350.230 el=30.120 | ACTUAL az=349.875 el=30.375 | AZ_ERR=0.000 EL_ERR=0.000 AZ_PID=0.000 EL_PID=0.000 EL_FF=0.000
2026-04-20 00:45:59 [INFO] MONITOR az=350.100 el=30.150 AZ_ERR=0.130 EL_ERR=-0.030 AZ_PID=0.000 EL_PID=0.000 EL_FF=0.000
2026-04-20 00:46:00 [INFO] RX 127.0.0.1:58473 -> p
2026-04-20 00:46:00 [INFO] TX 127.0.0.1:58473 <- az=350.325 el=30.150 | faults az='' el=''
2026-04-20 00:46:00 [INFO] MONITOR az=350.325 el=30.150 AZ_ERR=-0.095 EL_ERR=-0.030 AZ_PID=-0.303 EL_PID=0.000 EL_FF=0.000
2026-04-20 00:46:00 [INFO] RX 127.0.0.1:58473 -> p
2026-04-20 00:46:00 [INFO] TX 127.0.0.1:58473 <- az=350.325 el=30.150 | faults az='' el=''
2026-04-20 00:46:01 [INFO] MONITOR az=350.325 el=30.150 AZ_ERR=-0.095 EL_ERR=-0.030 AZ_PID=-0.247 EL_PID=0.000 EL_FF=0.000
2026-04-20 00:46:01 [INFO] RX 127.0.0.1:58473 -> p
2026-04-20 00:46:01 [INFO] TX 127.0.0.1:58473 <- az=350.325 el=30.150 | faults az='' el=''
2026-04-20 00:46:01 [INFO] RX 127.0.0.1:58473 -> R
2026-04-20 00:46:01 [INFO] TX RPRT 0 | reset fault
2026-04-20 00:46:01 [INFO] RX 127.0.0.1:58473 -> S
2026-04-20 00:46:01 [INFO] HAMLIB STOP -> hold current position
2026-04-20 00:46:01 [INFO] TX RPRT 0 | stop
2026-04-20 00:46:01 [INFO] RX 127.0.0.1:58473 -> Q
2026-04-20 00:46:02 [INFO] MONITOR az=350.325 el=30.150 AZ_ERR=0.000 EL_ERR=0.000 AZ_PID=0.000 EL_PID=0.000 EL_FF=0.000
2026-04-20 00:46:02 [INFO] client connected from 127.0.0.1:58476
2026-04-20 00:46:02 [INFO] client connected from 127.0.0.1:58477
2026-04-20 00:46:02 [INFO] client disconnected 127.0.0.1:58476
2026-04-20 00:46:02 [INFO] RX 127.0.0.1:58477 -> P 350.230 30.120
2026-04-20 00:46:02 [INFO] HAMLIB TARGET -> AZ=350.230 EL=30.120
2026-04-20 00:46:02 [INFO] TX RPRT 0 | TARGET az=350.230 el=30.120 | ACTUAL az=350.325 el=30.150 | AZ_ERR=0.000 EL_ERR=0.000 AZ_PID=0.000 EL_PID=0.000 EL_FF=0.000
2026-04-20 00:46:03 [INFO] MONITOR az=350.100 el=30.150 AZ_ERR=0.130 EL_ERR=-0.030 AZ_PID=1.244 EL_PID=0.000 EL_FF=0.000
2026-04-20 00:46:03 [INFO] RX 127.0.0.1:58477 -> p
2026-04-20 00:46:03 [INFO] TX 127.0.0.1:58477 <- az=350.100 el=30.150 | faults az='' el=''
2026-04-20 00:46:04 [INFO] MONITOR az=350.100 el=30.150 AZ_ERR=0.130 EL_ERR=-0.030 AZ_PID=0.338 EL_PID=0.000 EL_FF=0.000
2026-04-20 00:46:04 [INFO] RX 127.0.0.1:58477 -> p
2026-04-20 00:46:04 [INFO] TX 127.0.0.1:58477 <- az=350.100 el=30.150 | faults az='' el=''
2026-04-20 00:46:05 [INFO] RX 127.0.0.1:58477 -> p
2026-04-20 00:46:05 [INFO] TX 127.0.0.1:58477 <- az=350.100 el=30.150 | faults az='' el=''
2026-04-20 00:46:05 [INFO] RX 127.0.0.1:58477 -> R
2026-04-20 00:46:05 [INFO] TX RPRT 0 | reset fault
2026-04-20 00:46:05 [INFO] RX 127.0.0.1:58477 -> S
2026-04-20 00:46:05 [INFO] HAMLIB STOP -> hold current position
2026-04-20 00:46:05 [INFO] TX RPRT 0 | stop
2026-04-20 00:46:05 [INFO] RX 127.0.0.1:58477 -> Q
2026-04-20 00:46:05 [INFO] MONITOR az=350.100 el=30.150 AZ_ERR=0.000 EL_ERR=0.000 AZ_PID=0.000 EL_PID=0.000 EL_FF=0.000
2026-04-20 00:46:06 [INFO] MONITOR az=350.100 el=30.150 AZ_ERR=0.000 EL_ERR=0.000 AZ_PID=0.000 EL_PID=0.000 EL_FF=0.000
2026-04-20 00:46:07 [INFO] MONITOR az=350.100 el=30.150 AZ_ERR=0.000 EL_ERR=0.000 AZ_PID=0.000 EL_PID=0.000 EL_FF=0.000
2026-04-20 00:46:07 [INFO] client connected from 127.0.0.1:58482
2026-04-20 00:46:07 [INFO] client disconnected 127.0.0.1:58482
2026-04-20 00:46:07 [INFO] client connected from 127.0.0.1:58483
2026-04-20 00:46:07 [INFO] RX 127.0.0.1:58483 -> P 350.230 30.120
2026-04-20 00:46:07 [INFO] HAMLIB TARGET -> AZ=350.230 EL=30.120
2026-04-20 00:46:07 [INFO] TX RPRT 0 | TARGET az=350.230 el=30.120 | ACTUAL az=350.100 el=30.150 | AZ_ERR=0.000 EL_ERR=0.000 AZ_PID=0.000 EL_PID=0.000 EL_FF=0.000
2026-04-20 00:46:08 [INFO] MONITOR az=350.325 el=30.150 AZ_ERR=-0.095 EL_ERR=-0.030 AZ_PID=-0.540 EL_PID=0.000 EL_FF=0.000
2026-04-20 00:46:08 [INFO] RX 127.0.0.1:58483 -> p
2026-04-20 00:46:08 [INFO] TX 127.0.0.1:58483 <- az=350.325 el=30.150 | faults az='' el=''
2026-04-20 00:46:09 [INFO] MONITOR az=350.325 el=30.150 AZ_ERR=-0.095 EL_ERR=-0.030 AZ_PID=-0.247 EL_PID=0.000 EL_FF=0.000
2026-04-20 00:46:09 [INFO] RX 127.0.0.1:58483 -> p
2026-04-20 00:46:09 [INFO] TX 127.0.0.1:58483 <- az=350.325 el=30.150 | faults az='' el=''
2026-04-20 00:46:10 [INFO] MONITOR az=350.325 el=30.150 AZ_ERR=-0.095 EL_ERR=-0.030 AZ_PID=-0.247 EL_PID=0.000 EL_FF=0.000
2026-04-20 00:46:10 [INFO] RX 127.0.0.1:58483 -> p
2026-04-20 00:46:10 [INFO] TX 127.0.0.1:58483 <- az=350.325 el=30.150 | faults az='' el=''
2026-04-20 00:46:10 [INFO] RX 127.0.0.1:58483 -> R
2026-04-20 00:46:10 [INFO] TX RPRT 0 | reset fault
2026-04-20 00:46:10 [INFO] RX 127.0.0.1:58483 -> S
2026-04-20 00:46:10 [INFO] HAMLIB STOP -> hold current position
2026-04-20 00:46:10 [INFO] TX RPRT 0 | stop
2026-04-20 00:46:10 [INFO] RX 127.0.0.1:58483 -> Q
2026-04-20 00:46:11 [INFO] MONITOR az=350.325 el=30.150 AZ_ERR=0.000 EL_ERR=0.000 AZ_PID=0.000 EL_PID=0.000 EL_FF=0.000
2026-04-20 00:46:12 [INFO] MONITOR az=350.325 el=30.150 AZ_ERR=0.000 EL_ERR=0.000 AZ_PID=0.000 EL_PID=0.000 EL_FF=0.000
2026-04-20 00:46:13 [INFO] MONITOR az=350.325 el=30.150 AZ_ERR=0.000 EL_ERR=0.000 AZ_PID=0.000 EL_PID=0.000 EL_FF=0.000
2026-04-20 00:46:14 [INFO] MONITOR az=350.325 el=30.150 AZ_ERR=0.000 EL_ERR=0.000 AZ_PID=0.000 EL_PID=0.000 EL_FF=0.000
2026-04-20 00:46:15 [INFO] MONITOR az=350.325 el=30.150 AZ_ERR=0.000 EL_ERR=0.000 AZ_PID=0.000 EL_PID=0.000 EL_FF=0.000
2026-04-20 00:46:16 [INFO] MONITOR az=350.325 el=30.150 AZ_ERR=0.000 EL_ERR=0.000 AZ_PID=0.000 EL_PID=0.000 EL_FF=0.000
2026-04-20 00:46:17 [INFO] MONITOR az=350.325 el=30.150 AZ_ERR=0.000 EL_ERR=0.000 AZ_PID=0.000 EL_PID=0.000 EL_FF=0.000
2026-04-20 00:46:18 [INFO] MONITOR az=350.325 el=30.150 AZ_ERR=0.000 EL_ERR=0.000 AZ_PID=0.000 EL_PID=0.000 EL_FF=0.000
2026-04-20 00:46:19 [INFO] MONITOR az=350.325 el=30.150 AZ_ERR=0.000 EL_ERR=0.000 AZ_PID=0.000 EL_PID=0.000 EL_FF=0.000
2026-04-20 00:46:20 [INFO] MONITOR az=350.325 el=30.150 AZ_ERR=0.000 EL_ERR=0.000 AZ_PID=0.000 EL_PID=0.000 EL_FF=0.000
2026-04-20 00:46:21 [INFO] MONITOR az=350.325 el=30.150 AZ_ERR=0.000 EL_ERR=0.000 AZ_PID=0.000 EL_PID=0.000 EL_FF=0.000
2026-04-20 00:46:22 [INFO] MONITOR az=350.325 el=30.150 AZ_ERR=0.000 EL_ERR=0.000 AZ_PID=0.000 EL_PID=0.000 EL_FF=0.000
2026-04-20 00:46:23 [INFO] MONITOR az=350.325 el=30.150 AZ_ERR=0.000 EL_ERR=0.000 AZ_PID=0.000 EL_PID=0.000 EL_FF=0.000
2026-04-20 00:46:24 [INFO] MONITOR az=350.325 el=30.150 AZ_ERR=0.000 EL_ERR=0.000 AZ_PID=0.000 EL_PID=0.000 EL_FF=0.000
2026-04-20 00:46:25 [INFO] MONITOR az=350.325 el=30.150 AZ_ERR=0.000 EL_ERR=0.000 AZ_PID=0.000 EL_PID=0.000 EL_FF=0.000
2026-04-20 00:46:26 [INFO] MONITOR az=350.325 el=30.150 AZ_ERR=0.000 EL_ERR=0.000 AZ_PID=0.000 EL_PID=0.000 EL_FF=0.000
2026-04-20 00:46:27 [INFO] MONITOR az=350.325 el=30.150 AZ_ERR=0.000 EL_ERR=0.000 AZ_PID=0.000 EL_PID=0.000 EL_FF=0.000
2026-04-20 00:46:28 [INFO] MONITOR az=350.325 el=30.150 AZ_ERR=0.000 EL_ERR=0.000 AZ_PID=0.000 EL_PID=0.000 EL_FF=0.000
2026-04-20 00:46:29 [INFO] MONITOR az=350.325 el=30.150 AZ_ERR=0.000 EL_ERR=0.000 AZ_PID=0.000 EL_PID=0.000 EL_FF=0.000
2026-04-20 00:46:30 [INFO] MONITOR az=350.325 el=30.150 AZ_ERR=0.000 EL_ERR=0.000 AZ_PID=0.000 EL_PID=0.000 EL_FF=0.000
2026-04-20 00:48:24 [INFO] MONITOR az=350.325 el=30.150 AZ_ERR=0.000 EL_ERR=0.000 AZ_PID=0.000 EL_PID=0.000 EL_FF=0.000
2026-04-20 00:48:25 [INFO] MONITOR az=350.325 el=30.150 AZ_ERR=0.000 EL_ERR=0.000 AZ_PID=0.000 EL_PID=0.000 EL_FF=0.000
2026-04-20 00:48:26 [INFO] MONITOR az=350.325 el=30.150 AZ_ERR=0.000 EL_ERR=0.000 AZ_PID=0.000 EL_PID=0.000 EL_FF=0.000
2026-04-20 00:48:27 [INFO] MONITOR az=350.325 el=30.150 AZ_ERR=0.000 EL_ERR=0.000 AZ_PID=0.000 EL_PID=0.000 EL_FF=0.000
2026-04-20 00:48:28 [INFO] MONITOR az=350.325 el=30.150 AZ_ERR=0.000 EL_ERR=0.000 AZ_PID=0.000 EL_PID=0.000 EL_FF=0.000
2026-04-20 00:48:29 [INFO] MONITOR az=350.325 el=30.150 AZ_ERR=0.000 EL_ERR=0.000 AZ_PID=0.000 EL_PID=0.000 EL_FF=0.000
2026-04-20 00:48:30 [INFO] MONITOR az=350.325 el=30.150 AZ_ERR=0.000 EL_ERR=0.000 AZ_PID=0.000 EL_PID=0.000 EL_FF=0.000
2026-04-20 00:48:31 [INFO] MONITOR az=350.325 el=30.150 AZ_ERR=0.000 EL_ERR=0.000 AZ_PID=0.000 EL_PID=0.000 EL_FF=0.000
2026-04-20 00:48:32 [INFO] MONITOR az=350.325 el=30.150 AZ_ERR=0.000 EL_ERR=0.000 AZ_PID=0.000 EL_PID=0.000 EL_FF=0.000
2026-04-20 00:48:33 [INFO] MONITOR az=350.325 el=30.150 AZ_ERR=0.000 EL_ERR=0.000 AZ_PID=0.000 EL_PID=0.000 EL_FF=0.000
2026-04-20 00:48:34 [INFO] MONITOR az=350.325 el=30.150 AZ_ERR=0.000 EL_ERR=0.000 AZ_PID=0.000 EL_PID=0.000 EL_FF=0.000
2026-04-20 00:48:35 [INFO] MONITOR az=350.325 el=30.150 AZ_ERR=0.000 EL_ERR=0.000 AZ_PID=0.000 EL_PID=0.000 EL_FF=0.000
2026-04-20 00:48:36 [INFO] MONITOR az=350.325 el=30.150 AZ_ERR=0.000 EL_ERR=0.000 AZ_PID=0.000 EL_PID=0.000 EL_FF=0.000
2026-04-20 00:48:37 [INFO] MONITOR az=350.325 el=30.150 AZ_ERR=0.000 EL_ERR=0.000 AZ_PID=0.000 EL_PID=0.000 EL_FF=0.000
2026-04-20 00:48:38 [INFO] MONITOR az=350.325 el=30.150 AZ_ERR=0.000 EL_ERR=0.000 AZ_PID=0.000 EL_PID=0.000 EL_FF=0.000
2026-04-20 00:48:39 [INFO] MONITOR az=350.325 el=30.150 AZ_ERR=0.000 EL_ERR=0.000 AZ_PID=0.000 EL_PID=0.000 EL_FF=0.000
2026-04-20 00:48:40 [INFO] MONITOR az=350.325 el=30.150 AZ_ERR=0.000 EL_ERR=0.000 AZ_PID=0.000 EL_PID=0.000 EL_FF=0.000
2026-04-20 00:48:41 [INFO] MONITOR az=350.325 el=30.150 AZ_ERR=0.000 EL_ERR=0.000 AZ_PID=0.000 EL_PID=0.000 EL_FF=0.000
2026-04-20 00:48:42 [INFO] MONITOR az=350.325 el=30.150 AZ_ERR=0.000 EL_ERR=0.000 AZ_PID=0.000 EL_PID=0.000 EL_FF=0.000
2026-04-20 00:48:43 [INFO] MONITOR az=350.325 el=30.150 AZ_ERR=0.000 EL_ERR=0.000 AZ_PID=0.000 EL_PID=0.000 EL_FF=0.000
2026-04-20 00:48:44 [INFO] MONITOR az=350.325 el=30.150 AZ_ERR=0.000 EL_ERR=0.000 AZ_PID=0.000 EL_PID=0.000 EL_FF=0.000
2026-04-20 00:48:45 [INFO] MONITOR az=350.325 el=30.150 AZ_ERR=0.000 EL_ERR=0.000 AZ_PID=0.000 EL_PID=0.000 EL_FF=0.000
2026-04-20 00:48:46 [INFO] MONITOR az=350.325 el=30.150 AZ_ERR=0.000 EL_ERR=0.000 AZ_PID=0.000 EL_PID=0.000 EL_FF=0.000
2026-04-20 00:48:47 [INFO] MONITOR az=350.325 el=30.150 AZ_ERR=0.000 EL_ERR=0.000 AZ_PID=0.000 EL_PID=0.000 EL_FF=0.000
2026-04-20 00:48:48 [INFO] MONITOR az=350.325 el=30.150 AZ_ERR=0.000 EL_ERR=0.000 AZ_PID=0.000 EL_PID=0.000 EL_FF=0.000
2026-04-20 00:48:49 [INFO] MONITOR az=350.325 el=30.150 AZ_ERR=0.000 EL_ERR=0.000 AZ_PID=0.000 EL_PID=0.000 EL_FF=0.000
2026-04-20 00:48:50 [INFO] MONITOR az=350.325 el=30.150 AZ_ERR=0.000 EL_ERR=0.000 AZ_PID=0.000 EL_PID=0.000 EL_FF=0.000
2026-04-20 00:48:51 [INFO] MONITOR az=350.325 el=30.150 AZ_ERR=0.000 EL_ERR=0.000 AZ_PID=0.000 EL_PID=0.000 EL_FF=0.000
2026-04-20 00:48:52 [INFO] MONITOR az=350.325 el=30.150 AZ_ERR=0.000 EL_ERR=0.000 AZ_PID=0.000 EL_PID=0.000 EL_FF=0.000
2026-04-20 00:48:53 [INFO] MONITOR az=350.325 el=30.150 AZ_ERR=0.000 EL_ERR=0.000 AZ_PID=0.000 EL_PID=0.000 EL_FF=0.000
2026-04-20 00:48:54 [INFO] MONITOR az=350.325 el=30.150 AZ_ERR=0.000 EL_ERR=0.000 AZ_PID=0.000 EL_PID=0.000 EL_FF=0.000
2026-04-20 00:48:55 [INFO] MONITOR az=350.325 el=30.150 AZ_ERR=0.000 EL_ERR=0.000 AZ_PID=0.000 EL_PID=0.000 EL_FF=0.000
2026-04-20 00:48:56 [INFO] MONITOR az=350.325 el=30.150 AZ_ERR=0.000 EL_ERR=0.000 AZ_PID=0.000 EL_PID=0.000 EL_FF=0.000
2026-04-20 00:48:57 [INFO] MONITOR az=350.325 el=30.150 AZ_ERR=0.000 EL_ERR=0.000 AZ_PID=0.000 EL_PID=0.000 EL_FF=0.000
2026-04-20 00:48:58 [INFO] MONITOR az=350.325 el=30.150 AZ_ERR=0.000 EL_ERR=0.000 AZ_PID=0.000 EL_PID=0.000 EL_FF=0.000
2026-04-20 00:48:59 [INFO] MONITOR az=350.325 el=30.150 AZ_ERR=0.000 EL_ERR=0.000 AZ_PID=0.000 EL_PID=0.000 EL_FF=0.000
2026-04-20 00:49:00 [INFO] MONITOR az=350.325 el=30.150 AZ_ERR=0.000 EL_ERR=0.000 AZ_PID=0.000 EL_PID=0.000 EL_FF=0.000
2026-04-20 00:49:01 [INFO] MONITOR az=350.325 el=30.150 AZ_ERR=0.000 EL_ERR=0.000 AZ_PID=0.000 EL_PID=0.000 EL_FF=0.000
2026-04-20 00:49:02 [INFO] MONITOR az=350.325 el=30.150 AZ_ERR=0.000 EL_ERR=0.000 AZ_PID=0.000 EL_PID=0.000 EL_FF=0.000
2026-04-20 00:49:03 [INFO] MONITOR az=350.325 el=30.150 AZ_ERR=0.000 EL_ERR=0.000 AZ_PID=0.000 EL_PID=0.000 EL_FF=0.000
2026-04-20 00:49:04 [INFO] MONITOR az=350.325 el=30.150 AZ_ERR=0.000 EL_ERR=0.000 AZ_PID=0.000 EL_PID=0.000 EL_FF=0.000
2026-04-20 00:49:05 [INFO] MONITOR az=350.325 el=30.150 AZ_ERR=0.000 EL_ERR=0.000 AZ_PID=0.000 EL_PID=0.000 EL_FF=0.000
2026-04-20 00:49:06 [INFO] MONITOR az=350.325 el=30.150 AZ_ERR=0.000 EL_ERR=0.000 AZ_PID=0.000 EL_PID=0.000 EL_FF=0.000
2026-04-20 00:49:07 [INFO] MONITOR az=350.325 el=30.150 AZ_ERR=0.000 EL_ERR=0.000 AZ_PID=0.000 EL_PID=0.000 EL_FF=0.000
2026-04-20 00:49:08 [INFO] MONITOR az=350.325 el=30.150 AZ_ERR=0.000 EL_ERR=0.000 AZ_PID=0.000 EL_PID=0.000 EL_FF=0.000
2026-04-20 00:49:09 [INFO] MONITOR az=350.325 el=30.150 AZ_ERR=0.000 EL_ERR=0.000 AZ_PID=0.000 EL_PID=0.000 EL_FF=0.000
2026-04-20 00:49:10 [INFO] MONITOR az=350.325 el=30.150 AZ_ERR=0.000 EL_ERR=0.000 AZ_PID=0.000 EL_PID=0.000 EL_FF=0.000
2026-04-20 02:47:24 [INFO] MONITOR az=350.325 el=30.150 AZ_ERR=0.000 EL_ERR=0.000 AZ_PID=0.000 EL_PID=0.000 EL_FF=0.000
2026-04-20 02:47:25 [INFO] MONITOR az=350.325 el=30.150 AZ_ERR=0.000 EL_ERR=0.000 AZ_PID=0.000 EL_PID=0.000 EL_FF=0.000
2026-04-20 02:47:26 [INFO] MONITOR az=350.325 el=30.150 AZ_ERR=0.000 EL_ERR=0.000 AZ_PID=0.000 EL_PID=0.000 EL_FF=0.000
2026-04-20 02:47:27 [INFO] MONITOR az=350.325 el=30.150 AZ_ERR=0.000 EL_ERR=0.000 AZ_PID=0.000 EL_PID=0.000 EL_FF=0.000
2026-04-20 02:47:28 [INFO] MONITOR az=350.325 el=30.150 AZ_ERR=0.000 EL_ERR=0.000 AZ_PID=0.000 EL_PID=0.000 EL_FF=0.000
2026-04-20 02:47:29 [INFO] MONITOR az=350.325 el=30.150 AZ_ERR=0.000 EL_ERR=0.000 AZ_PID=0.000 EL_PID=0.000 EL_FF=0.000
2026-04-20 02:47:30 [INFO] MONITOR az=350.325 el=30.150 AZ_ERR=0.000 EL_ERR=0.000 AZ_PID=0.000 EL_PID=0.000 EL_FF=0.000
2026-04-20 02:47:31 [INFO] MONITOR az=350.325 el=30.150 AZ_ERR=0.000 EL_ERR=0.000 AZ_PID=0.000 EL_PID=0.000 EL_FF=0.000
2026-04-20 02:47:32 [INFO] MONITOR az=350.325 el=30.150 AZ_ERR=0.000 EL_ERR=0.000 AZ_PID=0.000 EL_PID=0.000 EL_FF=0.000
2026-04-20 02:47:33 [INFO] MONITOR az=350.325 el=30.150 AZ_ERR=0.000 EL_ERR=0.000 AZ_PID=0.000 EL_PID=0.000 EL_FF=0.000
2026-04-20 02:47:34 [INFO] MONITOR az=350.325 el=30.150 AZ_ERR=0.000 EL_ERR=0.000 AZ_PID=0.000 EL_PID=0.000 EL_FF=0.000
2026-04-20 02:47:35 [INFO] MONITOR az=350.325 el=30.150 AZ_ERR=0.000 EL_ERR=0.000 AZ_PID=0.000 EL_PID=0.000 EL_FF=0.000
2026-04-20 02:47:36 [INFO] MONITOR az=350.325 el=30.150 AZ_ERR=0.000 EL_ERR=0.000 AZ_PID=0.000 EL_PID=0.000 EL_FF=0.000
2026-04-20 02:47:37 [INFO] MONITOR az=350.325 el=30.150 AZ_ERR=0.000 EL_ERR=0.000 AZ_PID=0.000 EL_PID=0.000 EL_FF=0.000
2026-04-20 02:47:38 [INFO] MONITOR az=350.325 el=30.150 AZ_ERR=0.000 EL_ERR=0.000 AZ_PID=0.000 EL_PID=0.000 EL_FF=0.000
2026-04-20 02:47:39 [INFO] MONITOR az=350.325 el=30.150 AZ_ERR=0.000 EL_ERR=0.000 AZ_PID=0.000 EL_PID=0.000 EL_FF=0.000
2026-04-20 03:04:06 [INFO] MONITOR az=350.325 el=30.150 AZ_ERR=0.000 EL_ERR=0.000 AZ_PID=0.000 EL_PID=0.000 EL_FF=0.000
2026-04-20 03:04:07 [INFO] MONITOR az=350.325 el=30.150 AZ_ERR=0.000 EL_ERR=0.000 AZ_PID=0.000 EL_PID=0.000 EL_FF=0.000
2026-04-20 03:04:08 [INFO] MONITOR az=350.325 el=30.150 AZ_ERR=0.000 EL_ERR=0.000 AZ_PID=0.000 EL_PID=0.000 EL_FF=0.000
2026-04-20 03:04:09 [INFO] MONITOR az=350.325 el=30.150 AZ_ERR=0.000 EL_ERR=0.000 AZ_PID=0.000 EL_PID=0.000 EL_FF=0.000
2026-04-20 03:04:10 [INFO] MONITOR az=350.325 el=30.150 AZ_ERR=0.000 EL_ERR=0.000 AZ_PID=0.000 EL_PID=0.000 EL_FF=0.000
2026-04-20 03:48:25 [INFO] MONITOR az=350.325 el=30.150 AZ_ERR=0.000 EL_ERR=0.000 AZ_PID=0.000 EL_PID=0.000 EL_FF=0.000
2026-04-20 03:48:26 [INFO] MONITOR az=350.325 el=30.150 AZ_ERR=0.000 EL_ERR=0.000 AZ_PID=0.000 EL_PID=0.000 EL_FF=0.000
2026-04-20 03:48:27 [INFO] MONITOR az=350.325 el=30.150 AZ_ERR=0.000 EL_ERR=0.000 AZ_PID=0.000 EL_PID=0.000 EL_FF=0.000
2026-04-20 03:48:28 [INFO] MONITOR az=350.325 el=30.150 AZ_ERR=0.000 EL_ERR=0.000 AZ_PID=0.000 EL_PID=0.000 EL_FF=0.000
2026-04-20 03:48:29 [INFO] MONITOR az=350.325 el=30.150 AZ_ERR=0.000 EL_ERR=0.000 AZ_PID=0.000 EL_PID=0.000 EL_FF=0.000
2026-04-20 03:48:30 [INFO] MONITOR az=350.325 el=30.150 AZ_ERR=0.000 EL_ERR=0.000 AZ_PID=0.000 EL_PID=0.000 EL_FF=0.000
2026-04-20 03:48:31 [INFO] MONITOR az=350.325 el=30.150 AZ_ERR=0.000 EL_ERR=0.000 AZ_PID=0.000 EL_PID=0.000 EL_FF=0.000
2026-04-20 03:48:32 [INFO] MONITOR az=350.325 el=30.150 AZ_ERR=0.000 EL_ERR=0.000 AZ_PID=0.000 EL_PID=0.000 EL_FF=0.000
2026-04-20 03:48:33 [INFO] MONITOR az=350.325 el=30.150 AZ_ERR=0.000 EL_ERR=0.000 AZ_PID=0.000 EL_PID=0.000 EL_FF=0.000
2026-04-20 03:48:34 [INFO] MONITOR az=350.325 el=30.150 AZ_ERR=0.000 EL_ERR=0.000 AZ_PID=0.000 EL_PID=0.000 EL_FF=0.000
2026-04-20 03:48:35 [INFO] MONITOR az=350.325 el=30.150 AZ_ERR=0.000 EL_ERR=0.000 AZ_PID=0.000 EL_PID=0.000 EL_FF=0.000
2026-04-20 03:48:36 [INFO] MONITOR az=350.325 el=30.150 AZ_ERR=0.000 EL_ERR=0.000 AZ_PID=0.000 EL_PID=0.000 EL_FF=0.000
2026-04-20 03:48:37 [INFO] MONITOR az=350.325 el=30.150 AZ_ERR=0.000 EL_ERR=0.000 AZ_PID=0.000 EL_PID=0.000 EL_FF=0.000
2026-04-20 03:48:38 [INFO] MONITOR az=350.325 el=30.150 AZ_ERR=0.000 EL_ERR=0.000 AZ_PID=0.000 EL_PID=0.000 EL_FF=0.000
2026-04-20 03:48:39 [INFO] MONITOR az=350.325 el=30.150 AZ_ERR=0.000 EL_ERR=0.000 AZ_PID=0.000 EL_PID=0.000 EL_FF=0.000
2026-04-20 03:48:40 [INFO] MONITOR az=350.325 el=30.150 AZ_ERR=0.000 EL_ERR=0.000 AZ_PID=0.000 EL_PID=0.000 EL_FF=0.000
2026-04-20 03:48:41 [INFO] MONITOR az=350.325 el=30.150 AZ_ERR=0.000 EL_ERR=0.000 AZ_PID=0.000 EL_PID=0.000 EL_FF=0.000
2026-04-20 03:48:42 [INFO] MONITOR az=350.325 el=30.150 AZ_ERR=0.000 EL_ERR=0.000 AZ_PID=0.000 EL_PID=0.000 EL_FF=0.000
2026-04-20 03:48:43 [INFO] MONITOR az=350.325 el=30.150 AZ_ERR=0.000 EL_ERR=0.000 AZ_PID=0.000 EL_PID=0.000 EL_FF=0.000
2026-04-20 03:48:44 [INFO] MONITOR az=350.325 el=30.150 AZ_ERR=0.000 EL_ERR=0.000 AZ_PID=0.000 EL_PID=0.000 EL_FF=0.000
2026-04-20 03:48:45 [INFO] MONITOR az=350.325 el=30.150 AZ_ERR=0.000 EL_ERR=0.000 AZ_PID=0.000 EL_PID=0.000 EL_FF=0.000
2026-04-20 03:48:46 [INFO] MONITOR az=350.325 el=30.150 AZ_ERR=0.000 EL_ERR=0.000 AZ_PID=0.000 EL_PID=0.000 EL_FF=0.000
2026-04-20 03:48:47 [INFO] MONITOR az=350.325 el=30.150 AZ_ERR=0.000 EL_ERR=0.000 AZ_PID=0.000 EL_PID=0.000 EL_FF=0.000
2026-04-20 03:48:48 [INFO] MONITOR az=350.325 el=30.150 AZ_ERR=0.000 EL_ERR=0.000 AZ_PID=0.000 EL_PID=0.000 EL_FF=0.000
2026-04-20 03:48:49 [INFO] MONITOR az=350.325 el=30.150 AZ_ERR=0.000 EL_ERR=0.000 AZ_PID=0.000 EL_PID=0.000 EL_FF=0.000
2026-04-20 03:48:50 [INFO] MONITOR az=350.325 el=30.150 AZ_ERR=0.000 EL_ERR=0.000 AZ_PID=0.000 EL_PID=0.000 EL_FF=0.000
2026-04-20 03:48:51 [INFO] MONITOR az=350.325 el=30.150 AZ_ERR=0.000 EL_ERR=0.000 AZ_PID=0.000 EL_PID=0.000 EL_FF=0.000
2026-04-20 03:48:52 [INFO] MONITOR az=350.325 el=30.150 AZ_ERR=0.000 EL_ERR=0.000 AZ_PID=0.000 EL_PID=0.000 EL_FF=0.000
2026-04-20 03:48:53 [INFO] MONITOR az=350.325 el=30.150 AZ_ERR=0.000 EL_ERR=0.000 AZ_PID=0.000 EL_PID=0.000 EL_FF=0.000
2026-04-20 03:48:54 [INFO] MONITOR az=350.325 el=30.150 AZ_ERR=0.000 EL_ERR=0.000 AZ_PID=0.000 EL_PID=0.000 EL_FF=0.000
2026-04-20 03:48:55 [INFO] MONITOR az=350.325 el=30.150 AZ_ERR=0.000 EL_ERR=0.000 AZ_PID=0.000 EL_PID=0.000 EL_FF=0.000
2026-04-20 03:48:56 [INFO] MONITOR az=350.325 el=30.150 AZ_ERR=0.000 EL_ERR=0.000 AZ_PID=0.000 EL_PID=0.000 EL_FF=0.000
2026-04-20 03:48:57 [INFO] MONITOR az=350.325 el=30.150 AZ_ERR=0.000 EL_ERR=0.000 AZ_PID=0.000 EL_PID=0.000 EL_FF=0.000
2026-04-20 03:48:58 [INFO] MONITOR az=350.325 el=30.150 AZ_ERR=0.000 EL_ERR=0.000 AZ_PID=0.000 EL_PID=0.000 EL_FF=0.000
2026-04-20 03:48:59 [INFO] MONITOR az=350.325 el=30.150 AZ_ERR=0.000 EL_ERR=0.000 AZ_PID=0.000 EL_PID=0.000 EL_FF=0.000
2026-04-20 03:49:00 [INFO] MONITOR az=350.325 el=30.150 AZ_ERR=0.000 EL_ERR=0.000 AZ_PID=0.000 EL_PID=0.000 EL_FF=0.000
2026-04-20 03:49:01 [INFO] MONITOR az=350.325 el=30.150 AZ_ERR=0.000 EL_ERR=0.000 AZ_PID=0.000 EL_PID=0.000 EL_FF=0.000
2026-04-20 03:49:02 [INFO] MONITOR az=350.325 el=30.150 AZ_ERR=0.000 EL_ERR=0.000 AZ_PID=0.000 EL_PID=0.000 EL_FF=0.000
2026-04-20 03:49:03 [INFO] MONITOR az=350.325 el=30.150 AZ_ERR=0.000 EL_ERR=0.000 AZ_PID=0.000 EL_PID=0.000 EL_FF=0.000
2026-04-20 03:49:04 [INFO] MONITOR az=350.325 el=30.150 AZ_ERR=0.000 EL_ERR=0.000 AZ_PID=0.000 EL_PID=0.000 EL_FF=0.000
2026-04-20 03:49:05 [INFO] MONITOR az=350.325 el=30.150 AZ_ERR=0.000 EL_ERR=0.000 AZ_PID=0.000 EL_PID=0.000 EL_FF=0.000
2026-04-20 03:49:06 [INFO] MONITOR az=350.325 el=30.150 AZ_ERR=0.000 EL_ERR=0.000 AZ_PID=0.000 EL_PID=0.000 EL_FF=0.000
2026-04-20 03:49:07 [INFO] MONITOR az=350.325 el=30.150 AZ_ERR=0.000 EL_ERR=0.000 AZ_PID=0.000 EL_PID=0.000 EL_FF=0.000
2026-04-20 03:49:08 [INFO] MONITOR az=350.325 el=30.150 AZ_ERR=0.000 EL_ERR=0.000 AZ_PID=0.000 EL_PID=0.000 EL_FF=0.000
2026-04-20 03:49:09 [INFO] MONITOR az=350.325 el=30.150 AZ_ERR=0.000 EL_ERR=0.000 AZ_PID=0.000 EL_PID=0.000 EL_FF=0.000
2026-04-20 03:49:10 [INFO] MONITOR az=350.325 el=30.150 AZ_ERR=0.000 EL_ERR=0.000 AZ_PID=0.000 EL_PID=0.000 EL_FF=0.000
2026-04-20 03:49:11 [INFO] MONITOR az=350.325 el=30.150 AZ_ERR=0.000 EL_ERR=0.000 AZ_PID=0.000 EL_PID=0.000 EL_FF=0.000
2026-04-20 04:49:25 [INFO] MONITOR az=350.325 el=30.150 AZ_ERR=0.000 EL_ERR=0.000 AZ_PID=0.000 EL_PID=0.000 EL_FF=0.000
2026-04-20 04:49:26 [INFO] MONITOR az=350.325 el=30.150 AZ_ERR=0.000 EL_ERR=0.000 AZ_PID=0.000 EL_PID=0.000 EL_FF=0.000
2026-04-20 04:49:27 [INFO] MONITOR az=350.325 el=30.150 AZ_ERR=0.000 EL_ERR=0.000 AZ_PID=0.000 EL_PID=0.000 EL_FF=0.000
2026-04-20 04:49:28 [INFO] MONITOR az=350.325 el=30.150 AZ_ERR=0.000 EL_ERR=0.000 AZ_PID=0.000 EL_PID=0.000 EL_FF=0.000
2026-04-20 04:49:29 [INFO] MONITOR az=350.325 el=30.150 AZ_ERR=0.000 EL_ERR=0.000 AZ_PID=0.000 EL_PID=0.000 EL_FF=0.000
2026-04-20 04:49:30 [INFO] MONITOR az=350.325 el=30.150 AZ_ERR=0.000 EL_ERR=0.000 AZ_PID=0.000 EL_PID=0.000 EL_FF=0.000
2026-04-20 04:49:31 [INFO] MONITOR az=350.325 el=30.150 AZ_ERR=0.000 EL_ERR=0.000 AZ_PID=0.000 EL_PID=0.000 EL_FF=0.000
2026-04-20 04:49:32 [INFO] MONITOR az=350.325 el=30.150 AZ_ERR=0.000 EL_ERR=0.000 AZ_PID=0.000 EL_PID=0.000 EL_FF=0.000
2026-04-20 04:49:33 [INFO] MONITOR az=350.325 el=30.150 AZ_ERR=0.000 EL_ERR=0.000 AZ_PID=0.000 EL_PID=0.000 EL_FF=0.000
2026-04-20 04:49:34 [INFO] MONITOR az=350.325 el=30.150 AZ_ERR=0.000 EL_ERR=0.000 AZ_PID=0.000 EL_PID=0.000 EL_FF=0.000
2026-04-20 04:49:35 [INFO] MONITOR az=350.325 el=30.150 AZ_ERR=0.000 EL_ERR=0.000 AZ_PID=0.000 EL_PID=0.000 EL_FF=0.000
2026-04-20 04:49:36 [INFO] MONITOR az=350.325 el=30.150 AZ_ERR=0.000 EL_ERR=0.000 AZ_PID=0.000 EL_PID=0.000 EL_FF=0.000
2026-04-20 04:49:37 [INFO] MONITOR az=350.325 el=30.150 AZ_ERR=0.000 EL_ERR=0.000 AZ_PID=0.000 EL_PID=0.000 EL_FF=0.000
2026-04-20 04:49:38 [INFO] MONITOR az=350.325 el=30.150 AZ_ERR=0.000 EL_ERR=0.000 AZ_PID=0.000 EL_PID=0.000 EL_FF=0.000
2026-04-20 04:49:39 [INFO] MONITOR az=350.325 el=30.150 AZ_ERR=0.000 EL_ERR=0.000 AZ_PID=0.000 EL_PID=0.000 EL_FF=0.000
2026-04-20 04:49:40 [INFO] MONITOR az=350.325 el=30.150 AZ_ERR=0.000 EL_ERR=0.000 AZ_PID=0.000 EL_PID=0.000 EL_FF=0.000
2026-04-20 04:49:41 [INFO] MONITOR az=350.325 el=30.150 AZ_ERR=0.000 EL_ERR=0.000 AZ_PID=0.000 EL_PID=0.000 EL_FF=0.000
2026-04-20 04:49:42 [INFO] MONITOR az=350.325 el=30.150 AZ_ERR=0.000 EL_ERR=0.000 AZ_PID=0.000 EL_PID=0.000 EL_FF=0.000
2026-04-20 04:49:43 [INFO] MONITOR az=350.325 el=30.150 AZ_ERR=0.000 EL_ERR=0.000 AZ_PID=0.000 EL_PID=0.000 EL_FF=0.000
2026-04-20 04:49:44 [INFO] MONITOR az=350.325 el=30.150 AZ_ERR=0.000 EL_ERR=0.000 AZ_PID=0.000 EL_PID=0.000 EL_FF=0.000
2026-04-20 04:49:45 [INFO] MONITOR az=350.325 el=30.150 AZ_ERR=0.000 EL_ERR=0.000 AZ_PID=0.000 EL_PID=0.000 EL_FF=0.000
2026-04-20 04:49:46 [INFO] MONITOR az=350.325 el=30.150 AZ_ERR=0.000 EL_ERR=0.000 AZ_PID=0.000 EL_PID=0.000 EL_FF=0.000
2026-04-20 04:49:47 [INFO] MONITOR az=350.325 el=30.150 AZ_ERR=0.000 EL_ERR=0.000 AZ_PID=0.000 EL_PID=0.000 EL_FF=0.000
2026-04-20 04:49:48 [INFO] MONITOR az=350.325 el=30.150 AZ_ERR=0.000 EL_ERR=0.000 AZ_PID=0.000 EL_PID=0.000 EL_FF=0.000
2026-04-20 04:49:49 [INFO] MONITOR az=350.325 el=30.150 AZ_ERR=0.000 EL_ERR=0.000 AZ_PID=0.000 EL_PID=0.000 EL_FF=0.000
2026-04-20 04:49:50 [INFO] MONITOR az=350.325 el=30.150 AZ_ERR=0.000 EL_ERR=0.000 AZ_PID=0.000 EL_PID=0.000 EL_FF=0.000
2026-04-20 04:49:51 [INFO] MONITOR az=350.325 el=30.150 AZ_ERR=0.000 EL_ERR=0.000 AZ_PID=0.000 EL_PID=0.000 EL_FF=0.000
2026-04-20 04:49:52 [INFO] MONITOR az=350.325 el=30.150 AZ_ERR=0.000 EL_ERR=0.000 AZ_PID=0.000 EL_PID=0.000 EL_FF=0.000
2026-04-20 04:49:53 [INFO] MONITOR az=350.325 el=30.150 AZ_ERR=0.000 EL_ERR=0.000 AZ_PID=0.000 EL_PID=0.000 EL_FF=0.000
2026-04-20 04:49:54 [INFO] MONITOR az=350.325 el=30.150 AZ_ERR=0.000 EL_ERR=0.000 AZ_PID=0.000 EL_PID=0.000 EL_FF=0.000
2026-04-20 04:49:55 [INFO] MONITOR az=350.325 el=30.150 AZ_ERR=0.000 EL_ERR=0.000 AZ_PID=0.000 EL_PID=0.000 EL_FF=0.000
2026-04-20 04:49:56 [INFO] MONITOR az=350.325 el=30.150 AZ_ERR=0.000 EL_ERR=0.000 AZ_PID=0.000 EL_PID=0.000 EL_FF=0.000
2026-04-20 04:49:57 [INFO] MONITOR az=350.325 el=30.150 AZ_ERR=0.000 EL_ERR=0.000 AZ_PID=0.000 EL_PID=0.000 EL_FF=0.000
2026-04-20 04:49:58 [INFO] MONITOR az=350.325 el=30.150 AZ_ERR=0.000 EL_ERR=0.000 AZ_PID=0.000 EL_PID=0.000 EL_FF=0.000
2026-04-20 04:49:59 [INFO] MONITOR az=350.325 el=30.150 AZ_ERR=0.000 EL_ERR=0.000 AZ_PID=0.000 EL_PID=0.000 EL_FF=0.000
2026-04-20 04:50:00 [INFO] MONITOR az=350.325 el=30.150 AZ_ERR=0.000 EL_ERR=0.000 AZ_PID=0.000 EL_PID=0.000 EL_FF=0.000
2026-04-20 04:50:01 [INFO] MONITOR az=350.325 el=30.150 AZ_ERR=0.000 EL_ERR=0.000 AZ_PID=0.000 EL_PID=0.000 EL_FF=0.000
2026-04-20 04:50:02 [INFO] MONITOR az=350.325 el=30.150 AZ_ERR=0.000 EL_ERR=0.000 AZ_PID=0.000 EL_PID=0.000 EL_FF=0.000
2026-04-20 04:50:03 [INFO] MONITOR az=350.325 el=30.150 AZ_ERR=0.000 EL_ERR=0.000 AZ_PID=0.000 EL_PID=0.000 EL_FF=0.000
2026-04-20 04:50:04 [INFO] MONITOR az=350.325 el=30.150 AZ_ERR=0.000 EL_ERR=0.000 AZ_PID=0.000 EL_PID=0.000 EL_FF=0.000
2026-04-20 04:50:05 [INFO] MONITOR az=350.325 el=30.150 AZ_ERR=0.000 EL_ERR=0.000 AZ_PID=0.000 EL_PID=0.000 EL_FF=0.000
2026-04-20 04:50:06 [INFO] MONITOR az=350.325 el=30.150 AZ_ERR=0.000 EL_ERR=0.000 AZ_PID=0.000 EL_PID=0.000 EL_FF=0.000
2026-04-20 04:50:07 [INFO] MONITOR az=350.325 el=30.150 AZ_ERR=0.000 EL_ERR=0.000 AZ_PID=0.000 EL_PID=0.000 EL_FF=0.000
2026-04-20 04:50:08 [INFO] MONITOR az=350.325 el=30.150 AZ_ERR=0.000 EL_ERR=0.000 AZ_PID=0.000 EL_PID=0.000 EL_FF=0.000
2026-04-20 04:50:09 [INFO] MONITOR az=350.325 el=30.150 AZ_ERR=0.000 EL_ERR=0.000 AZ_PID=0.000 EL_PID=0.000 EL_FF=0.000
2026-04-20 04:50:10 [INFO] MONITOR az=350.325 el=30.150 AZ_ERR=0.000 EL_ERR=0.000 AZ_PID=0.000 EL_PID=0.000 EL_FF=0.000
2026-04-20 04:50:11 [INFO] MONITOR az=350.325 el=30.150 AZ_ERR=0.000 EL_ERR=0.000 AZ_PID=0.000 EL_PID=0.000 EL_FF=0.000
2026-04-20 05:50:25 [INFO] MONITOR az=350.325 el=30.150 AZ_ERR=0.000 EL_ERR=0.000 AZ_PID=0.000 EL_PID=0.000 EL_FF=0.000
2026-04-20 05:50:26 [INFO] MONITOR az=350.325 el=30.150 AZ_ERR=0.000 EL_ERR=0.000 AZ_PID=0.000 EL_PID=0.000 EL_FF=0.000
2026-04-20 05:50:27 [INFO] MONITOR az=350.325 el=30.150 AZ_ERR=0.000 EL_ERR=0.000 AZ_PID=0.000 EL_PID=0.000 EL_FF=0.000
2026-04-20 05:50:28 [INFO] MONITOR az=350.325 el=30.150 AZ_ERR=0.000 EL_ERR=0.000 AZ_PID=0.000 EL_PID=0.000 EL_FF=0.000
2026-04-20 05:50:29 [INFO] MONITOR az=350.325 el=30.150 AZ_ERR=0.000 EL_ERR=0.000 AZ_PID=0.000 EL_PID=0.000 EL_FF=0.000
2026-04-20 05:50:30 [INFO] MONITOR az=350.325 el=30.150 AZ_ERR=0.000 EL_ERR=0.000 AZ_PID=0.000 EL_PID=0.000 EL_FF=0.000
2026-04-20 05:50:31 [INFO] MONITOR az=350.325 el=30.150 AZ_ERR=0.000 EL_ERR=0.000 AZ_PID=0.000 EL_PID=0.000 EL_FF=0.000
2026-04-20 05:50:32 [INFO] MONITOR az=350.325 el=30.150 AZ_ERR=0.000 EL_ERR=0.000 AZ_PID=0.000 EL_PID=0.000 EL_FF=0.000
2026-04-20 05:50:33 [INFO] MONITOR az=350.325 el=30.150 AZ_ERR=0.000 EL_ERR=0.000 AZ_PID=0.000 EL_PID=0.000 EL_FF=0.000
2026-04-20 05:50:34 [INFO] MONITOR az=350.325 el=30.150 AZ_ERR=0.000 EL_ERR=0.000 AZ_PID=0.000 EL_PID=0.000 EL_FF=0.000
2026-04-20 05:50:35 [INFO] MONITOR az=350.325 el=30.150 AZ_ERR=0.000 EL_ERR=0.000 AZ_PID=0.000 EL_PID=0.000 EL_FF=0.000
2026-04-20 05:50:36 [INFO] MONITOR az=350.325 el=30.150 AZ_ERR=0.000 EL_ERR=0.000 AZ_PID=0.000 EL_PID=0.000 EL_FF=0.000
2026-04-20 05:50:37 [INFO] MONITOR az=350.325 el=30.150 AZ_ERR=0.000 EL_ERR=0.000 AZ_PID=0.000 EL_PID=0.000 EL_FF=0.000
2026-04-20 05:50:38 [INFO] MONITOR az=350.325 el=30.150 AZ_ERR=0.000 EL_ERR=0.000 AZ_PID=0.000 EL_PID=0.000 EL_FF=0.000
2026-04-20 05:50:39 [INFO] MONITOR az=350.325 el=30.150 AZ_ERR=0.000 EL_ERR=0.000 AZ_PID=0.000 EL_PID=0.000 EL_FF=0.000
2026-04-20 05:50:40 [INFO] MONITOR az=350.325 el=30.150 AZ_ERR=0.000 EL_ERR=0.000 AZ_PID=0.000 EL_PID=0.000 EL_FF=0.000
2026-04-20 05:50:41 [INFO] MONITOR az=350.325 el=30.150 AZ_ERR=0.000 EL_ERR=0.000 AZ_PID=0.000 EL_PID=0.000 EL_FF=0.000
2026-04-20 05:50:42 [INFO] MONITOR az=350.325 el=30.150 AZ_ERR=0.000 EL_ERR=0.000 AZ_PID=0.000 EL_PID=0.000 EL_FF=0.000
2026-04-20 05:50:43 [INFO] MONITOR az=350.325 el=30.150 AZ_ERR=0.000 EL_ERR=0.000 AZ_PID=0.000 EL_PID=0.000 EL_FF=0.000
2026-04-20 05:50:44 [INFO] MONITOR az=350.325 el=30.150 AZ_ERR=0.000 EL_ERR=0.000 AZ_PID=0.000 EL_PID=0.000 EL_FF=0.000
2026-04-20 05:50:45 [INFO] MONITOR az=350.325 el=30.150 AZ_ERR=0.000 EL_ERR=0.000 AZ_PID=0.000 EL_PID=0.000 EL_FF=0.000
2026-04-20 05:50:46 [INFO] MONITOR az=350.325 el=30.150 AZ_ERR=0.000 EL_ERR=0.000 AZ_PID=0.000 EL_PID=0.000 EL_FF=0.000
2026-04-20 05:50:47 [INFO] MONITOR az=350.325 el=30.150 AZ_ERR=0.000 EL_ERR=0.000 AZ_PID=0.000 EL_PID=0.000 EL_FF=0.000
2026-04-20 05:50:48 [INFO] MONITOR az=350.325 el=30.150 AZ_ERR=0.000 EL_ERR=0.000 AZ_PID=0.000 EL_PID=0.000 EL_FF=0.000
2026-04-20 05:50:49 [INFO] MONITOR az=350.325 el=30.150 AZ_ERR=0.000 EL_ERR=0.000 AZ_PID=0.000 EL_PID=0.000 EL_FF=0.000
2026-04-20 05:50:50 [INFO] MONITOR az=350.325 el=30.150 AZ_ERR=0.000 EL_ERR=0.000 AZ_PID=0.000 EL_PID=0.000 EL_FF=0.000
2026-04-20 05:50:51 [INFO] MONITOR az=350.325 el=30.150 AZ_ERR=0.000 EL_ERR=0.000 AZ_PID=0.000 EL_PID=0.000 EL_FF=0.000
2026-04-20 05:50:52 [INFO] MONITOR az=350.325 el=30.150 AZ_ERR=0.000 EL_ERR=0.000 AZ_PID=0.000 EL_PID=0.000 EL_FF=0.000
2026-04-20 05:50:53 [INFO] MONITOR az=350.325 el=30.150 AZ_ERR=0.000 EL_ERR=0.000 AZ_PID=0.000 EL_PID=0.000 EL_FF=0.000
2026-04-20 05:50:55 [INFO] MONITOR az=350.325 el=30.150 AZ_ERR=0.000 EL_ERR=0.000 AZ_PID=0.000 EL_PID=0.000 EL_FF=0.000
2026-04-20 05:50:56 [INFO] MONITOR az=350.325 el=30.150 AZ_ERR=0.000 EL_ERR=0.000 AZ_PID=0.000 EL_PID=0.000 EL_FF=0.000
2026-04-20 05:50:57 [INFO] MONITOR az=350.325 el=30.150 AZ_ERR=0.000 EL_ERR=0.000 AZ_PID=0.000 EL_PID=0.000 EL_FF=0.000
2026-04-20 05:50:58 [INFO] MONITOR az=350.325 el=30.150 AZ_ERR=0.000 EL_ERR=0.000 AZ_PID=0.000 EL_PID=0.000 EL_FF=0.000
2026-04-20 05:50:59 [INFO] MONITOR az=350.325 el=30.150 AZ_ERR=0.000 EL_ERR=0.000 AZ_PID=0.000 EL_PID=0.000 EL_FF=0.000
2026-04-20 05:51:00 [INFO] MONITOR az=350.325 el=30.150 AZ_ERR=0.000 EL_ERR=0.000 AZ_PID=0.000 EL_PID=0.000 EL_FF=0.000
2026-04-20 05:51:01 [INFO] MONITOR az=350.325 el=30.150 AZ_ERR=0.000 EL_ERR=0.000 AZ_PID=0.000 EL_PID=0.000 EL_FF=0.000
2026-04-20 05:51:02 [INFO] MONITOR az=350.325 el=30.150 AZ_ERR=0.000 EL_ERR=0.000 AZ_PID=0.000 EL_PID=0.000 EL_FF=0.000
2026-04-20 05:51:03 [INFO] MONITOR az=350.325 el=30.150 AZ_ERR=0.000 EL_ERR=0.000 AZ_PID=0.000 EL_PID=0.000 EL_FF=0.000
2026-04-20 05:51:04 [INFO] MONITOR az=350.325 el=30.150 AZ_ERR=0.000 EL_ERR=0.000 AZ_PID=0.000 EL_PID=0.000 EL_FF=0.000
2026-04-20 05:51:05 [INFO] MONITOR az=350.325 el=30.150 AZ_ERR=0.000 EL_ERR=0.000 AZ_PID=0.000 EL_PID=0.000 EL_FF=0.000
2026-04-20 05:51:06 [INFO] MONITOR az=350.325 el=30.150 AZ_ERR=0.000 EL_ERR=0.000 AZ_PID=0.000 EL_PID=0.000 EL_FF=0.000
2026-04-20 05:51:07 [INFO] MONITOR az=350.325 el=30.150 AZ_ERR=0.000 EL_ERR=0.000 AZ_PID=0.000 EL_PID=0.000 EL_FF=0.000
2026-04-20 05:51:08 [INFO] MONITOR az=350.325 el=30.150 AZ_ERR=0.000 EL_ERR=0.000 AZ_PID=0.000 EL_PID=0.000 EL_FF=0.000
2026-04-20 05:51:09 [INFO] MONITOR az=350.325 el=30.150 AZ_ERR=0.000 EL_ERR=0.000 AZ_PID=0.000 EL_PID=0.000 EL_FF=0.000
2026-04-20 05:51:10 [INFO] MONITOR az=350.325 el=30.150 AZ_ERR=0.000 EL_ERR=0.000 AZ_PID=0.000 EL_PID=0.000 EL_FF=0.000
2026-04-20 05:51:11 [INFO] MONITOR az=350.325 el=30.150 AZ_ERR=0.000 EL_ERR=0.000 AZ_PID=0.000 EL_PID=0.000 EL_FF=0.000
2026-04-20 05:51:12 [INFO] MONITOR az=350.325 el=30.150 AZ_ERR=0.000 EL_ERR=0.000 AZ_PID=0.000 EL_PID=0.000 EL_FF=0.000
2026-04-20 06:31:29 [INFO] MONITOR az=350.325 el=30.150 AZ_ERR=0.000 EL_ERR=0.000 AZ_PID=0.000 EL_PID=0.000 EL_FF=0.000
2026-04-20 06:31:30 [INFO] MONITOR az=350.325 el=30.150 AZ_ERR=0.000 EL_ERR=0.000 AZ_PID=0.000 EL_PID=0.000 EL_FF=0.000
2026-04-20 06:31:31 [INFO] MONITOR az=350.325 el=30.150 AZ_ERR=0.000 EL_ERR=0.000 AZ_PID=0.000 EL_PID=0.000 EL_FF=0.000
2026-04-20 06:31:32 [INFO] MONITOR az=350.325 el=30.150 AZ_ERR=0.000 EL_ERR=0.000 AZ_PID=0.000 EL_PID=0.000 EL_FF=0.000
2026-04-20 06:31:33 [INFO] MONITOR az=350.325 el=30.150 AZ_ERR=0.000 EL_ERR=0.000 AZ_PID=0.000 EL_PID=0.000 EL_FF=0.000
2026-04-20 06:51:25 [INFO] MONITOR az=350.325 el=30.150 AZ_ERR=0.000 EL_ERR=0.000 AZ_PID=0.000 EL_PID=0.000 EL_FF=0.000
2026-04-20 06:51:26 [INFO] MONITOR az=350.325 el=30.150 AZ_ERR=0.000 EL_ERR=0.000 AZ_PID=0.000 EL_PID=0.000 EL_FF=0.000
2026-04-20 06:51:27 [INFO] MONITOR az=350.325 el=30.150 AZ_ERR=0.000 EL_ERR=0.000 AZ_PID=0.000 EL_PID=0.000 EL_FF=0.000
2026-04-20 06:51:28 [INFO] MONITOR az=350.325 el=30.150 AZ_ERR=0.000 EL_ERR=0.000 AZ_PID=0.000 EL_PID=0.000 EL_FF=0.000
2026-04-20 06:51:29 [INFO] MONITOR az=350.325 el=30.150 AZ_ERR=0.000 EL_ERR=0.000 AZ_PID=0.000 EL_PID=0.000 EL_FF=0.000
2026-04-20 06:51:30 [INFO] MONITOR az=350.325 el=30.150 AZ_ERR=0.000 EL_ERR=0.000 AZ_PID=0.000 EL_PID=0.000 EL_FF=0.000
2026-04-20 06:51:31 [INFO] MONITOR az=350.325 el=30.150 AZ_ERR=0.000 EL_ERR=0.000 AZ_PID=0.000 EL_PID=0.000 EL_FF=0.000
2026-04-20 06:51:32 [INFO] MONITOR az=350.325 el=30.150 AZ_ERR=0.000 EL_ERR=0.000 AZ_PID=0.000 EL_PID=0.000 EL_FF=0.000
2026-04-20 06:51:33 [INFO] MONITOR az=350.325 el=30.150 AZ_ERR=0.000 EL_ERR=0.000 AZ_PID=0.000 EL_PID=0.000 EL_FF=0.000
2026-04-20 06:51:34 [INFO] MONITOR az=350.325 el=30.150 AZ_ERR=0.000 EL_ERR=0.000 AZ_PID=0.000 EL_PID=0.000 EL_FF=0.000
2026-04-20 06:51:35 [INFO] MONITOR az=350.325 el=30.150 AZ_ERR=0.000 EL_ERR=0.000 AZ_PID=0.000 EL_PID=0.000 EL_FF=0.000
2026-04-20 06:51:36 [INFO] MONITOR az=350.325 el=30.150 AZ_ERR=0.000 EL_ERR=0.000 AZ_PID=0.000 EL_PID=0.000 EL_FF=0.000
2026-04-20 06:51:37 [INFO] MONITOR az=350.325 el=30.150 AZ_ERR=0.000 EL_ERR=0.000 AZ_PID=0.000 EL_PID=0.000 EL_FF=0.000
2026-04-20 06:51:38 [INFO] MONITOR az=350.325 el=30.150 AZ_ERR=0.000 EL_ERR=0.000 AZ_PID=0.000 EL_PID=0.000 EL_FF=0.000
2026-04-20 06:51:39 [INFO] MONITOR az=350.325 el=30.150 AZ_ERR=0.000 EL_ERR=0.000 AZ_PID=0.000 EL_PID=0.000 EL_FF=0.000
2026-04-20 06:51:40 [INFO] MONITOR az=350.325 el=30.150 AZ_ERR=0.000 EL_ERR=0.000 AZ_PID=0.000 EL_PID=0.000 EL_FF=0.000
2026-04-20 06:51:41 [INFO] MONITOR az=350.325 el=30.150 AZ_ERR=0.000 EL_ERR=0.000 AZ_PID=0.000 EL_PID=0.000 EL_FF=0.000
2026-04-20 06:51:42 [INFO] MONITOR az=350.325 el=30.150 AZ_ERR=0.000 EL_ERR=0.000 AZ_PID=0.000 EL_PID=0.000 EL_FF=0.000
2026-04-20 06:51:43 [INFO] MONITOR az=350.325 el=30.150 AZ_ERR=0.000 EL_ERR=0.000 AZ_PID=0.000 EL_PID=0.000 EL_FF=0.000
2026-04-20 06:51:44 [INFO] MONITOR az=350.325 el=30.150 AZ_ERR=0.000 EL_ERR=0.000 AZ_PID=0.000 EL_PID=0.000 EL_FF=0.000
2026-04-20 06:51:45 [INFO] MONITOR az=350.325 el=30.150 AZ_ERR=0.000 EL_ERR=0.000 AZ_PID=0.000 EL_PID=0.000 EL_FF=0.000
2026-04-20 06:51:46 [INFO] MONITOR az=350.325 el=30.150 AZ_ERR=0.000 EL_ERR=0.000 AZ_PID=0.000 EL_PID=0.000 EL_FF=0.000
2026-04-20 06:51:47 [INFO] MONITOR az=350.325 el=30.150 AZ_ERR=0.000 EL_ERR=0.000 AZ_PID=0.000 EL_PID=0.000 EL_FF=0.000
2026-04-20 06:51:48 [INFO] MONITOR az=350.325 el=30.150 AZ_ERR=0.000 EL_ERR=0.000 AZ_PID=0.000 EL_PID=0.000 EL_FF=0.000
2026-04-20 06:51:49 [INFO] MONITOR az=350.325 el=30.150 AZ_ERR=0.000 EL_ERR=0.000 AZ_PID=0.000 EL_PID=0.000 EL_FF=0.000
2026-04-20 06:51:50 [INFO] MONITOR az=350.325 el=30.150 AZ_ERR=0.000 EL_ERR=0.000 AZ_PID=0.000 EL_PID=0.000 EL_FF=0.000
2026-04-20 06:51:51 [INFO] MONITOR az=350.325 el=30.150 AZ_ERR=0.000 EL_ERR=0.000 AZ_PID=0.000 EL_PID=0.000 EL_FF=0.000
2026-04-20 06:51:52 [INFO] MONITOR az=350.325 el=30.150 AZ_ERR=0.000 EL_ERR=0.000 AZ_PID=0.000 EL_PID=0.000 EL_FF=0.000
2026-04-20 06:51:53 [INFO] MONITOR az=350.325 el=30.150 AZ_ERR=0.000 EL_ERR=0.000 AZ_PID=0.000 EL_PID=0.000 EL_FF=0.000
2026-04-20 06:51:54 [INFO] MONITOR az=350.325 el=30.150 AZ_ERR=0.000 EL_ERR=0.000 AZ_PID=0.000 EL_PID=0.000 EL_FF=0.000
2026-04-20 06:51:55 [INFO] MONITOR az=350.325 el=30.150 AZ_ERR=0.000 EL_ERR=0.000 AZ_PID=0.000 EL_PID=0.000 EL_FF=0.000
2026-04-20 06:51:56 [INFO] MONITOR az=350.325 el=30.150 AZ_ERR=0.000 EL_ERR=0.000 AZ_PID=0.000 EL_PID=0.000 EL_FF=0.000
2026-04-20 06:51:57 [INFO] MONITOR az=350.325 el=30.150 AZ_ERR=0.000 EL_ERR=0.000 AZ_PID=0.000 EL_PID=0.000 EL_FF=0.000
2026-04-20 06:51:58 [INFO] MONITOR az=350.325 el=30.150 AZ_ERR=0.000 EL_ERR=0.000 AZ_PID=0.000 EL_PID=0.000 EL_FF=0.000
2026-04-20 06:51:59 [INFO] MONITOR az=350.325 el=30.150 AZ_ERR=0.000 EL_ERR=0.000 AZ_PID=0.000 EL_PID=0.000 EL_FF=0.000
2026-04-20 06:52:00 [INFO] MONITOR az=350.325 el=30.150 AZ_ERR=0.000 EL_ERR=0.000 AZ_PID=0.000 EL_PID=0.000 EL_FF=0.000
2026-04-20 06:52:01 [INFO] MONITOR az=350.325 el=30.150 AZ_ERR=0.000 EL_ERR=0.000 AZ_PID=0.000 EL_PID=0.000 EL_FF=0.000
2026-04-20 06:52:02 [INFO] MONITOR az=350.325 el=30.150 AZ_ERR=0.000 EL_ERR=0.000 AZ_PID=0.000 EL_PID=0.000 EL_FF=0.000
2026-04-20 06:52:03 [INFO] MONITOR az=350.325 el=30.150 AZ_ERR=0.000 EL_ERR=0.000 AZ_PID=0.000 EL_PID=0.000 EL_FF=0.000
2026-04-20 06:52:04 [INFO] MONITOR az=350.325 el=30.150 AZ_ERR=0.000 EL_ERR=0.000 AZ_PID=0.000 EL_PID=0.000 EL_FF=0.000
2026-04-20 06:52:05 [INFO] MONITOR az=350.325 el=30.150 AZ_ERR=0.000 EL_ERR=0.000 AZ_PID=0.000 EL_PID=0.000 EL_FF=0.000
2026-04-20 06:52:06 [INFO] MONITOR az=350.325 el=30.150 AZ_ERR=0.000 EL_ERR=0.000 AZ_PID=0.000 EL_PID=0.000 EL_FF=0.000
2026-04-20 06:52:07 [INFO] MONITOR az=350.325 el=30.150 AZ_ERR=0.000 EL_ERR=0.000 AZ_PID=0.000 EL_PID=0.000 EL_FF=0.000
2026-04-20 06:52:08 [INFO] MONITOR az=350.325 el=30.150 AZ_ERR=0.000 EL_ERR=0.000 AZ_PID=0.000 EL_PID=0.000 EL_FF=0.000
2026-04-20 06:52:09 [INFO] MONITOR az=350.325 el=30.150 AZ_ERR=0.000 EL_ERR=0.000 AZ_PID=0.000 EL_PID=0.000 EL_FF=0.000
2026-04-20 06:52:10 [INFO] MONITOR az=350.325 el=30.150 AZ_ERR=0.000 EL_ERR=0.000 AZ_PID=0.000 EL_PID=0.000 EL_FF=0.000
2026-04-20 06:52:11 [INFO] MONITOR az=350.325 el=30.150 AZ_ERR=0.000 EL_ERR=0.000 AZ_PID=0.000 EL_PID=0.000 EL_FF=0.000
2026-04-20 07:52:25 [INFO] MONITOR az=350.325 el=30.150 AZ_ERR=0.000 EL_ERR=0.000 AZ_PID=0.000 EL_PID=0.000 EL_FF=0.000
2026-04-20 07:52:26 [INFO] MONITOR az=350.325 el=30.150 AZ_ERR=0.000 EL_ERR=0.000 AZ_PID=0.000 EL_PID=0.000 EL_FF=0.000
2026-04-20 07:52:27 [INFO] MONITOR az=350.325 el=30.150 AZ_ERR=0.000 EL_ERR=0.000 AZ_PID=0.000 EL_PID=0.000 EL_FF=0.000
2026-04-20 07:52:28 [INFO] MONITOR az=350.325 el=30.150 AZ_ERR=0.000 EL_ERR=0.000 AZ_PID=0.000 EL_PID=0.000 EL_FF=0.000
2026-04-20 07:52:29 [INFO] MONITOR az=350.325 el=30.150 AZ_ERR=0.000 EL_ERR=0.000 AZ_PID=0.000 EL_PID=0.000 EL_FF=0.000
2026-04-20 07:52:30 [INFO] MONITOR az=350.325 el=30.150 AZ_ERR=0.000 EL_ERR=0.000 AZ_PID=0.000 EL_PID=0.000 EL_FF=0.000
2026-04-20 07:52:31 [INFO] MONITOR az=350.325 el=30.150 AZ_ERR=0.000 EL_ERR=0.000 AZ_PID=0.000 EL_PID=0.000 EL_FF=0.000
2026-04-20 07:52:32 [INFO] MONITOR az=350.325 el=30.150 AZ_ERR=0.000 EL_ERR=0.000 AZ_PID=0.000 EL_PID=0.000 EL_FF=0.000
2026-04-20 07:52:33 [INFO] MONITOR az=350.325 el=30.150 AZ_ERR=0.000 EL_ERR=0.000 AZ_PID=0.000 EL_PID=0.000 EL_FF=0.000
2026-04-20 07:52:34 [INFO] MONITOR az=350.325 el=30.150 AZ_ERR=0.000 EL_ERR=0.000 AZ_PID=0.000 EL_PID=0.000 EL_FF=0.000
2026-04-20 07:52:35 [INFO] MONITOR az=350.325 el=30.150 AZ_ERR=0.000 EL_ERR=0.000 AZ_PID=0.000 EL_PID=0.000 EL_FF=0.000
2026-04-20 07:52:36 [INFO] MONITOR az=350.325 el=30.150 AZ_ERR=0.000 EL_ERR=0.000 AZ_PID=0.000 EL_PID=0.000 EL_FF=0.000
2026-04-20 07:52:37 [INFO] MONITOR az=350.325 el=30.150 AZ_ERR=0.000 EL_ERR=0.000 AZ_PID=0.000 EL_PID=0.000 EL_FF=0.000
2026-04-20 07:52:38 [INFO] MONITOR az=350.325 el=30.150 AZ_ERR=0.000 EL_ERR=0.000 AZ_PID=0.000 EL_PID=0.000 EL_FF=0.000
2026-04-20 07:52:39 [INFO] MONITOR az=350.325 el=30.150 AZ_ERR=0.000 EL_ERR=0.000 AZ_PID=0.000 EL_PID=0.000 EL_FF=0.000
2026-04-20 07:52:40 [INFO] MONITOR az=350.325 el=30.150 AZ_ERR=0.000 EL_ERR=0.000 AZ_PID=0.000 EL_PID=0.000 EL_FF=0.000
2026-04-20 07:52:41 [INFO] MONITOR az=350.325 el=30.150 AZ_ERR=0.000 EL_ERR=0.000 AZ_PID=0.000 EL_PID=0.000 EL_FF=0.000
2026-04-20 07:52:42 [INFO] MONITOR az=350.325 el=30.150 AZ_ERR=0.000 EL_ERR=0.000 AZ_PID=0.000 EL_PID=0.000 EL_FF=0.000
2026-04-20 07:52:43 [INFO] MONITOR az=350.325 el=30.150 AZ_ERR=0.000 EL_ERR=0.000 AZ_PID=0.000 EL_PID=0.000 EL_FF=0.000
2026-04-20 07:52:44 [INFO] MONITOR az=350.325 el=30.150 AZ_ERR=0.000 EL_ERR=0.000 AZ_PID=0.000 EL_PID=0.000 EL_FF=0.000
2026-04-20 07:52:45 [INFO] MONITOR az=350.325 el=30.150 AZ_ERR=0.000 EL_ERR=0.000 AZ_PID=0.000 EL_PID=0.000 EL_FF=0.000
2026-04-20 07:52:46 [INFO] MONITOR az=350.325 el=30.150 AZ_ERR=0.000 EL_ERR=0.000 AZ_PID=0.000 EL_PID=0.000 EL_FF=0.000
2026-04-20 07:52:47 [INFO] MONITOR az=350.325 el=30.150 AZ_ERR=0.000 EL_ERR=0.000 AZ_PID=0.000 EL_PID=0.000 EL_FF=0.000
2026-04-20 07:52:48 [INFO] MONITOR az=350.325 el=30.150 AZ_ERR=0.000 EL_ERR=0.000 AZ_PID=0.000 EL_PID=0.000 EL_FF=0.000
2026-04-20 07:52:49 [INFO] MONITOR az=350.325 el=30.150 AZ_ERR=0.000 EL_ERR=0.000 AZ_PID=0.000 EL_PID=0.000 EL_FF=0.000
2026-04-20 07:52:50 [INFO] MONITOR az=350.325 el=30.150 AZ_ERR=0.000 EL_ERR=0.000 AZ_PID=0.000 EL_PID=0.000 EL_FF=0.000
2026-04-20 07:52:51 [INFO] MONITOR az=350.325 el=30.150 AZ_ERR=0.000 EL_ERR=0.000 AZ_PID=0.000 EL_PID=0.000 EL_FF=0.000
2026-04-20 07:52:52 [INFO] MONITOR az=350.325 el=30.150 AZ_ERR=0.000 EL_ERR=0.000 AZ_PID=0.000 EL_PID=0.000 EL_FF=0.000
2026-04-20 07:52:53 [INFO] MONITOR az=350.325 el=30.150 AZ_ERR=0.000 EL_ERR=0.000 AZ_PID=0.000 EL_PID=0.000 EL_FF=0.000
2026-04-20 07:52:54 [INFO] MONITOR az=350.325 el=30.150 AZ_ERR=0.000 EL_ERR=0.000 AZ_PID=0.000 EL_PID=0.000 EL_FF=0.000
2026-04-20 07:52:55 [INFO] MONITOR az=350.325 el=30.150 AZ_ERR=0.000 EL_ERR=0.000 AZ_PID=0.000 EL_PID=0.000 EL_FF=0.000
2026-04-20 07:52:56 [INFO] MONITOR az=350.325 el=30.150 AZ_ERR=0.000 EL_ERR=0.000 AZ_PID=0.000 EL_PID=0.000 EL_FF=0.000
2026-04-20 07:52:57 [INFO] MONITOR az=350.325 el=30.150 AZ_ERR=0.000 EL_ERR=0.000 AZ_PID=0.000 EL_PID=0.000 EL_FF=0.000
2026-04-20 07:52:58 [INFO] MONITOR az=350.325 el=30.150 AZ_ERR=0.000 EL_ERR=0.000 AZ_PID=0.000 EL_PID=0.000 EL_FF=0.000
2026-04-20 07:52:59 [INFO] MONITOR az=350.325 el=30.150 AZ_ERR=0.000 EL_ERR=0.000 AZ_PID=0.000 EL_PID=0.000 EL_FF=0.000
2026-04-20 07:53:00 [INFO] MONITOR az=350.325 el=30.150 AZ_ERR=0.000 EL_ERR=0.000 AZ_PID=0.000 EL_PID=0.000 EL_FF=0.000
2026-04-20 07:53:01 [INFO] MONITOR az=350.325 el=30.150 AZ_ERR=0.000 EL_ERR=0.000 AZ_PID=0.000 EL_PID=0.000 EL_FF=0.000
2026-04-20 07:53:02 [INFO] MONITOR az=350.325 el=30.150 AZ_ERR=0.000 EL_ERR=0.000 AZ_PID=0.000 EL_PID=0.000 EL_FF=0.000
2026-04-20 07:53:03 [INFO] MONITOR az=350.325 el=30.150 AZ_ERR=0.000 EL_ERR=0.000 AZ_PID=0.000 EL_PID=0.000 EL_FF=0.000
2026-04-20 07:53:04 [INFO] MONITOR az=350.325 el=30.150 AZ_ERR=0.000 EL_ERR=0.000 AZ_PID=0.000 EL_PID=0.000 EL_FF=0.000
2026-04-20 07:53:05 [INFO] MONITOR az=350.325 el=30.150 AZ_ERR=0.000 EL_ERR=0.000 AZ_PID=0.000 EL_PID=0.000 EL_FF=0.000
2026-04-20 07:53:06 [INFO] MONITOR az=350.325 el=30.150 AZ_ERR=0.000 EL_ERR=0.000 AZ_PID=0.000 EL_PID=0.000 EL_FF=0.000
2026-04-20 07:53:07 [INFO] MONITOR az=350.325 el=30.150 AZ_ERR=0.000 EL_ERR=0.000 AZ_PID=0.000 EL_PID=0.000 EL_FF=0.000
2026-04-20 07:53:08 [INFO] MONITOR az=350.325 el=30.150 AZ_ERR=0.000 EL_ERR=0.000 AZ_PID=0.000 EL_PID=0.000 EL_FF=0.000
2026-04-20 07:53:09 [INFO] MONITOR az=350.325 el=30.150 AZ_ERR=0.000 EL_ERR=0.000 AZ_PID=0.000 EL_PID=0.000 EL_FF=0.000
2026-04-20 07:53:10 [INFO] MONITOR az=350.325 el=30.150 AZ_ERR=0.000 EL_ERR=0.000 AZ_PID=0.000 EL_PID=0.000 EL_FF=0.000
2026-04-20 08:46:27 [INFO] MONITOR az=350.325 el=30.150 AZ_ERR=0.000 EL_ERR=0.000 AZ_PID=0.000 EL_PID=0.000 EL_FF=0.000
2026-04-20 08:46:28 [INFO] MONITOR az=350.325 el=30.150 AZ_ERR=0.000 EL_ERR=0.000 AZ_PID=0.000 EL_PID=0.000 EL_FF=0.000
2026-04-20 08:46:29 [INFO] MONITOR az=350.325 el=30.150 AZ_ERR=0.000 EL_ERR=0.000 AZ_PID=0.000 EL_PID=0.000 EL_FF=0.000
2026-04-20 08:46:30 [INFO] MONITOR az=350.325 el=30.150 AZ_ERR=0.000 EL_ERR=0.000 AZ_PID=0.000 EL_PID=0.000 EL_FF=0.000
2026-04-20 08:46:31 [INFO] MONITOR az=350.325 el=30.150 AZ_ERR=0.000 EL_ERR=0.000 AZ_PID=0.000 EL_PID=0.000 EL_FF=0.000
2026-04-20 08:46:32 [INFO] MONITOR az=350.325 el=30.150 AZ_ERR=0.000 EL_ERR=0.000 AZ_PID=0.000 EL_PID=0.000 EL_FF=0.000
2026-04-20 08:46:33 [INFO] MONITOR az=350.325 el=30.150 AZ_ERR=0.000 EL_ERR=0.000 AZ_PID=0.000 EL_PID=0.000 EL_FF=0.000
2026-04-20 08:46:34 [INFO] MONITOR az=350.325 el=30.150 AZ_ERR=0.000 EL_ERR=0.000 AZ_PID=0.000 EL_PID=0.000 EL_FF=0.000
2026-04-20 08:46:35 [INFO] MONITOR az=350.325 el=30.150 AZ_ERR=0.000 EL_ERR=0.000 AZ_PID=0.000 EL_PID=0.000 EL_FF=0.000
2026-04-20 08:46:36 [INFO] MONITOR az=350.325 el=30.150 AZ_ERR=0.000 EL_ERR=0.000 AZ_PID=0.000 EL_PID=0.000 EL_FF=0.000
2026-04-20 08:46:37 [INFO] MONITOR az=350.325 el=30.150 AZ_ERR=0.000 EL_ERR=0.000 AZ_PID=0.000 EL_PID=0.000 EL_FF=0.000
2026-04-20 08:46:38 [INFO] MONITOR az=350.325 el=30.150 AZ_ERR=0.000 EL_ERR=0.000 AZ_PID=0.000 EL_PID=0.000 EL_FF=0.000
2026-04-20 08:46:39 [INFO] MONITOR az=350.325 el=30.150 AZ_ERR=0.000 EL_ERR=0.000 AZ_PID=0.000 EL_PID=0.000 EL_FF=0.000
2026-04-20 08:46:40 [INFO] MONITOR az=350.325 el=30.150 AZ_ERR=0.000 EL_ERR=0.000 AZ_PID=0.000 EL_PID=0.000 EL_FF=0.000
2026-04-20 08:46:42 [INFO] MONITOR az=350.325 el=30.150 AZ_ERR=0.000 EL_ERR=0.000 AZ_PID=0.000 EL_PID=0.000 EL_FF=0.000
2026-04-20 08:46:43 [INFO] MONITOR az=350.325 el=30.150 AZ_ERR=0.000 EL_ERR=0.000 AZ_PID=0.000 EL_PID=0.000 EL_FF=0.000
2026-04-20 08:46:44 [INFO] MONITOR az=350.325 el=30.150 AZ_ERR=0.000 EL_ERR=0.000 AZ_PID=0.000 EL_PID=0.000 EL_FF=0.000
2026-04-20 08:46:45 [INFO] MONITOR az=350.325 el=30.150 AZ_ERR=0.000 EL_ERR=0.000 AZ_PID=0.000 EL_PID=0.000 EL_FF=0.000
2026-04-20 08:46:46 [INFO] MONITOR az=350.325 el=30.150 AZ_ERR=0.000 EL_ERR=0.000 AZ_PID=0.000 EL_PID=0.000 EL_FF=0.000
2026-04-20 08:46:47 [INFO] MONITOR az=350.325 el=30.150 AZ_ERR=0.000 EL_ERR=0.000 AZ_PID=0.000 EL_PID=0.000 EL_FF=0.000
2026-04-20 08:46:48 [INFO] MONITOR az=350.325 el=30.150 AZ_ERR=0.000 EL_ERR=0.000 AZ_PID=0.000 EL_PID=0.000 EL_FF=0.000
2026-04-20 08:46:49 [INFO] MONITOR az=350.325 el=30.150 AZ_ERR=0.000 EL_ERR=0.000 AZ_PID=0.000 EL_PID=0.000 EL_FF=0.000
2026-04-20 08:46:50 [INFO] MONITOR az=350.325 el=30.150 AZ_ERR=0.000 EL_ERR=0.000 AZ_PID=0.000 EL_PID=0.000 EL_FF=0.000
2026-04-20 08:46:51 [INFO] MONITOR az=350.325 el=30.150 AZ_ERR=0.000 EL_ERR=0.000 AZ_PID=0.000 EL_PID=0.000 EL_FF=0.000
2026-04-20 08:46:52 [INFO] MONITOR az=350.325 el=30.150 AZ_ERR=0.000 EL_ERR=0.000 AZ_PID=0.000 EL_PID=0.000 EL_FF=0.000
2026-04-20 08:46:53 [INFO] MONITOR az=350.325 el=30.150 AZ_ERR=0.000 EL_ERR=0.000 AZ_PID=0.000 EL_PID=0.000 EL_FF=0.000
2026-04-20 08:46:54 [INFO] MONITOR az=350.325 el=30.150 AZ_ERR=0.000 EL_ERR=0.000 AZ_PID=0.000 EL_PID=0.000 EL_FF=0.000
2026-04-20 08:46:55 [INFO] MONITOR az=350.325 el=30.150 AZ_ERR=0.000 EL_ERR=0.000 AZ_PID=0.000 EL_PID=0.000 EL_FF=0.000
2026-04-20 08:46:56 [INFO] MONITOR az=350.325 el=30.150 AZ_ERR=0.000 EL_ERR=0.000 AZ_PID=0.000 EL_PID=0.000 EL_FF=0.000
2026-04-20 08:46:57 [INFO] MONITOR az=350.325 el=30.150 AZ_ERR=0.000 EL_ERR=0.000 AZ_PID=0.000 EL_PID=0.000 EL_FF=0.000
2026-04-20 08:46:58 [INFO] MONITOR az=350.325 el=30.150 AZ_ERR=0.000 EL_ERR=0.000 AZ_PID=0.000 EL_PID=0.000 EL_FF=0.000
2026-04-20 08:46:59 [INFO] MONITOR az=350.325 el=30.150 AZ_ERR=0.000 EL_ERR=0.000 AZ_PID=0.000 EL_PID=0.000 EL_FF=0.000
2026-04-20 08:47:00 [INFO] MONITOR az=350.325 el=30.150 AZ_ERR=0.000 EL_ERR=0.000 AZ_PID=0.000 EL_PID=0.000 EL_FF=0.000
2026-04-20 08:47:01 [INFO] MONITOR az=350.325 el=30.150 AZ_ERR=0.000 EL_ERR=0.000 AZ_PID=0.000 EL_PID=0.000 EL_FF=0.000
2026-04-20 08:47:02 [INFO] MONITOR az=350.325 el=30.150 AZ_ERR=0.000 EL_ERR=0.000 AZ_PID=0.000 EL_PID=0.000 EL_FF=0.000
2026-04-20 08:47:03 [INFO] MONITOR az=350.325 el=30.150 AZ_ERR=0.000 EL_ERR=0.000 AZ_PID=0.000 EL_PID=0.000 EL_FF=0.000
2026-04-20 08:47:04 [INFO] MONITOR az=350.325 el=30.150 AZ_ERR=0.000 EL_ERR=0.000 AZ_PID=0.000 EL_PID=0.000 EL_FF=0.000
2026-04-20 08:47:05 [INFO] MONITOR az=350.325 el=30.150 AZ_ERR=0.000 EL_ERR=0.000 AZ_PID=0.000 EL_PID=0.000 EL_FF=0.000
2026-04-20 08:47:06 [INFO] MONITOR az=350.325 el=30.150 AZ_ERR=0.000 EL_ERR=0.000 AZ_PID=0.000 EL_PID=0.000 EL_FF=0.000
2026-04-20 08:47:07 [INFO] MONITOR az=350.325 el=30.150 AZ_ERR=0.000 EL_ERR=0.000 AZ_PID=0.000 EL_PID=0.000 EL_FF=0.000
2026-04-20 08:47:08 [INFO] MONITOR az=350.325 el=30.150 AZ_ERR=0.000 EL_ERR=0.000 AZ_PID=0.000 EL_PID=0.000 EL_FF=0.000
2026-04-20 08:47:09 [INFO] MONITOR az=350.325 el=30.150 AZ_ERR=0.000 EL_ERR=0.000 AZ_PID=0.000 EL_PID=0.000 EL_FF=0.000
2026-04-20 08:47:10 [INFO] MONITOR az=350.325 el=30.150 AZ_ERR=0.000 EL_ERR=0.000 AZ_PID=0.000 EL_PID=0.000 EL_FF=0.000
2026-04-20 08:47:11 [INFO] MONITOR az=350.325 el=30.150 AZ_ERR=0.000 EL_ERR=0.000 AZ_PID=0.000 EL_PID=0.000 EL_FF=0.000
2026-04-20 08:47:12 [INFO] MONITOR az=350.325 el=30.150 AZ_ERR=0.000 EL_ERR=0.000 AZ_PID=0.000 EL_PID=0.000 EL_FF=0.000
2026-04-20 08:47:13 [INFO] MONITOR az=350.325 el=30.150 AZ_ERR=0.000 EL_ERR=0.000 AZ_PID=0.000 EL_PID=0.000 EL_FF=0.000
2026-04-20 08:47:14 [INFO] MONITOR az=350.325 el=30.150 AZ_ERR=0.000 EL_ERR=0.000 AZ_PID=0.000 EL_PID=0.000 EL_FF=0.000
2026-04-20 08:53:25 [INFO] MONITOR az=350.325 el=30.150 AZ_ERR=0.000 EL_ERR=0.000 AZ_PID=0.000 EL_PID=0.000 EL_FF=0.000
2026-04-20 08:53:26 [INFO] MONITOR az=350.325 el=30.150 AZ_ERR=0.000 EL_ERR=0.000 AZ_PID=0.000 EL_PID=0.000 EL_FF=0.000
2026-04-20 08:53:27 [INFO] MONITOR az=350.325 el=30.150 AZ_ERR=0.000 EL_ERR=0.000 AZ_PID=0.000 EL_PID=0.000 EL_FF=0.000
2026-04-20 08:53:28 [INFO] MONITOR az=350.325 el=30.150 AZ_ERR=0.000 EL_ERR=0.000 AZ_PID=0.000 EL_PID=0.000 EL_FF=0.000
2026-04-20 08:53:29 [INFO] MONITOR az=350.325 el=30.150 AZ_ERR=0.000 EL_ERR=0.000 AZ_PID=0.000 EL_PID=0.000 EL_FF=0.000
2026-04-20 08:53:30 [INFO] MONITOR az=350.325 el=30.150 AZ_ERR=0.000 EL_ERR=0.000 AZ_PID=0.000 EL_PID=0.000 EL_FF=0.000
2026-04-20 08:53:31 [INFO] MONITOR az=350.325 el=30.150 AZ_ERR=0.000 EL_ERR=0.000 AZ_PID=0.000 EL_PID=0.000 EL_FF=0.000
2026-04-20 08:53:32 [INFO] MONITOR az=350.325 el=30.150 AZ_ERR=0.000 EL_ERR=0.000 AZ_PID=0.000 EL_PID=0.000 EL_FF=0.000
2026-04-20 08:53:33 [INFO] MONITOR az=350.325 el=30.150 AZ_ERR=0.000 EL_ERR=0.000 AZ_PID=0.000 EL_PID=0.000 EL_FF=0.000
2026-04-20 08:53:34 [INFO] MONITOR az=350.325 el=30.150 AZ_ERR=0.000 EL_ERR=0.000 AZ_PID=0.000 EL_PID=0.000 EL_FF=0.000
2026-04-20 08:53:35 [INFO] MONITOR az=350.325 el=30.150 AZ_ERR=0.000 EL_ERR=0.000 AZ_PID=0.000 EL_PID=0.000 EL_FF=0.000
2026-04-20 08:53:36 [INFO] MONITOR az=350.325 el=30.150 AZ_ERR=0.000 EL_ERR=0.000 AZ_PID=0.000 EL_PID=0.000 EL_FF=0.000
2026-04-20 08:53:37 [INFO] MONITOR az=350.325 el=30.150 AZ_ERR=0.000 EL_ERR=0.000 AZ_PID=0.000 EL_PID=0.000 EL_FF=0.000
2026-04-20 08:53:38 [INFO] MONITOR az=350.325 el=30.150 AZ_ERR=0.000 EL_ERR=0.000 AZ_PID=0.000 EL_PID=0.000 EL_FF=0.000
2026-04-20 08:53:39 [INFO] MONITOR az=350.325 el=30.150 AZ_ERR=0.000 EL_ERR=0.000 AZ_PID=0.000 EL_PID=0.000 EL_FF=0.000
2026-04-20 08:53:40 [INFO] MONITOR az=350.325 el=30.150 AZ_ERR=0.000 EL_ERR=0.000 AZ_PID=0.000 EL_PID=0.000 EL_FF=0.000
2026-04-20 08:53:41 [INFO] MONITOR az=350.325 el=30.150 AZ_ERR=0.000 EL_ERR=0.000 AZ_PID=0.000 EL_PID=0.000 EL_FF=0.000
2026-04-20 08:53:42 [INFO] MONITOR az=350.325 el=30.150 AZ_ERR=0.000 EL_ERR=0.000 AZ_PID=0.000 EL_PID=0.000 EL_FF=0.000
2026-04-20 08:53:43 [INFO] MONITOR az=350.325 el=30.150 AZ_ERR=0.000 EL_ERR=0.000 AZ_PID=0.000 EL_PID=0.000 EL_FF=0.000
2026-04-20 08:53:44 [INFO] MONITOR az=350.325 el=30.150 AZ_ERR=0.000 EL_ERR=0.000 AZ_PID=0.000 EL_PID=0.000 EL_FF=0.000
2026-04-20 08:53:45 [INFO] MONITOR az=350.325 el=30.150 AZ_ERR=0.000 EL_ERR=0.000 AZ_PID=0.000 EL_PID=0.000 EL_FF=0.000
2026-04-20 08:53:46 [INFO] MONITOR az=350.325 el=30.150 AZ_ERR=0.000 EL_ERR=0.000 AZ_PID=0.000 EL_PID=0.000 EL_FF=0.000
2026-04-20 08:53:47 [INFO] MONITOR az=350.325 el=30.150 AZ_ERR=0.000 EL_ERR=0.000 AZ_PID=0.000 EL_PID=0.000 EL_FF=0.000
2026-04-20 08:53:48 [INFO] MONITOR az=350.325 el=30.150 AZ_ERR=0.000 EL_ERR=0.000 AZ_PID=0.000 EL_PID=0.000 EL_FF=0.000
2026-04-20 08:53:49 [INFO] MONITOR az=350.325 el=30.150 AZ_ERR=0.000 EL_ERR=0.000 AZ_PID=0.000 EL_PID=0.000 EL_FF=0.000
2026-04-20 08:53:50 [INFO] MONITOR az=350.325 el=30.150 AZ_ERR=0.000 EL_ERR=0.000 AZ_PID=0.000 EL_PID=0.000 EL_FF=0.000
2026-04-20 08:53:51 [INFO] MONITOR az=350.325 el=30.150 AZ_ERR=0.000 EL_ERR=0.000 AZ_PID=0.000 EL_PID=0.000 EL_FF=0.000
2026-04-20 08:53:52 [INFO] MONITOR az=350.325 el=30.150 AZ_ERR=0.000 EL_ERR=0.000 AZ_PID=0.000 EL_PID=0.000 EL_FF=0.000
2026-04-20 08:53:53 [INFO] MONITOR az=350.325 el=30.150 AZ_ERR=0.000 EL_ERR=0.000 AZ_PID=0.000 EL_PID=0.000 EL_FF=0.000
2026-04-20 08:53:54 [INFO] MONITOR az=350.325 el=30.150 AZ_ERR=0.000 EL_ERR=0.000 AZ_PID=0.000 EL_PID=0.000 EL_FF=0.000
2026-04-20 08:53:55 [INFO] MONITOR az=350.325 el=30.150 AZ_ERR=0.000 EL_ERR=0.000 AZ_PID=0.000 EL_PID=0.000 EL_FF=0.000
2026-04-20 08:53:56 [INFO] MONITOR az=350.325 el=30.150 AZ_ERR=0.000 EL_ERR=0.000 AZ_PID=0.000 EL_PID=0.000 EL_FF=0.000
2026-04-20 08:53:57 [INFO] MONITOR az=350.325 el=30.150 AZ_ERR=0.000 EL_ERR=0.000 AZ_PID=0.000 EL_PID=0.000 EL_FF=0.000
2026-04-20 08:53:58 [INFO] MONITOR az=350.325 el=30.150 AZ_ERR=0.000 EL_ERR=0.000 AZ_PID=0.000 EL_PID=0.000 EL_FF=0.000
2026-04-20 08:53:59 [INFO] MONITOR az=350.325 el=30.150 AZ_ERR=0.000 EL_ERR=0.000 AZ_PID=0.000 EL_PID=0.000 EL_FF=0.000
2026-04-20 08:54:00 [INFO] MONITOR az=350.325 el=30.150 AZ_ERR=0.000 EL_ERR=0.000 AZ_PID=0.000 EL_PID=0.000 EL_FF=0.000
2026-04-20 08:54:01 [INFO] MONITOR az=350.325 el=30.150 AZ_ERR=0.000 EL_ERR=0.000 AZ_PID=0.000 EL_PID=0.000 EL_FF=0.000
2026-04-20 08:54:02 [INFO] MONITOR az=350.325 el=30.150 AZ_ERR=0.000 EL_ERR=0.000 AZ_PID=0.000 EL_PID=0.000 EL_FF=0.000
2026-04-20 08:54:03 [INFO] MONITOR az=350.325 el=30.150 AZ_ERR=0.000 EL_ERR=0.000 AZ_PID=0.000 EL_PID=0.000 EL_FF=0.000
2026-04-20 08:54:04 [INFO] MONITOR az=350.325 el=30.150 AZ_ERR=0.000 EL_ERR=0.000 AZ_PID=0.000 EL_PID=0.000 EL_FF=0.000
2026-04-20 08:54:05 [INFO] MONITOR az=350.325 el=30.150 AZ_ERR=0.000 EL_ERR=0.000 AZ_PID=0.000 EL_PID=0.000 EL_FF=0.000
2026-04-20 08:54:06 [INFO] MONITOR az=350.325 el=30.150 AZ_ERR=0.000 EL_ERR=0.000 AZ_PID=0.000 EL_PID=0.000 EL_FF=0.000
2026-04-20 08:54:07 [INFO] MONITOR az=350.325 el=30.150 AZ_ERR=0.000 EL_ERR=0.000 AZ_PID=0.000 EL_PID=0.000 EL_FF=0.000
2026-04-20 08:54:08 [INFO] MONITOR az=350.325 el=30.150 AZ_ERR=0.000 EL_ERR=0.000 AZ_PID=0.000 EL_PID=0.000 EL_FF=0.000
2026-04-20 08:54:09 [INFO] MONITOR az=350.325 el=30.150 AZ_ERR=0.000 EL_ERR=0.000 AZ_PID=0.000 EL_PID=0.000 EL_FF=0.000
2026-04-20 08:54:10 [INFO] MONITOR az=350.325 el=30.150 AZ_ERR=0.000 EL_ERR=0.000 AZ_PID=0.000 EL_PID=0.000 EL_FF=0.000
2026-04-20 09:11:26 [INFO] MONITOR az=350.325 el=30.150 AZ_ERR=0.000 EL_ERR=0.000 AZ_PID=0.000 EL_PID=0.000 EL_FF=0.000
2026-04-20 09:11:27 [INFO] MONITOR az=350.325 el=30.150 AZ_ERR=0.000 EL_ERR=0.000 AZ_PID=0.000 EL_PID=0.000 EL_FF=0.000
2026-04-20 09:11:28 [INFO] MONITOR az=350.325 el=30.150 AZ_ERR=0.000 EL_ERR=0.000 AZ_PID=0.000 EL_PID=0.000 EL_FF=0.000
2026-04-20 09:11:29 [INFO] MONITOR az=350.325 el=30.150 AZ_ERR=0.000 EL_ERR=0.000 AZ_PID=0.000 EL_PID=0.000 EL_FF=0.000
2026-04-20 09:11:30 [INFO] MONITOR az=350.325 el=30.150 AZ_ERR=0.000 EL_ERR=0.000 AZ_PID=0.000 EL_PID=0.000 EL_FF=0.000
2026-04-20 09:54:24 [INFO] MONITOR az=350.325 el=30.150 AZ_ERR=0.000 EL_ERR=0.000 AZ_PID=0.000 EL_PID=0.000 EL_FF=0.000
2026-04-20 09:54:25 [INFO] MONITOR az=350.325 el=30.150 AZ_ERR=0.000 EL_ERR=0.000 AZ_PID=0.000 EL_PID=0.000 EL_FF=0.000
2026-04-20 09:54:26 [INFO] MONITOR az=350.325 el=30.150 AZ_ERR=0.000 EL_ERR=0.000 AZ_PID=0.000 EL_PID=0.000 EL_FF=0.000
2026-04-20 09:54:27 [INFO] MONITOR az=350.325 el=30.150 AZ_ERR=0.000 EL_ERR=0.000 AZ_PID=0.000 EL_PID=0.000 EL_FF=0.000
2026-04-20 09:54:28 [INFO] MONITOR az=350.325 el=30.150 AZ_ERR=0.000 EL_ERR=0.000 AZ_PID=0.000 EL_PID=0.000 EL_FF=0.000
2026-04-20 09:54:29 [INFO] MONITOR az=350.325 el=30.150 AZ_ERR=0.000 EL_ERR=0.000 AZ_PID=0.000 EL_PID=0.000 EL_FF=0.000
2026-04-20 09:54:30 [INFO] MONITOR az=350.325 el=30.150 AZ_ERR=0.000 EL_ERR=0.000 AZ_PID=0.000 EL_PID=0.000 EL_FF=0.000
2026-04-20 09:54:31 [INFO] MONITOR az=350.325 el=30.150 AZ_ERR=0.000 EL_ERR=0.000 AZ_PID=0.000 EL_PID=0.000 EL_FF=0.000
2026-04-20 09:54:32 [INFO] MONITOR az=350.325 el=30.150 AZ_ERR=0.000 EL_ERR=0.000 AZ_PID=0.000 EL_PID=0.000 EL_FF=0.000
2026-04-20 09:54:33 [INFO] MONITOR az=350.325 el=30.150 AZ_ERR=0.000 EL_ERR=0.000 AZ_PID=0.000 EL_PID=0.000 EL_FF=0.000
2026-04-20 09:54:34 [INFO] MONITOR az=350.325 el=30.150 AZ_ERR=0.000 EL_ERR=0.000 AZ_PID=0.000 EL_PID=0.000 EL_FF=0.000
2026-04-20 09:54:35 [INFO] MONITOR az=350.325 el=30.150 AZ_ERR=0.000 EL_ERR=0.000 AZ_PID=0.000 EL_PID=0.000 EL_FF=0.000
2026-04-20 09:54:36 [INFO] MONITOR az=350.325 el=30.150 AZ_ERR=0.000 EL_ERR=0.000 AZ_PID=0.000 EL_PID=0.000 EL_FF=0.000
2026-04-20 09:54:37 [INFO] MONITOR az=350.325 el=30.150 AZ_ERR=0.000 EL_ERR=0.000 AZ_PID=0.000 EL_PID=0.000 EL_FF=0.000
2026-04-20 09:54:38 [INFO] MONITOR az=350.325 el=30.150 AZ_ERR=0.000 EL_ERR=0.000 AZ_PID=0.000 EL_PID=0.000 EL_FF=0.000
2026-04-20 09:54:39 [INFO] MONITOR az=350.325 el=30.150 AZ_ERR=0.000 EL_ERR=0.000 AZ_PID=0.000 EL_PID=0.000 EL_FF=0.000
2026-04-20 09:54:40 [INFO] MONITOR az=350.325 el=30.150 AZ_ERR=0.000 EL_ERR=0.000 AZ_PID=0.000 EL_PID=0.000 EL_FF=0.000
2026-04-20 09:54:41 [INFO] MONITOR az=350.325 el=30.150 AZ_ERR=0.000 EL_ERR=0.000 AZ_PID=0.000 EL_PID=0.000 EL_FF=0.000
2026-04-20 09:54:42 [INFO] MONITOR az=350.325 el=30.150 AZ_ERR=0.000 EL_ERR=0.000 AZ_PID=0.000 EL_PID=0.000 EL_FF=0.000
2026-04-20 09:54:43 [INFO] MONITOR az=350.325 el=30.150 AZ_ERR=0.000 EL_ERR=0.000 AZ_PID=0.000 EL_PID=0.000 EL_FF=0.000
2026-04-20 09:54:44 [INFO] MONITOR az=350.325 el=30.150 AZ_ERR=0.000 EL_ERR=0.000 AZ_PID=0.000 EL_PID=0.000 EL_FF=0.000
2026-04-20 09:54:45 [INFO] MONITOR az=350.325 el=30.150 AZ_ERR=0.000 EL_ERR=0.000 AZ_PID=0.000 EL_PID=0.000 EL_FF=0.000
2026-04-20 09:54:46 [INFO] MONITOR az=350.325 el=30.150 AZ_ERR=0.000 EL_ERR=0.000 AZ_PID=0.000 EL_PID=0.000 EL_FF=0.000
2026-04-20 09:54:47 [INFO] MONITOR az=350.325 el=30.150 AZ_ERR=0.000 EL_ERR=0.000 AZ_PID=0.000 EL_PID=0.000 EL_FF=0.000
2026-04-20 09:54:48 [INFO] MONITOR az=350.325 el=30.150 AZ_ERR=0.000 EL_ERR=0.000 AZ_PID=0.000 EL_PID=0.000 EL_FF=0.000
2026-04-20 09:54:49 [INFO] MONITOR az=350.325 el=30.150 AZ_ERR=0.000 EL_ERR=0.000 AZ_PID=0.000 EL_PID=0.000 EL_FF=0.000
2026-04-20 09:54:50 [INFO] MONITOR az=350.325 el=30.150 AZ_ERR=0.000 EL_ERR=0.000 AZ_PID=0.000 EL_PID=0.000 EL_FF=0.000
2026-04-20 09:54:51 [INFO] MONITOR az=350.325 el=30.150 AZ_ERR=0.000 EL_ERR=0.000 AZ_PID=0.000 EL_PID=0.000 EL_FF=0.000
2026-04-20 09:54:52 [INFO] MONITOR az=350.325 el=30.150 AZ_ERR=0.000 EL_ERR=0.000 AZ_PID=0.000 EL_PID=0.000 EL_FF=0.000
2026-04-20 09:54:53 [INFO] MONITOR az=350.325 el=30.150 AZ_ERR=0.000 EL_ERR=0.000 AZ_PID=0.000 EL_PID=0.000 EL_FF=0.000
2026-04-20 09:54:54 [INFO] MONITOR az=350.325 el=30.150 AZ_ERR=0.000 EL_ERR=0.000 AZ_PID=0.000 EL_PID=0.000 EL_FF=0.000
2026-04-20 09:54:55 [INFO] MONITOR az=350.325 el=30.150 AZ_ERR=0.000 EL_ERR=0.000 AZ_PID=0.000 EL_PID=0.000 EL_FF=0.000
2026-04-20 09:54:56 [INFO] MONITOR az=350.325 el=30.150 AZ_ERR=0.000 EL_ERR=0.000 AZ_PID=0.000 EL_PID=0.000 EL_FF=0.000
2026-04-20 09:54:57 [INFO] MONITOR az=350.325 el=30.150 AZ_ERR=0.000 EL_ERR=0.000 AZ_PID=0.000 EL_PID=0.000 EL_FF=0.000
2026-04-20 09:54:58 [INFO] MONITOR az=350.325 el=30.150 AZ_ERR=0.000 EL_ERR=0.000 AZ_PID=0.000 EL_PID=0.000 EL_FF=0.000
2026-04-20 09:54:59 [INFO] MONITOR az=350.325 el=30.150 AZ_ERR=0.000 EL_ERR=0.000 AZ_PID=0.000 EL_PID=0.000 EL_FF=0.000
2026-04-20 09:55:00 [INFO] MONITOR az=350.325 el=30.150 AZ_ERR=0.000 EL_ERR=0.000 AZ_PID=0.000 EL_PID=0.000 EL_FF=0.000
2026-04-20 09:55:01 [INFO] MONITOR az=350.325 el=30.150 AZ_ERR=0.000 EL_ERR=0.000 AZ_PID=0.000 EL_PID=0.000 EL_FF=0.000
2026-04-20 09:55:02 [INFO] MONITOR az=350.325 el=30.150 AZ_ERR=0.000 EL_ERR=0.000 AZ_PID=0.000 EL_PID=0.000 EL_FF=0.000
2026-04-20 09:55:03 [INFO] MONITOR az=350.325 el=30.150 AZ_ERR=0.000 EL_ERR=0.000 AZ_PID=0.000 EL_PID=0.000 EL_FF=0.000
2026-04-20 09:55:04 [INFO] MONITOR az=350.325 el=30.150 AZ_ERR=0.000 EL_ERR=0.000 AZ_PID=0.000 EL_PID=0.000 EL_FF=0.000
2026-04-20 09:55:05 [INFO] MONITOR az=350.325 el=30.150 AZ_ERR=0.000 EL_ERR=0.000 AZ_PID=0.000 EL_PID=0.000 EL_FF=0.000
2026-04-20 09:55:06 [INFO] MONITOR az=350.325 el=30.150 AZ_ERR=0.000 EL_ERR=0.000 AZ_PID=0.000 EL_PID=0.000 EL_FF=0.000
2026-04-20 09:55:07 [INFO] MONITOR az=350.325 el=30.150 AZ_ERR=0.000 EL_ERR=0.000 AZ_PID=0.000 EL_PID=0.000 EL_FF=0.000
2026-04-20 09:55:08 [INFO] MONITOR az=350.325 el=30.150 AZ_ERR=0.000 EL_ERR=0.000 AZ_PID=0.000 EL_PID=0.000 EL_FF=0.000
2026-04-20 09:55:09 [INFO] MONITOR az=350.325 el=30.150 AZ_ERR=0.000 EL_ERR=0.000 AZ_PID=0.000 EL_PID=0.000 EL_FF=0.000
2026-04-20 09:55:10 [INFO] MONITOR az=350.325 el=30.150 AZ_ERR=0.000 EL_ERR=0.000 AZ_PID=0.000 EL_PID=0.000 EL_FF=0.000
2026-04-20 10:55:23 [INFO] MONITOR az=350.325 el=30.150 AZ_ERR=0.000 EL_ERR=0.000 AZ_PID=0.000 EL_PID=0.000 EL_FF=0.000
2026-04-20 10:55:24 [INFO] MONITOR az=350.325 el=30.150 AZ_ERR=0.000 EL_ERR=0.000 AZ_PID=0.000 EL_PID=0.000 EL_FF=0.000
2026-04-20 10:55:25 [INFO] MONITOR az=350.325 el=30.150 AZ_ERR=0.000 EL_ERR=0.000 AZ_PID=0.000 EL_PID=0.000 EL_FF=0.000
2026-04-20 10:55:26 [INFO] MONITOR az=350.325 el=30.150 AZ_ERR=0.000 EL_ERR=0.000 AZ_PID=0.000 EL_PID=0.000 EL_FF=0.000
2026-04-20 10:55:27 [INFO] MONITOR az=350.325 el=30.150 AZ_ERR=0.000 EL_ERR=0.000 AZ_PID=0.000 EL_PID=0.000 EL_FF=0.000
2026-04-20 10:55:28 [INFO] MONITOR az=350.325 el=30.150 AZ_ERR=0.000 EL_ERR=0.000 AZ_PID=0.000 EL_PID=0.000 EL_FF=0.000
2026-04-20 10:55:29 [INFO] MONITOR az=350.325 el=30.150 AZ_ERR=0.000 EL_ERR=0.000 AZ_PID=0.000 EL_PID=0.000 EL_FF=0.000
2026-04-20 10:55:30 [INFO] MONITOR az=350.325 el=30.150 AZ_ERR=0.000 EL_ERR=0.000 AZ_PID=0.000 EL_PID=0.000 EL_FF=0.000
2026-04-20 10:55:31 [INFO] MONITOR az=350.325 el=30.150 AZ_ERR=0.000 EL_ERR=0.000 AZ_PID=0.000 EL_PID=0.000 EL_FF=0.000
2026-04-20 10:55:33 [INFO] MONITOR az=350.325 el=30.150 AZ_ERR=0.000 EL_ERR=0.000 AZ_PID=0.000 EL_PID=0.000 EL_FF=0.000
2026-04-20 10:55:34 [INFO] MONITOR az=350.325 el=30.150 AZ_ERR=0.000 EL_ERR=0.000 AZ_PID=0.000 EL_PID=0.000 EL_FF=0.000
2026-04-20 10:55:35 [INFO] MONITOR az=350.325 el=30.150 AZ_ERR=0.000 EL_ERR=0.000 AZ_PID=0.000 EL_PID=0.000 EL_FF=0.000
2026-04-20 10:55:36 [INFO] MONITOR az=350.325 el=30.150 AZ_ERR=0.000 EL_ERR=0.000 AZ_PID=0.000 EL_PID=0.000 EL_FF=0.000
2026-04-20 10:55:37 [INFO] MONITOR az=350.325 el=30.150 AZ_ERR=0.000 EL_ERR=0.000 AZ_PID=0.000 EL_PID=0.000 EL_FF=0.000
2026-04-20 10:55:38 [INFO] MONITOR az=350.325 el=30.150 AZ_ERR=0.000 EL_ERR=0.000 AZ_PID=0.000 EL_PID=0.000 EL_FF=0.000
2026-04-20 10:55:39 [INFO] MONITOR az=350.325 el=30.150 AZ_ERR=0.000 EL_ERR=0.000 AZ_PID=0.000 EL_PID=0.000 EL_FF=0.000
2026-04-20 10:55:40 [INFO] MONITOR az=350.325 el=30.150 AZ_ERR=0.000 EL_ERR=0.000 AZ_PID=0.000 EL_PID=0.000 EL_FF=0.000
2026-04-20 10:55:41 [INFO] MONITOR az=350.325 el=30.150 AZ_ERR=0.000 EL_ERR=0.000 AZ_PID=0.000 EL_PID=0.000 EL_FF=0.000
2026-04-20 10:55:42 [INFO] MONITOR az=350.325 el=30.150 AZ_ERR=0.000 EL_ERR=0.000 AZ_PID=0.000 EL_PID=0.000 EL_FF=0.000
2026-04-20 10:55:43 [INFO] MONITOR az=350.325 el=30.150 AZ_ERR=0.000 EL_ERR=0.000 AZ_PID=0.000 EL_PID=0.000 EL_FF=0.000
2026-04-20 10:55:44 [INFO] MONITOR az=350.325 el=30.150 AZ_ERR=0.000 EL_ERR=0.000 AZ_PID=0.000 EL_PID=0.000 EL_FF=0.000
2026-04-20 10:55:45 [INFO] MONITOR az=350.325 el=30.150 AZ_ERR=0.000 EL_ERR=0.000 AZ_PID=0.000 EL_PID=0.000 EL_FF=0.000
2026-04-20 10:55:46 [INFO] MONITOR az=350.325 el=30.150 AZ_ERR=0.000 EL_ERR=0.000 AZ_PID=0.000 EL_PID=0.000 EL_FF=0.000
2026-04-20 10:55:47 [INFO] MONITOR az=350.325 el=30.150 AZ_ERR=0.000 EL_ERR=0.000 AZ_PID=0.000 EL_PID=0.000 EL_FF=0.000
2026-04-20 10:55:48 [INFO] MONITOR az=350.325 el=30.150 AZ_ERR=0.000 EL_ERR=0.000 AZ_PID=0.000 EL_PID=0.000 EL_FF=0.000
2026-04-20 10:55:49 [INFO] MONITOR az=350.325 el=30.150 AZ_ERR=0.000 EL_ERR=0.000 AZ_PID=0.000 EL_PID=0.000 EL_FF=0.000
2026-04-20 10:55:50 [INFO] MONITOR az=350.325 el=30.150 AZ_ERR=0.000 EL_ERR=0.000 AZ_PID=0.000 EL_PID=0.000 EL_FF=0.000
2026-04-20 10:55:51 [INFO] MONITOR az=350.325 el=30.150 AZ_ERR=0.000 EL_ERR=0.000 AZ_PID=0.000 EL_PID=0.000 EL_FF=0.000
2026-04-20 10:55:52 [INFO] MONITOR az=350.325 el=30.150 AZ_ERR=0.000 EL_ERR=0.000 AZ_PID=0.000 EL_PID=0.000 EL_FF=0.000
2026-04-20 10:55:53 [INFO] MONITOR az=350.325 el=30.150 AZ_ERR=0.000 EL_ERR=0.000 AZ_PID=0.000 EL_PID=0.000 EL_FF=0.000
2026-04-20 10:55:54 [INFO] MONITOR az=350.325 el=30.150 AZ_ERR=0.000 EL_ERR=0.000 AZ_PID=0.000 EL_PID=0.000 EL_FF=0.000
2026-04-20 10:55:55 [INFO] MONITOR az=350.325 el=30.150 AZ_ERR=0.000 EL_ERR=0.000 AZ_PID=0.000 EL_PID=0.000 EL_FF=0.000
2026-04-20 10:55:56 [INFO] MONITOR az=350.325 el=30.150 AZ_ERR=0.000 EL_ERR=0.000 AZ_PID=0.000 EL_PID=0.000 EL_FF=0.000
2026-04-20 10:55:57 [INFO] MONITOR az=350.325 el=30.150 AZ_ERR=0.000 EL_ERR=0.000 AZ_PID=0.000 EL_PID=0.000 EL_FF=0.000
2026-04-20 10:55:58 [INFO] MONITOR az=350.325 el=30.150 AZ_ERR=0.000 EL_ERR=0.000 AZ_PID=0.000 EL_PID=0.000 EL_FF=0.000
2026-04-20 10:55:59 [INFO] MONITOR az=350.325 el=30.150 AZ_ERR=0.000 EL_ERR=0.000 AZ_PID=0.000 EL_PID=0.000 EL_FF=0.000
2026-04-20 10:56:00 [INFO] MONITOR az=350.325 el=30.150 AZ_ERR=0.000 EL_ERR=0.000 AZ_PID=0.000 EL_PID=0.000 EL_FF=0.000
2026-04-20 10:56:01 [INFO] MONITOR az=350.325 el=30.150 AZ_ERR=0.000 EL_ERR=0.000 AZ_PID=0.000 EL_PID=0.000 EL_FF=0.000
2026-04-20 10:56:02 [INFO] MONITOR az=350.325 el=30.150 AZ_ERR=0.000 EL_ERR=0.000 AZ_PID=0.000 EL_PID=0.000 EL_FF=0.000
2026-04-20 10:56:03 [INFO] MONITOR az=350.325 el=30.150 AZ_ERR=0.000 EL_ERR=0.000 AZ_PID=0.000 EL_PID=0.000 EL_FF=0.000
2026-04-20 10:56:04 [INFO] MONITOR az=350.325 el=30.150 AZ_ERR=0.000 EL_ERR=0.000 AZ_PID=0.000 EL_PID=0.000 EL_FF=0.000
2026-04-20 10:56:05 [INFO] MONITOR az=350.325 el=30.150 AZ_ERR=0.000 EL_ERR=0.000 AZ_PID=0.000 EL_PID=0.000 EL_FF=0.000
2026-04-20 10:56:06 [INFO] MONITOR az=350.325 el=30.150 AZ_ERR=0.000 EL_ERR=0.000 AZ_PID=0.000 EL_PID=0.000 EL_FF=0.000
2026-04-20 10:56:07 [INFO] MONITOR az=350.325 el=30.150 AZ_ERR=0.000 EL_ERR=0.000 AZ_PID=0.000 EL_PID=0.000 EL_FF=0.000
2026-04-20 10:56:08 [INFO] MONITOR az=350.325 el=30.150 AZ_ERR=0.000 EL_ERR=0.000 AZ_PID=0.000 EL_PID=0.000 EL_FF=0.000
2026-04-20 10:56:09 [INFO] MONITOR az=350.325 el=30.150 AZ_ERR=0.000 EL_ERR=0.000 AZ_PID=0.000 EL_PID=0.000 EL_FF=0.000
2026-04-20 10:56:10 [INFO] MONITOR az=350.325 el=30.150 AZ_ERR=0.000 EL_ERR=0.000 AZ_PID=0.000 EL_PID=0.000 EL_FF=0.000
2026-04-20 11:56:23 [INFO] MONITOR az=350.325 el=30.150 AZ_ERR=0.000 EL_ERR=0.000 AZ_PID=0.000 EL_PID=0.000 EL_FF=0.000
2026-04-20 11:56:24 [INFO] MONITOR az=350.325 el=30.150 AZ_ERR=0.000 EL_ERR=0.000 AZ_PID=0.000 EL_PID=0.000 EL_FF=0.000
2026-04-20 11:56:25 [INFO] MONITOR az=350.325 el=30.150 AZ_ERR=0.000 EL_ERR=0.000 AZ_PID=0.000 EL_PID=0.000 EL_FF=0.000
2026-04-20 11:56:26 [INFO] MONITOR az=350.325 el=30.150 AZ_ERR=0.000 EL_ERR=0.000 AZ_PID=0.000 EL_PID=0.000 EL_FF=0.000
2026-04-20 11:56:27 [INFO] MONITOR az=350.325 el=30.150 AZ_ERR=0.000 EL_ERR=0.000 AZ_PID=0.000 EL_PID=0.000 EL_FF=0.000
2026-04-20 11:56:28 [INFO] MONITOR az=350.325 el=30.150 AZ_ERR=0.000 EL_ERR=0.000 AZ_PID=0.000 EL_PID=0.000 EL_FF=0.000
2026-04-20 11:56:29 [INFO] MONITOR az=350.325 el=30.150 AZ_ERR=0.000 EL_ERR=0.000 AZ_PID=0.000 EL_PID=0.000 EL_FF=0.000
2026-04-20 11:56:30 [INFO] MONITOR az=350.325 el=30.150 AZ_ERR=0.000 EL_ERR=0.000 AZ_PID=0.000 EL_PID=0.000 EL_FF=0.000
2026-04-20 11:56:31 [INFO] MONITOR az=350.325 el=30.150 AZ_ERR=0.000 EL_ERR=0.000 AZ_PID=0.000 EL_PID=0.000 EL_FF=0.000
2026-04-20 11:56:32 [INFO] MONITOR az=350.325 el=30.150 AZ_ERR=0.000 EL_ERR=0.000 AZ_PID=0.000 EL_PID=0.000 EL_FF=0.000
2026-04-20 11:56:33 [INFO] MONITOR az=350.325 el=30.150 AZ_ERR=0.000 EL_ERR=0.000 AZ_PID=0.000 EL_PID=0.000 EL_FF=0.000
2026-04-20 11:56:34 [INFO] MONITOR az=350.325 el=30.150 AZ_ERR=0.000 EL_ERR=0.000 AZ_PID=0.000 EL_PID=0.000 EL_FF=0.000
2026-04-20 11:56:35 [INFO] MONITOR az=350.325 el=30.150 AZ_ERR=0.000 EL_ERR=0.000 AZ_PID=0.000 EL_PID=0.000 EL_FF=0.000
2026-04-20 11:56:36 [INFO] MONITOR az=350.325 el=30.150 AZ_ERR=0.000 EL_ERR=0.000 AZ_PID=0.000 EL_PID=0.000 EL_FF=0.000
2026-04-20 11:56:37 [INFO] MONITOR az=350.325 el=30.150 AZ_ERR=0.000 EL_ERR=0.000 AZ_PID=0.000 EL_PID=0.000 EL_FF=0.000
2026-04-20 11:56:38 [INFO] MONITOR az=350.325 el=30.150 AZ_ERR=0.000 EL_ERR=0.000 AZ_PID=0.000 EL_PID=0.000 EL_FF=0.000
2026-04-20 11:56:39 [INFO] MONITOR az=350.325 el=30.150 AZ_ERR=0.000 EL_ERR=0.000 AZ_PID=0.000 EL_PID=0.000 EL_FF=0.000
2026-04-20 11:56:40 [INFO] MONITOR az=350.325 el=30.150 AZ_ERR=0.000 EL_ERR=0.000 AZ_PID=0.000 EL_PID=0.000 EL_FF=0.000
2026-04-20 11:56:41 [INFO] MONITOR az=350.325 el=30.150 AZ_ERR=0.000 EL_ERR=0.000 AZ_PID=0.000 EL_PID=0.000 EL_FF=0.000
2026-04-20 11:56:42 [INFO] MONITOR az=350.325 el=30.150 AZ_ERR=0.000 EL_ERR=0.000 AZ_PID=0.000 EL_PID=0.000 EL_FF=0.000
2026-04-20 11:56:43 [INFO] MONITOR az=350.325 el=30.150 AZ_ERR=0.000 EL_ERR=0.000 AZ_PID=0.000 EL_PID=0.000 EL_FF=0.000
2026-04-20 11:56:44 [INFO] MONITOR az=350.325 el=30.150 AZ_ERR=0.000 EL_ERR=0.000 AZ_PID=0.000 EL_PID=0.000 EL_FF=0.000
2026-04-20 11:56:45 [INFO] MONITOR az=350.325 el=30.150 AZ_ERR=0.000 EL_ERR=0.000 AZ_PID=0.000 EL_PID=0.000 EL_FF=0.000
2026-04-20 11:56:46 [INFO] MONITOR az=350.325 el=30.150 AZ_ERR=0.000 EL_ERR=0.000 AZ_PID=0.000 EL_PID=0.000 EL_FF=0.000
2026-04-20 11:56:47 [INFO] MONITOR az=350.325 el=30.150 AZ_ERR=0.000 EL_ERR=0.000 AZ_PID=0.000 EL_PID=0.000 EL_FF=0.000
2026-04-20 11:56:48 [INFO] MONITOR az=350.325 el=30.150 AZ_ERR=0.000 EL_ERR=0.000 AZ_PID=0.000 EL_PID=0.000 EL_FF=0.000
2026-04-20 11:56:49 [INFO] MONITOR az=350.325 el=30.150 AZ_ERR=0.000 EL_ERR=0.000 AZ_PID=0.000 EL_PID=0.000 EL_FF=0.000
2026-04-20 11:56:50 [INFO] MONITOR az=350.325 el=30.150 AZ_ERR=0.000 EL_ERR=0.000 AZ_PID=0.000 EL_PID=0.000 EL_FF=0.000
2026-04-20 11:56:51 [INFO] MONITOR az=350.325 el=30.150 AZ_ERR=0.000 EL_ERR=0.000 AZ_PID=0.000 EL_PID=0.000 EL_FF=0.000
2026-04-20 11:56:52 [INFO] MONITOR az=350.325 el=30.150 AZ_ERR=0.000 EL_ERR=0.000 AZ_PID=0.000 EL_PID=0.000 EL_FF=0.000
2026-04-20 11:56:53 [INFO] MONITOR az=350.325 el=30.150 AZ_ERR=0.000 EL_ERR=0.000 AZ_PID=0.000 EL_PID=0.000 EL_FF=0.000
2026-04-20 11:56:54 [INFO] MONITOR az=350.325 el=30.150 AZ_ERR=0.000 EL_ERR=0.000 AZ_PID=0.000 EL_PID=0.000 EL_FF=0.000
2026-04-20 11:56:55 [INFO] MONITOR az=350.325 el=30.150 AZ_ERR=0.000 EL_ERR=0.000 AZ_PID=0.000 EL_PID=0.000 EL_FF=0.000
2026-04-20 11:56:56 [INFO] MONITOR az=350.325 el=30.150 AZ_ERR=0.000 EL_ERR=0.000 AZ_PID=0.000 EL_PID=0.000 EL_FF=0.000
2026-04-20 11:56:57 [INFO] MONITOR az=350.325 el=30.150 AZ_ERR=0.000 EL_ERR=0.000 AZ_PID=0.000 EL_PID=0.000 EL_FF=0.000
2026-04-20 11:56:58 [INFO] MONITOR az=350.325 el=30.150 AZ_ERR=0.000 EL_ERR=0.000 AZ_PID=0.000 EL_PID=0.000 EL_FF=0.000
2026-04-20 11:56:59 [INFO] MONITOR az=350.325 el=30.150 AZ_ERR=0.000 EL_ERR=0.000 AZ_PID=0.000 EL_PID=0.000 EL_FF=0.000
2026-04-20 11:57:00 [INFO] MONITOR az=350.325 el=30.150 AZ_ERR=0.000 EL_ERR=0.000 AZ_PID=0.000 EL_PID=0.000 EL_FF=0.000
2026-04-20 11:57:01 [INFO] MONITOR az=350.325 el=30.150 AZ_ERR=0.000 EL_ERR=0.000 AZ_PID=0.000 EL_PID=0.000 EL_FF=0.000
2026-04-20 11:57:02 [INFO] MONITOR az=350.325 el=30.150 AZ_ERR=0.000 EL_ERR=0.000 AZ_PID=0.000 EL_PID=0.000 EL_FF=0.000
2026-04-20 11:57:03 [INFO] MONITOR az=350.325 el=30.150 AZ_ERR=0.000 EL_ERR=0.000 AZ_PID=0.000 EL_PID=0.000 EL_FF=0.000
2026-04-20 11:57:04 [INFO] MONITOR az=350.325 el=30.150 AZ_ERR=0.000 EL_ERR=0.000 AZ_PID=0.000 EL_PID=0.000 EL_FF=0.000
2026-04-20 11:57:05 [INFO] MONITOR az=350.325 el=30.150 AZ_ERR=0.000 EL_ERR=0.000 AZ_PID=0.000 EL_PID=0.000 EL_FF=0.000
2026-04-20 11:57:06 [INFO] MONITOR az=350.325 el=30.150 AZ_ERR=0.000 EL_ERR=0.000 AZ_PID=0.000 EL_PID=0.000 EL_FF=0.000
2026-04-20 11:57:07 [INFO] MONITOR az=350.325 el=30.150 AZ_ERR=0.000 EL_ERR=0.000 AZ_PID=0.000 EL_PID=0.000 EL_FF=0.000
2026-04-20 11:57:08 [INFO] MONITOR az=350.325 el=30.150 AZ_ERR=0.000 EL_ERR=0.000 AZ_PID=0.000 EL_PID=0.000 EL_FF=0.000
2026-04-20 12:57:21 [INFO] MONITOR az=350.325 el=30.150 AZ_ERR=0.000 EL_ERR=0.000 AZ_PID=0.000 EL_PID=0.000 EL_FF=0.000
2026-04-20 12:57:22 [INFO] MONITOR az=350.325 el=30.150 AZ_ERR=0.000 EL_ERR=0.000 AZ_PID=0.000 EL_PID=0.000 EL_FF=0.000
2026-04-20 12:57:23 [INFO] MONITOR az=350.325 el=30.150 AZ_ERR=0.000 EL_ERR=0.000 AZ_PID=0.000 EL_PID=0.000 EL_FF=0.000
2026-04-20 12:57:24 [INFO] MONITOR az=350.325 el=30.150 AZ_ERR=0.000 EL_ERR=0.000 AZ_PID=0.000 EL_PID=0.000 EL_FF=0.000
2026-04-20 12:57:25 [INFO] MONITOR az=350.325 el=30.150 AZ_ERR=0.000 EL_ERR=0.000 AZ_PID=0.000 EL_PID=0.000 EL_FF=0.000
2026-04-20 12:57:26 [INFO] MONITOR az=350.325 el=30.150 AZ_ERR=0.000 EL_ERR=0.000 AZ_PID=0.000 EL_PID=0.000 EL_FF=0.000
2026-04-20 12:57:27 [INFO] MONITOR az=350.325 el=30.150 AZ_ERR=0.000 EL_ERR=0.000 AZ_PID=0.000 EL_PID=0.000 EL_FF=0.000
2026-04-20 12:57:28 [INFO] MONITOR az=350.325 el=30.150 AZ_ERR=0.000 EL_ERR=0.000 AZ_PID=0.000 EL_PID=0.000 EL_FF=0.000
2026-04-20 12:57:29 [INFO] MONITOR az=350.325 el=30.150 AZ_ERR=0.000 EL_ERR=0.000 AZ_PID=0.000 EL_PID=0.000 EL_FF=0.000
2026-04-20 12:57:30 [INFO] MONITOR az=350.325 el=30.150 AZ_ERR=0.000 EL_ERR=0.000 AZ_PID=0.000 EL_PID=0.000 EL_FF=0.000
2026-04-20 12:57:31 [INFO] MONITOR az=350.325 el=30.150 AZ_ERR=0.000 EL_ERR=0.000 AZ_PID=0.000 EL_PID=0.000 EL_FF=0.000
2026-04-20 12:57:32 [INFO] MONITOR az=350.325 el=30.150 AZ_ERR=0.000 EL_ERR=0.000 AZ_PID=0.000 EL_PID=0.000 EL_FF=0.000
2026-04-20 12:57:33 [INFO] MONITOR az=350.325 el=30.150 AZ_ERR=0.000 EL_ERR=0.000 AZ_PID=0.000 EL_PID=0.000 EL_FF=0.000
2026-04-20 12:57:34 [INFO] MONITOR az=350.325 el=30.150 AZ_ERR=0.000 EL_ERR=0.000 AZ_PID=0.000 EL_PID=0.000 EL_FF=0.000
2026-04-20 12:57:35 [INFO] MONITOR az=350.325 el=30.150 AZ_ERR=0.000 EL_ERR=0.000 AZ_PID=0.000 EL_PID=0.000 EL_FF=0.000
2026-04-20 12:57:36 [INFO] MONITOR az=350.325 el=30.150 AZ_ERR=0.000 EL_ERR=0.000 AZ_PID=0.000 EL_PID=0.000 EL_FF=0.000
2026-04-20 12:57:37 [INFO] MONITOR az=350.325 el=30.150 AZ_ERR=0.000 EL_ERR=0.000 AZ_PID=0.000 EL_PID=0.000 EL_FF=0.000
2026-04-20 12:57:38 [INFO] MONITOR az=350.325 el=30.150 AZ_ERR=0.000 EL_ERR=0.000 AZ_PID=0.000 EL_PID=0.000 EL_FF=0.000
2026-04-20 12:57:39 [INFO] MONITOR az=350.325 el=30.150 AZ_ERR=0.000 EL_ERR=0.000 AZ_PID=0.000 EL_PID=0.000 EL_FF=0.000
2026-04-20 12:57:40 [INFO] MONITOR az=350.325 el=30.150 AZ_ERR=0.000 EL_ERR=0.000 AZ_PID=0.000 EL_PID=0.000 EL_FF=0.000
2026-04-20 12:57:41 [INFO] MONITOR az=350.325 el=30.150 AZ_ERR=0.000 EL_ERR=0.000 AZ_PID=0.000 EL_PID=0.000 EL_FF=0.000
2026-04-20 12:57:42 [INFO] MONITOR az=350.325 el=30.150 AZ_ERR=0.000 EL_ERR=0.000 AZ_PID=0.000 EL_PID=0.000 EL_FF=0.000
2026-04-20 12:57:43 [INFO] MONITOR az=350.325 el=30.150 AZ_ERR=0.000 EL_ERR=0.000 AZ_PID=0.000 EL_PID=0.000 EL_FF=0.000
2026-04-20 12:57:44 [INFO] MONITOR az=350.325 el=30.150 AZ_ERR=0.000 EL_ERR=0.000 AZ_PID=0.000 EL_PID=0.000 EL_FF=0.000
2026-04-20 12:57:45 [INFO] MONITOR az=350.325 el=30.150 AZ_ERR=0.000 EL_ERR=0.000 AZ_PID=0.000 EL_PID=0.000 EL_FF=0.000
2026-04-20 12:57:46 [INFO] MONITOR az=350.325 el=30.150 AZ_ERR=0.000 EL_ERR=0.000 AZ_PID=0.000 EL_PID=0.000 EL_FF=0.000
2026-04-20 12:57:47 [INFO] MONITOR az=350.325 el=30.150 AZ_ERR=0.000 EL_ERR=0.000 AZ_PID=0.000 EL_PID=0.000 EL_FF=0.000
2026-04-20 12:57:48 [INFO] MONITOR az=350.325 el=30.150 AZ_ERR=0.000 EL_ERR=0.000 AZ_PID=0.000 EL_PID=0.000 EL_FF=0.000
2026-04-20 12:57:49 [INFO] MONITOR az=350.325 el=30.150 AZ_ERR=0.000 EL_ERR=0.000 AZ_PID=0.000 EL_PID=0.000 EL_FF=0.000
2026-04-20 12:57:50 [INFO] MONITOR az=350.325 el=30.150 AZ_ERR=0.000 EL_ERR=0.000 AZ_PID=0.000 EL_PID=0.000 EL_FF=0.000
2026-04-20 12:57:51 [INFO] MONITOR az=350.325 el=30.150 AZ_ERR=0.000 EL_ERR=0.000 AZ_PID=0.000 EL_PID=0.000 EL_FF=0.000
2026-04-20 12:57:52 [INFO] MONITOR az=350.325 el=30.150 AZ_ERR=0.000 EL_ERR=0.000 AZ_PID=0.000 EL_PID=0.000 EL_FF=0.000
2026-04-20 12:57:53 [INFO] MONITOR az=350.325 el=30.150 AZ_ERR=0.000 EL_ERR=0.000 AZ_PID=0.000 EL_PID=0.000 EL_FF=0.000
2026-04-20 12:57:54 [INFO] MONITOR az=350.325 el=30.150 AZ_ERR=0.000 EL_ERR=0.000 AZ_PID=0.000 EL_PID=0.000 EL_FF=0.000
2026-04-20 12:57:55 [INFO] MONITOR az=350.325 el=30.150 AZ_ERR=0.000 EL_ERR=0.000 AZ_PID=0.000 EL_PID=0.000 EL_FF=0.000
2026-04-20 12:57:56 [INFO] MONITOR az=350.325 el=30.150 AZ_ERR=0.000 EL_ERR=0.000 AZ_PID=0.000 EL_PID=0.000 EL_FF=0.000
2026-04-20 12:57:57 [INFO] MONITOR az=350.325 el=30.150 AZ_ERR=0.000 EL_ERR=0.000 AZ_PID=0.000 EL_PID=0.000 EL_FF=0.000
2026-04-20 12:57:58 [INFO] MONITOR az=350.325 el=30.150 AZ_ERR=0.000 EL_ERR=0.000 AZ_PID=0.000 EL_PID=0.000 EL_FF=0.000
2026-04-20 12:57:59 [INFO] MONITOR az=350.325 el=30.150 AZ_ERR=0.000 EL_ERR=0.000 AZ_PID=0.000 EL_PID=0.000 EL_FF=0.000
2026-04-20 12:58:00 [INFO] MONITOR az=350.325 el=30.150 AZ_ERR=0.000 EL_ERR=0.000 AZ_PID=0.000 EL_PID=0.000 EL_FF=0.000
2026-04-20 12:58:01 [INFO] MONITOR az=350.325 el=30.150 AZ_ERR=0.000 EL_ERR=0.000 AZ_PID=0.000 EL_PID=0.000 EL_FF=0.000
2026-04-20 12:58:02 [INFO] MONITOR az=350.325 el=30.150 AZ_ERR=0.000 EL_ERR=0.000 AZ_PID=0.000 EL_PID=0.000 EL_FF=0.000
2026-04-20 12:58:03 [INFO] MONITOR az=350.325 el=30.150 AZ_ERR=0.000 EL_ERR=0.000 AZ_PID=0.000 EL_PID=0.000 EL_FF=0.000
2026-04-20 12:58:04 [INFO] MONITOR az=350.325 el=30.150 AZ_ERR=0.000 EL_ERR=0.000 AZ_PID=0.000 EL_PID=0.000 EL_FF=0.000
2026-04-20 12:58:05 [INFO] MONITOR az=350.325 el=30.150 AZ_ERR=0.000 EL_ERR=0.000 AZ_PID=0.000 EL_PID=0.000 EL_FF=0.000
2026-04-20 12:58:06 [INFO] MONITOR az=350.325 el=30.150 AZ_ERR=0.000 EL_ERR=0.000 AZ_PID=0.000 EL_PID=0.000 EL_FF=0.000
2026-04-20 12:58:07 [INFO] MONITOR az=350.325 el=30.150 AZ_ERR=0.000 EL_ERR=0.000 AZ_PID=0.000 EL_PID=0.000 EL_FF=0.000
2026-04-20 13:16:59 [INFO] MONITOR az=350.325 el=30.150 AZ_ERR=0.000 EL_ERR=0.000 AZ_PID=0.000 EL_PID=0.000 EL_FF=0.000
2026-04-20 13:17:00 [INFO] MONITOR az=350.325 el=30.150 AZ_ERR=0.000 EL_ERR=0.000 AZ_PID=0.000 EL_PID=0.000 EL_FF=0.000
2026-04-20 13:17:01 [INFO] MONITOR az=350.325 el=30.150 AZ_ERR=0.000 EL_ERR=0.000 AZ_PID=0.000 EL_PID=0.000 EL_FF=0.000
2026-04-20 13:17:02 [INFO] MONITOR az=350.325 el=30.150 AZ_ERR=0.000 EL_ERR=0.000 AZ_PID=0.000 EL_PID=0.000 EL_FF=0.000
2026-04-20 13:17:03 [INFO] MONITOR az=350.325 el=30.150 AZ_ERR=0.000 EL_ERR=0.000 AZ_PID=0.000 EL_PID=0.000 EL_FF=0.000
2026-04-20 13:17:04 [INFO] MONITOR az=350.325 el=30.150 AZ_ERR=0.000 EL_ERR=0.000 AZ_PID=0.000 EL_PID=0.000 EL_FF=0.000
2026-04-20 13:17:05 [INFO] MONITOR az=350.325 el=30.150 AZ_ERR=0.000 EL_ERR=0.000 AZ_PID=0.000 EL_PID=0.000 EL_FF=0.000
2026-04-20 13:17:06 [INFO] MONITOR az=350.325 el=30.150 AZ_ERR=0.000 EL_ERR=0.000 AZ_PID=0.000 EL_PID=0.000 EL_FF=0.000
2026-04-20 13:17:07 [INFO] MONITOR az=350.325 el=30.150 AZ_ERR=0.000 EL_ERR=0.000 AZ_PID=0.000 EL_PID=0.000 EL_FF=0.000
2026-04-20 13:17:08 [INFO] MONITOR az=350.325 el=30.150 AZ_ERR=0.000 EL_ERR=0.000 AZ_PID=0.000 EL_PID=0.000 EL_FF=0.000
2026-04-20 13:17:09 [INFO] MONITOR az=350.325 el=30.150 AZ_ERR=0.000 EL_ERR=0.000 AZ_PID=0.000 EL_PID=0.000 EL_FF=0.000
2026-04-20 13:17:10 [INFO] MONITOR az=350.325 el=30.150 AZ_ERR=0.000 EL_ERR=0.000 AZ_PID=0.000 EL_PID=0.000 EL_FF=0.000
2026-04-20 13:17:11 [INFO] MONITOR az=350.325 el=30.150 AZ_ERR=0.000 EL_ERR=0.000 AZ_PID=0.000 EL_PID=0.000 EL_FF=0.000
2026-04-20 13:17:12 [INFO] MONITOR az=350.325 el=30.150 AZ_ERR=0.000 EL_ERR=0.000 AZ_PID=0.000 EL_PID=0.000 EL_FF=0.000
2026-04-20 13:17:13 [INFO] MONITOR az=350.325 el=30.150 AZ_ERR=0.000 EL_ERR=0.000 AZ_PID=0.000 EL_PID=0.000 EL_FF=0.000
2026-04-20 13:17:14 [INFO] MONITOR az=350.325 el=30.150 AZ_ERR=0.000 EL_ERR=0.000 AZ_PID=0.000 EL_PID=0.000 EL_FF=0.000
2026-04-20 13:17:15 [INFO] MONITOR az=350.325 el=30.150 AZ_ERR=0.000 EL_ERR=0.000 AZ_PID=0.000 EL_PID=0.000 EL_FF=0.000
2026-04-20 13:17:16 [INFO] MONITOR az=350.325 el=30.150 AZ_ERR=0.000 EL_ERR=0.000 AZ_PID=0.000 EL_PID=0.000 EL_FF=0.000
2026-04-20 13:17:17 [INFO] MONITOR az=350.325 el=30.150 AZ_ERR=0.000 EL_ERR=0.000 AZ_PID=0.000 EL_PID=0.000 EL_FF=0.000
2026-04-20 13:17:18 [INFO] MONITOR az=350.325 el=30.150 AZ_ERR=0.000 EL_ERR=0.000 AZ_PID=0.000 EL_PID=0.000 EL_FF=0.000
2026-04-20 13:17:19 [INFO] MONITOR az=350.325 el=30.150 AZ_ERR=0.000 EL_ERR=0.000 AZ_PID=0.000 EL_PID=0.000 EL_FF=0.000
2026-04-20 13:17:20 [INFO] MONITOR az=350.325 el=30.150 AZ_ERR=0.000 EL_ERR=0.000 AZ_PID=0.000 EL_PID=0.000 EL_FF=0.000
2026-04-20 13:17:21 [INFO] MONITOR az=350.325 el=30.150 AZ_ERR=0.000 EL_ERR=0.000 AZ_PID=0.000 EL_PID=0.000 EL_FF=0.000
2026-04-20 13:17:22 [INFO] MONITOR az=350.325 el=30.150 AZ_ERR=0.000 EL_ERR=0.000 AZ_PID=0.000 EL_PID=0.000 EL_FF=0.000
2026-04-20 13:17:23 [INFO] MONITOR az=350.325 el=30.150 AZ_ERR=0.000 EL_ERR=0.000 AZ_PID=0.000 EL_PID=0.000 EL_FF=0.000
2026-04-20 13:17:24 [INFO] MONITOR az=350.325 el=30.150 AZ_ERR=0.000 EL_ERR=0.000 AZ_PID=0.000 EL_PID=0.000 EL_FF=0.000
2026-04-20 13:17:25 [INFO] MONITOR az=350.325 el=30.150 AZ_ERR=0.000 EL_ERR=0.000 AZ_PID=0.000 EL_PID=0.000 EL_FF=0.000
2026-04-20 13:17:26 [INFO] MONITOR az=350.325 el=30.150 AZ_ERR=0.000 EL_ERR=0.000 AZ_PID=0.000 EL_PID=0.000 EL_FF=0.000
2026-04-20 13:17:27 [INFO] MONITOR az=350.325 el=30.150 AZ_ERR=0.000 EL_ERR=0.000 AZ_PID=0.000 EL_PID=0.000 EL_FF=0.000
2026-04-20 13:17:28 [INFO] MONITOR az=350.325 el=30.150 AZ_ERR=0.000 EL_ERR=0.000 AZ_PID=0.000 EL_PID=0.000 EL_FF=0.000
2026-04-20 13:17:29 [INFO] MONITOR az=350.325 el=30.150 AZ_ERR=0.000 EL_ERR=0.000 AZ_PID=0.000 EL_PID=0.000 EL_FF=0.000
2026-04-20 13:17:30 [INFO] MONITOR az=350.325 el=30.150 AZ_ERR=0.000 EL_ERR=0.000 AZ_PID=0.000 EL_PID=0.000 EL_FF=0.000
2026-04-20 13:17:31 [INFO] MONITOR az=350.325 el=30.150 AZ_ERR=0.000 EL_ERR=0.000 AZ_PID=0.000 EL_PID=0.000 EL_FF=0.000
2026-04-20 13:17:32 [INFO] MONITOR az=350.325 el=30.150 AZ_ERR=0.000 EL_ERR=0.000 AZ_PID=0.000 EL_PID=0.000 EL_FF=0.000
2026-04-20 13:17:33 [INFO] MONITOR az=350.325 el=30.150 AZ_ERR=0.000 EL_ERR=0.000 AZ_PID=0.000 EL_PID=0.000 EL_FF=0.000
2026-04-20 13:17:34 [INFO] MONITOR az=350.325 el=30.150 AZ_ERR=0.000 EL_ERR=0.000 AZ_PID=0.000 EL_PID=0.000 EL_FF=0.000
2026-04-20 13:17:35 [INFO] MONITOR az=350.325 el=30.150 AZ_ERR=0.000 EL_ERR=0.000 AZ_PID=0.000 EL_PID=0.000 EL_FF=0.000
2026-04-20 13:17:36 [INFO] MONITOR az=350.325 el=30.150 AZ_ERR=0.000 EL_ERR=0.000 AZ_PID=0.000 EL_PID=0.000 EL_FF=0.000
2026-04-20 13:17:37 [INFO] MONITOR az=350.325 el=30.150 AZ_ERR=0.000 EL_ERR=0.000 AZ_PID=0.000 EL_PID=0.000 EL_FF=0.000
2026-04-20 13:17:38 [INFO] MONITOR az=350.325 el=30.150 AZ_ERR=0.000 EL_ERR=0.000 AZ_PID=0.000 EL_PID=0.000 EL_FF=0.000
2026-04-20 13:17:39 [INFO] MONITOR az=350.325 el=30.150 AZ_ERR=0.000 EL_ERR=0.000 AZ_PID=0.000 EL_PID=0.000 EL_FF=0.000
2026-04-20 13:17:40 [INFO] MONITOR az=350.325 el=30.150 AZ_ERR=0.000 EL_ERR=0.000 AZ_PID=0.000 EL_PID=0.000 EL_FF=0.000
2026-04-20 13:17:41 [INFO] MONITOR az=350.325 el=30.150 AZ_ERR=0.000 EL_ERR=0.000 AZ_PID=0.000 EL_PID=0.000 EL_FF=0.000
2026-04-20 13:17:42 [INFO] MONITOR az=350.325 el=30.150 AZ_ERR=0.000 EL_ERR=0.000 AZ_PID=0.000 EL_PID=0.000 EL_FF=0.000
2026-04-20 13:17:43 [INFO] MONITOR az=350.325 el=30.150 AZ_ERR=0.000 EL_ERR=0.000 AZ_PID=0.000 EL_PID=0.000 EL_FF=0.000
2026-04-20 13:17:44 [INFO] MONITOR az=350.325 el=30.150 AZ_ERR=0.000 EL_ERR=0.000 AZ_PID=0.000 EL_PID=0.000 EL_FF=0.000
2026-04-20 13:29:25 [INFO] MONITOR az=350.325 el=30.150 AZ_ERR=0.000 EL_ERR=0.000 AZ_PID=0.000 EL_PID=0.000 EL_FF=0.000
2026-04-20 13:29:26 [INFO] MONITOR az=350.325 el=30.150 AZ_ERR=0.000 EL_ERR=0.000 AZ_PID=0.000 EL_PID=0.000 EL_FF=0.000
2026-04-20 13:29:27 [INFO] MONITOR az=350.325 el=30.150 AZ_ERR=0.000 EL_ERR=0.000 AZ_PID=0.000 EL_PID=0.000 EL_FF=0.000
2026-04-20 13:29:28 [INFO] MONITOR az=350.325 el=30.150 AZ_ERR=0.000 EL_ERR=0.000 AZ_PID=0.000 EL_PID=0.000 EL_FF=0.000
2026-04-20 13:29:29 [INFO] MONITOR az=350.325 el=30.150 AZ_ERR=0.000 EL_ERR=0.000 AZ_PID=0.000 EL_PID=0.000 EL_FF=0.000
2026-04-20 13:29:30 [INFO] MONITOR az=350.325 el=30.150 AZ_ERR=0.000 EL_ERR=0.000 AZ_PID=0.000 EL_PID=0.000 EL_FF=0.000
2026-04-20 13:29:31 [INFO] MONITOR az=350.325 el=30.150 AZ_ERR=0.000 EL_ERR=0.000 AZ_PID=0.000 EL_PID=0.000 EL_FF=0.000
2026-04-20 13:29:32 [INFO] MONITOR az=350.325 el=30.150 AZ_ERR=0.000 EL_ERR=0.000 AZ_PID=0.000 EL_PID=0.000 EL_FF=0.000
2026-04-20 13:29:33 [INFO] MONITOR az=350.325 el=30.150 AZ_ERR=0.000 EL_ERR=0.000 AZ_PID=0.000 EL_PID=0.000 EL_FF=0.000
2026-04-20 13:29:34 [INFO] MONITOR az=350.325 el=30.150 AZ_ERR=0.000 EL_ERR=0.000 AZ_PID=0.000 EL_PID=0.000 EL_FF=0.000
2026-04-20 13:29:35 [INFO] MONITOR az=350.325 el=30.150 AZ_ERR=0.000 EL_ERR=0.000 AZ_PID=0.000 EL_PID=0.000 EL_FF=0.000
2026-04-20 13:29:36 [INFO] MONITOR az=350.325 el=30.150 AZ_ERR=0.000 EL_ERR=0.000 AZ_PID=0.000 EL_PID=0.000 EL_FF=0.000
2026-04-20 13:29:37 [INFO] MONITOR az=350.325 el=30.150 AZ_ERR=0.000 EL_ERR=0.000 AZ_PID=0.000 EL_PID=0.000 EL_FF=0.000
2026-04-20 13:29:38 [INFO] MONITOR az=350.325 el=30.150 AZ_ERR=0.000 EL_ERR=0.000 AZ_PID=0.000 EL_PID=0.000 EL_FF=0.000
2026-04-20 13:29:39 [INFO] MONITOR az=350.325 el=30.150 AZ_ERR=0.000 EL_ERR=0.000 AZ_PID=0.000 EL_PID=0.000 EL_FF=0.000
2026-04-20 13:29:40 [INFO] MONITOR az=350.325 el=30.150 AZ_ERR=0.000 EL_ERR=0.000 AZ_PID=0.000 EL_PID=0.000 EL_FF=0.000
2026-04-20 13:29:41 [INFO] MONITOR az=350.325 el=30.150 AZ_ERR=0.000 EL_ERR=0.000 AZ_PID=0.000 EL_PID=0.000 EL_FF=0.000
2026-04-20 13:29:42 [INFO] MONITOR az=350.325 el=30.150 AZ_ERR=0.000 EL_ERR=0.000 AZ_PID=0.000 EL_PID=0.000 EL_FF=0.000
2026-04-20 13:29:43 [INFO] MONITOR az=350.325 el=30.150 AZ_ERR=0.000 EL_ERR=0.000 AZ_PID=0.000 EL_PID=0.000 EL_FF=0.000
2026-04-20 13:29:44 [INFO] MONITOR az=350.325 el=30.150 AZ_ERR=0.000 EL_ERR=0.000 AZ_PID=0.000 EL_PID=0.000 EL_FF=0.000
2026-04-20 13:29:45 [INFO] MONITOR az=350.325 el=30.150 AZ_ERR=0.000 EL_ERR=0.000 AZ_PID=0.000 EL_PID=0.000 EL_FF=0.000
2026-04-20 13:29:46 [INFO] MONITOR az=350.325 el=30.150 AZ_ERR=0.000 EL_ERR=0.000 AZ_PID=0.000 EL_PID=0.000 EL_FF=0.000
2026-04-20 13:29:47 [INFO] MONITOR az=350.325 el=30.150 AZ_ERR=0.000 EL_ERR=0.000 AZ_PID=0.000 EL_PID=0.000 EL_FF=0.000
2026-04-20 13:29:48 [INFO] MONITOR az=350.325 el=30.150 AZ_ERR=0.000 EL_ERR=0.000 AZ_PID=0.000 EL_PID=0.000 EL_FF=0.000
2026-04-20 13:29:49 [INFO] MONITOR az=350.325 el=30.150 AZ_ERR=0.000 EL_ERR=0.000 AZ_PID=0.000 EL_PID=0.000 EL_FF=0.000
2026-04-20 13:29:50 [INFO] MONITOR az=350.325 el=30.150 AZ_ERR=0.000 EL_ERR=0.000 AZ_PID=0.000 EL_PID=0.000 EL_FF=0.000
2026-04-20 13:29:51 [INFO] MONITOR az=350.325 el=30.150 AZ_ERR=0.000 EL_ERR=0.000 AZ_PID=0.000 EL_PID=0.000 EL_FF=0.000
2026-04-20 13:29:52 [INFO] MONITOR az=350.325 el=30.150 AZ_ERR=0.000 EL_ERR=0.000 AZ_PID=0.000 EL_PID=0.000 EL_FF=0.000
2026-04-20 13:29:53 [INFO] MONITOR az=350.325 el=30.150 AZ_ERR=0.000 EL_ERR=0.000 AZ_PID=0.000 EL_PID=0.000 EL_FF=0.000
2026-04-20 13:29:54 [INFO] MONITOR az=350.325 el=30.150 AZ_ERR=0.000 EL_ERR=0.000 AZ_PID=0.000 EL_PID=0.000 EL_FF=0.000
2026-04-20 13:29:55 [INFO] MONITOR az=350.325 el=30.150 AZ_ERR=0.000 EL_ERR=0.000 AZ_PID=0.000 EL_PID=0.000 EL_FF=0.000
2026-04-20 13:29:56 [INFO] MONITOR az=350.325 el=30.150 AZ_ERR=0.000 EL_ERR=0.000 AZ_PID=0.000 EL_PID=0.000 EL_FF=0.000
2026-04-20 13:29:57 [INFO] MONITOR az=350.325 el=30.150 AZ_ERR=0.000 EL_ERR=0.000 AZ_PID=0.000 EL_PID=0.000 EL_FF=0.000
2026-04-20 13:29:58 [INFO] MONITOR az=350.325 el=30.150 AZ_ERR=0.000 EL_ERR=0.000 AZ_PID=0.000 EL_PID=0.000 EL_FF=0.000
2026-04-20 13:29:59 [INFO] MONITOR az=350.325 el=30.150 AZ_ERR=0.000 EL_ERR=0.000 AZ_PID=0.000 EL_PID=0.000 EL_FF=0.000
2026-04-20 13:30:00 [INFO] MONITOR az=350.325 el=30.150 AZ_ERR=0.000 EL_ERR=0.000 AZ_PID=0.000 EL_PID=0.000 EL_FF=0.000
2026-04-20 13:30:01 [INFO] MONITOR az=350.325 el=30.150 AZ_ERR=0.000 EL_ERR=0.000 AZ_PID=0.000 EL_PID=0.000 EL_FF=0.000
2026-04-20 13:30:02 [INFO] MONITOR az=350.325 el=30.150 AZ_ERR=0.000 EL_ERR=0.000 AZ_PID=0.000 EL_PID=0.000 EL_FF=0.000
2026-04-20 13:30:03 [INFO] MONITOR az=350.325 el=30.150 AZ_ERR=0.000 EL_ERR=0.000 AZ_PID=0.000 EL_PID=0.000 EL_FF=0.000
2026-04-20 13:30:04 [INFO] MONITOR az=350.325 el=30.150 AZ_ERR=0.000 EL_ERR=0.000 AZ_PID=0.000 EL_PID=0.000 EL_FF=0.000
2026-04-20 13:30:05 [INFO] MONITOR az=350.325 el=30.150 AZ_ERR=0.000 EL_ERR=0.000 AZ_PID=0.000 EL_PID=0.000 EL_FF=0.000
2026-04-20 13:30:06 [INFO] MONITOR az=350.325 el=30.150 AZ_ERR=0.000 EL_ERR=0.000 AZ_PID=0.000 EL_PID=0.000 EL_FF=0.000
2026-04-20 13:30:07 [INFO] MONITOR az=350.325 el=30.150 AZ_ERR=0.000 EL_ERR=0.000 AZ_PID=0.000 EL_PID=0.000 EL_FF=0.000
2026-04-20 13:30:08 [INFO] MONITOR az=350.325 el=30.150 AZ_ERR=0.000 EL_ERR=0.000 AZ_PID=0.000 EL_PID=0.000 EL_FF=0.000
2026-04-20 13:30:09 [INFO] MONITOR az=350.325 el=30.150 AZ_ERR=0.000 EL_ERR=0.000 AZ_PID=0.000 EL_PID=0.000 EL_FF=0.000
2026-04-20 13:30:10 [INFO] MONITOR az=350.325 el=30.150 AZ_ERR=0.000 EL_ERR=0.000 AZ_PID=0.000 EL_PID=0.000 EL_FF=0.000
2026-04-20 13:30:11 [INFO] MONITOR az=350.325 el=30.150 AZ_ERR=0.000 EL_ERR=0.000 AZ_PID=0.000 EL_PID=0.000 EL_FF=0.000
2026-04-20 13:30:12 [INFO] MONITOR az=350.325 el=30.150 AZ_ERR=0.000 EL_ERR=0.000 AZ_PID=0.000 EL_PID=0.000 EL_FF=0.000
2026-04-20 13:30:13 [INFO] MONITOR az=350.325 el=30.150 AZ_ERR=0.000 EL_ERR=0.000 AZ_PID=0.000 EL_PID=0.000 EL_FF=0.000
2026-04-20 13:30:14 [INFO] MONITOR az=350.325 el=30.150 AZ_ERR=0.000 EL_ERR=0.000 AZ_PID=0.000 EL_PID=0.000 EL_FF=0.000
2026-04-20 13:30:15 [INFO] MONITOR az=350.325 el=30.150 AZ_ERR=0.000 EL_ERR=0.000 AZ_PID=0.000 EL_PID=0.000 EL_FF=0.000
2026-04-20 13:30:16 [INFO] MONITOR az=350.325 el=30.150 AZ_ERR=0.000 EL_ERR=0.000 AZ_PID=0.000 EL_PID=0.000 EL_FF=0.000
2026-04-20 13:30:17 [INFO] MONITOR az=350.325 el=30.150 AZ_ERR=0.000 EL_ERR=0.000 AZ_PID=0.000 EL_PID=0.000 EL_FF=0.000
2026-04-20 13:30:18 [INFO] MONITOR az=350.325 el=30.150 AZ_ERR=0.000 EL_ERR=0.000 AZ_PID=0.000 EL_PID=0.000 EL_FF=0.000
2026-04-20 13:30:19 [INFO] MONITOR az=350.325 el=30.150 AZ_ERR=0.000 EL_ERR=0.000 AZ_PID=0.000 EL_PID=0.000 EL_FF=0.000
2026-04-20 13:30:20 [INFO] MONITOR az=350.325 el=30.150 AZ_ERR=0.000 EL_ERR=0.000 AZ_PID=0.000 EL_PID=0.000 EL_FF=0.000
2026-04-20 13:30:21 [INFO] MONITOR az=350.325 el=30.150 AZ_ERR=0.000 EL_ERR=0.000 AZ_PID=0.000 EL_PID=0.000 EL_FF=0.000
2026-04-20 13:30:22 [INFO] MONITOR az=350.325 el=30.150 AZ_ERR=0.000 EL_ERR=0.000 AZ_PID=0.000 EL_PID=0.000 EL_FF=0.000
2026-04-20 13:30:23 [INFO] MONITOR az=350.325 el=30.150 AZ_ERR=0.000 EL_ERR=0.000 AZ_PID=0.000 EL_PID=0.000 EL_FF=0.000
2026-04-20 13:30:24 [INFO] MONITOR az=350.325 el=30.150 AZ_ERR=0.000 EL_ERR=0.000 AZ_PID=0.000 EL_PID=0.000 EL_FF=0.000
2026-04-20 13:30:25 [INFO] MONITOR az=350.325 el=30.150 AZ_ERR=0.000 EL_ERR=0.000 AZ_PID=0.000 EL_PID=0.000 EL_FF=0.000
2026-04-20 13:30:26 [INFO] MONITOR az=350.325 el=30.150 AZ_ERR=0.000 EL_ERR=0.000 AZ_PID=0.000 EL_PID=0.000 EL_FF=0.000
2026-04-20 13:30:27 [INFO] MONITOR az=350.325 el=30.150 AZ_ERR=0.000 EL_ERR=0.000 AZ_PID=0.000 EL_PID=0.000 EL_FF=0.000
2026-04-20 13:30:28 [INFO] MONITOR az=350.325 el=30.150 AZ_ERR=0.000 EL_ERR=0.000 AZ_PID=0.000 EL_PID=0.000 EL_FF=0.000
2026-04-20 13:30:29 [INFO] MONITOR az=350.325 el=30.150 AZ_ERR=0.000 EL_ERR=0.000 AZ_PID=0.000 EL_PID=0.000 EL_FF=0.000
2026-04-20 13:30:30 [INFO] MONITOR az=350.325 el=30.150 AZ_ERR=0.000 EL_ERR=0.000 AZ_PID=0.000 EL_PID=0.000 EL_FF=0.000
2026-04-20 13:30:31 [INFO] MONITOR az=350.325 el=30.150 AZ_ERR=0.000 EL_ERR=0.000 AZ_PID=0.000 EL_PID=0.000 EL_FF=0.000
2026-04-20 13:30:32 [INFO] MONITOR az=350.325 el=30.150 AZ_ERR=0.000 EL_ERR=0.000 AZ_PID=0.000 EL_PID=0.000 EL_FF=0.000
2026-04-20 13:30:33 [INFO] MONITOR az=350.325 el=30.150 AZ_ERR=0.000 EL_ERR=0.000 AZ_PID=0.000 EL_PID=0.000 EL_FF=0.000
2026-04-20 13:30:34 [INFO] MONITOR az=350.325 el=30.150 AZ_ERR=0.000 EL_ERR=0.000 AZ_PID=0.000 EL_PID=0.000 EL_FF=0.000
2026-04-20 13:30:35 [INFO] MONITOR az=350.325 el=30.150 AZ_ERR=0.000 EL_ERR=0.000 AZ_PID=0.000 EL_PID=0.000 EL_FF=0.000
2026-04-20 13:30:36 [INFO] MONITOR az=350.325 el=30.150 AZ_ERR=0.000 EL_ERR=0.000 AZ_PID=0.000 EL_PID=0.000 EL_FF=0.000
2026-04-20 13:30:37 [INFO] MONITOR az=350.325 el=30.150 AZ_ERR=0.000 EL_ERR=0.000 AZ_PID=0.000 EL_PID=0.000 EL_FF=0.000
2026-04-20 13:30:38 [INFO] MONITOR az=350.325 el=30.150 AZ_ERR=0.000 EL_ERR=0.000 AZ_PID=0.000 EL_PID=0.000 EL_FF=0.000
2026-04-20 13:30:39 [INFO] MONITOR az=350.325 el=30.150 AZ_ERR=0.000 EL_ERR=0.000 AZ_PID=0.000 EL_PID=0.000 EL_FF=0.000
2026-04-20 13:30:40 [INFO] MONITOR az=350.325 el=30.150 AZ_ERR=0.000 EL_ERR=0.000 AZ_PID=0.000 EL_PID=0.000 EL_FF=0.000
2026-04-20 13:30:41 [INFO] MONITOR az=350.325 el=30.150 AZ_ERR=0.000 EL_ERR=0.000 AZ_PID=0.000 EL_PID=0.000 EL_FF=0.000
2026-04-20 13:30:42 [INFO] MONITOR az=350.325 el=30.150 AZ_ERR=0.000 EL_ERR=0.000 AZ_PID=0.000 EL_PID=0.000 EL_FF=0.000
2026-04-20 13:30:43 [INFO] MONITOR az=350.325 el=30.150 AZ_ERR=0.000 EL_ERR=0.000 AZ_PID=0.000 EL_PID=0.000 EL_FF=0.000
2026-04-20 13:30:44 [INFO] MONITOR az=350.325 el=30.150 AZ_ERR=0.000 EL_ERR=0.000 AZ_PID=0.000 EL_PID=0.000 EL_FF=0.000
2026-04-20 13:30:45 [INFO] MONITOR az=350.325 el=30.150 AZ_ERR=0.000 EL_ERR=0.000 AZ_PID=0.000 EL_PID=0.000 EL_FF=0.000
2026-04-20 13:30:46 [INFO] MONITOR az=350.325 el=30.150 AZ_ERR=0.000 EL_ERR=0.000 AZ_PID=0.000 EL_PID=0.000 EL_FF=0.000
2026-04-20 13:30:47 [INFO] MONITOR az=350.325 el=30.150 AZ_ERR=0.000 EL_ERR=0.000 AZ_PID=0.000 EL_PID=0.000 EL_FF=0.000
2026-04-20 13:30:48 [INFO] MONITOR az=350.325 el=30.150 AZ_ERR=0.000 EL_ERR=0.000 AZ_PID=0.000 EL_PID=0.000 EL_FF=0.000
2026-04-20 13:30:49 [INFO] MONITOR az=350.325 el=30.150 AZ_ERR=0.000 EL_ERR=0.000 AZ_PID=0.000 EL_PID=0.000 EL_FF=0.000
2026-04-20 13:30:50 [INFO] MONITOR az=350.325 el=30.150 AZ_ERR=0.000 EL_ERR=0.000 AZ_PID=0.000 EL_PID=0.000 EL_FF=0.000
2026-04-20 13:30:51 [INFO] MONITOR az=350.325 el=30.150 AZ_ERR=0.000 EL_ERR=0.000 AZ_PID=0.000 EL_PID=0.000 EL_FF=0.000
2026-04-20 13:30:52 [INFO] MONITOR az=350.325 el=30.150 AZ_ERR=0.000 EL_ERR=0.000 AZ_PID=0.000 EL_PID=0.000 EL_FF=0.000
2026-04-20 13:30:53 [INFO] MONITOR az=350.325 el=30.150 AZ_ERR=0.000 EL_ERR=0.000 AZ_PID=0.000 EL_PID=0.000 EL_FF=0.000
2026-04-20 13:30:54 [INFO] MONITOR az=350.325 el=30.150 AZ_ERR=0.000 EL_ERR=0.000 AZ_PID=0.000 EL_PID=0.000 EL_FF=0.000
2026-04-20 13:30:55 [INFO] MONITOR az=350.325 el=30.150 AZ_ERR=0.000 EL_ERR=0.000 AZ_PID=0.000 EL_PID=0.000 EL_FF=0.000
2026-04-20 13:30:56 [INFO] MONITOR az=350.325 el=30.150 AZ_ERR=0.000 EL_ERR=0.000 AZ_PID=0.000 EL_PID=0.000 EL_FF=0.000
2026-04-20 13:30:57 [INFO] MONITOR az=350.325 el=30.150 AZ_ERR=0.000 EL_ERR=0.000 AZ_PID=0.000 EL_PID=0.000 EL_FF=0.000
2026-04-20 13:30:58 [INFO] MONITOR az=350.325 el=30.150 AZ_ERR=0.000 EL_ERR=0.000 AZ_PID=0.000 EL_PID=0.000 EL_FF=0.000
2026-04-20 13:30:59 [INFO] MONITOR az=350.325 el=30.150 AZ_ERR=0.000 EL_ERR=0.000 AZ_PID=0.000 EL_PID=0.000 EL_FF=0.000
2026-04-20 13:31:00 [INFO] MONITOR az=350.325 el=30.150 AZ_ERR=0.000 EL_ERR=0.000 AZ_PID=0.000 EL_PID=0.000 EL_FF=0.000
2026-04-20 13:31:01 [INFO] MONITOR az=350.325 el=30.150 AZ_ERR=0.000 EL_ERR=0.000 AZ_PID=0.000 EL_PID=0.000 EL_FF=0.000
2026-04-20 13:31:02 [INFO] MONITOR az=350.325 el=30.150 AZ_ERR=0.000 EL_ERR=0.000 AZ_PID=0.000 EL_PID=0.000 EL_FF=0.000
2026-04-20 13:31:03 [INFO] MONITOR az=350.325 el=30.150 AZ_ERR=0.000 EL_ERR=0.000 AZ_PID=0.000 EL_PID=0.000 EL_FF=0.000
2026-04-20 13:31:04 [INFO] MONITOR az=350.325 el=30.150 AZ_ERR=0.000 EL_ERR=0.000 AZ_PID=0.000 EL_PID=0.000 EL_FF=0.000
2026-04-20 13:31:05 [INFO] MONITOR az=350.325 el=30.150 AZ_ERR=0.000 EL_ERR=0.000 AZ_PID=0.000 EL_PID=0.000 EL_FF=0.000
2026-04-20 13:31:06 [INFO] MONITOR az=350.325 el=30.150 AZ_ERR=0.000 EL_ERR=0.000 AZ_PID=0.000 EL_PID=0.000 EL_FF=0.000
2026-04-20 13:31:07 [INFO] MONITOR az=350.325 el=30.150 AZ_ERR=0.000 EL_ERR=0.000 AZ_PID=0.000 EL_PID=0.000 EL_FF=0.000
2026-04-20 13:31:08 [INFO] MONITOR az=350.325 el=30.150 AZ_ERR=0.000 EL_ERR=0.000 AZ_PID=0.000 EL_PID=0.000 EL_FF=0.000
2026-04-20 13:31:09 [INFO] MONITOR az=350.325 el=30.150 AZ_ERR=0.000 EL_ERR=0.000 AZ_PID=0.000 EL_PID=0.000 EL_FF=0.000
2026-04-20 13:31:10 [INFO] MONITOR az=350.325 el=30.150 AZ_ERR=0.000 EL_ERR=0.000 AZ_PID=0.000 EL_PID=0.000 EL_FF=0.000
2026-04-20 13:31:11 [INFO] MONITOR az=350.325 el=30.150 AZ_ERR=0.000 EL_ERR=0.000 AZ_PID=0.000 EL_PID=0.000 EL_FF=0.000
2026-04-20 13:31:12 [INFO] MONITOR az=350.325 el=30.150 AZ_ERR=0.000 EL_ERR=0.000 AZ_PID=0.000 EL_PID=0.000 EL_FF=0.000
2026-04-20 13:31:13 [INFO] MONITOR az=350.325 el=30.150 AZ_ERR=0.000 EL_ERR=0.000 AZ_PID=0.000 EL_PID=0.000 EL_FF=0.000
2026-04-20 13:31:14 [INFO] MONITOR az=350.325 el=30.150 AZ_ERR=0.000 EL_ERR=0.000 AZ_PID=0.000 EL_PID=0.000 EL_FF=0.000
2026-04-20 13:31:15 [INFO] MONITOR az=350.325 el=30.150 AZ_ERR=0.000 EL_ERR=0.000 AZ_PID=0.000 EL_PID=0.000 EL_FF=0.000
2026-04-20 13:31:16 [INFO] MONITOR az=350.325 el=30.150 AZ_ERR=0.000 EL_ERR=0.000 AZ_PID=0.000 EL_PID=0.000 EL_FF=0.000
2026-04-20 13:31:17 [INFO] MONITOR az=350.325 el=30.150 AZ_ERR=0.000 EL_ERR=0.000 AZ_PID=0.000 EL_PID=0.000 EL_FF=0.000
2026-04-20 13:31:18 [INFO] MONITOR az=350.325 el=30.150 AZ_ERR=0.000 EL_ERR=0.000 AZ_PID=0.000 EL_PID=0.000 EL_FF=0.000
2026-04-20 13:31:20 [INFO] MONITOR az=350.325 el=30.150 AZ_ERR=0.000 EL_ERR=0.000 AZ_PID=0.000 EL_PID=0.000 EL_FF=0.000
2026-04-20 13:31:21 [INFO] MONITOR az=350.325 el=30.150 AZ_ERR=0.000 EL_ERR=0.000 AZ_PID=0.000 EL_PID=0.000 EL_FF=0.000
2026-04-20 13:31:22 [INFO] MONITOR az=350.325 el=30.150 AZ_ERR=0.000 EL_ERR=0.000 AZ_PID=0.000 EL_PID=0.000 EL_FF=0.000
2026-04-20 13:31:23 [INFO] MONITOR az=350.325 el=30.150 AZ_ERR=0.000 EL_ERR=0.000 AZ_PID=0.000 EL_PID=0.000 EL_FF=0.000
2026-04-20 13:31:24 [INFO] MONITOR az=350.325 el=30.150 AZ_ERR=0.000 EL_ERR=0.000 AZ_PID=0.000 EL_PID=0.000 EL_FF=0.000
2026-04-20 13:31:25 [INFO] MONITOR az=350.325 el=30.150 AZ_ERR=0.000 EL_ERR=0.000 AZ_PID=0.000 EL_PID=0.000 EL_FF=0.000
2026-04-20 13:31:26 [INFO] MONITOR az=350.325 el=30.150 AZ_ERR=0.000 EL_ERR=0.000 AZ_PID=0.000 EL_PID=0.000 EL_FF=0.000
2026-04-20 13:31:27 [INFO] MONITOR az=350.325 el=30.150 AZ_ERR=0.000 EL_ERR=0.000 AZ_PID=0.000 EL_PID=0.000 EL_FF=0.000
2026-04-20 13:31:28 [INFO] MONITOR az=350.325 el=30.150 AZ_ERR=0.000 EL_ERR=0.000 AZ_PID=0.000 EL_PID=0.000 EL_FF=0.000
2026-04-20 13:31:29 [INFO] MONITOR az=350.325 el=30.150 AZ_ERR=0.000 EL_ERR=0.000 AZ_PID=0.000 EL_PID=0.000 EL_FF=0.000
2026-04-20 13:31:30 [INFO] MONITOR az=350.325 el=30.150 AZ_ERR=0.000 EL_ERR=0.000 AZ_PID=0.000 EL_PID=0.000 EL_FF=0.000
2026-04-20 13:31:31 [INFO] MONITOR az=350.325 el=30.150 AZ_ERR=0.000 EL_ERR=0.000 AZ_PID=0.000 EL_PID=0.000 EL_FF=0.000
2026-04-20 13:31:32 [INFO] MONITOR az=350.325 el=30.150 AZ_ERR=0.000 EL_ERR=0.000 AZ_PID=0.000 EL_PID=0.000 EL_FF=0.000
2026-04-20 13:31:33 [INFO] MONITOR az=350.325 el=30.150 AZ_ERR=0.000 EL_ERR=0.000 AZ_PID=0.000 EL_PID=0.000 EL_FF=0.000
2026-04-20 13:31:34 [INFO] MONITOR az=350.325 el=30.150 AZ_ERR=0.000 EL_ERR=0.000 AZ_PID=0.000 EL_PID=0.000 EL_FF=0.000
2026-04-20 13:31:35 [INFO] MONITOR az=350.325 el=30.150 AZ_ERR=0.000 EL_ERR=0.000 AZ_PID=0.000 EL_PID=0.000 EL_FF=0.000
2026-04-20 13:31:36 [INFO] MONITOR az=350.325 el=30.150 AZ_ERR=0.000 EL_ERR=0.000 AZ_PID=0.000 EL_PID=0.000 EL_FF=0.000
2026-04-20 13:31:37 [INFO] MONITOR az=350.325 el=30.150 AZ_ERR=0.000 EL_ERR=0.000 AZ_PID=0.000 EL_PID=0.000 EL_FF=0.000
2026-04-20 13:31:38 [INFO] MONITOR az=350.325 el=30.150 AZ_ERR=0.000 EL_ERR=0.000 AZ_PID=0.000 EL_PID=0.000 EL_FF=0.000
2026-04-20 13:31:39 [INFO] MONITOR az=350.325 el=30.150 AZ_ERR=0.000 EL_ERR=0.000 AZ_PID=0.000 EL_PID=0.000 EL_FF=0.000
2026-04-20 13:31:40 [INFO] MONITOR az=350.325 el=30.150 AZ_ERR=0.000 EL_ERR=0.000 AZ_PID=0.000 EL_PID=0.000 EL_FF=0.000
2026-04-20 13:31:41 [INFO] MONITOR az=350.325 el=30.150 AZ_ERR=0.000 EL_ERR=0.000 AZ_PID=0.000 EL_PID=0.000 EL_FF=0.000
2026-04-20 13:31:42 [INFO] MONITOR az=350.325 el=30.150 AZ_ERR=0.000 EL_ERR=0.000 AZ_PID=0.000 EL_PID=0.000 EL_FF=0.000
2026-04-20 13:31:43 [INFO] MONITOR az=350.325 el=30.150 AZ_ERR=0.000 EL_ERR=0.000 AZ_PID=0.000 EL_PID=0.000 EL_FF=0.000
2026-04-20 13:31:44 [INFO] MONITOR az=350.325 el=30.150 AZ_ERR=0.000 EL_ERR=0.000 AZ_PID=0.000 EL_PID=0.000 EL_FF=0.000
2026-04-20 13:31:45 [INFO] MONITOR az=350.325 el=30.150 AZ_ERR=0.000 EL_ERR=0.000 AZ_PID=0.000 EL_PID=0.000 EL_FF=0.000
2026-04-20 13:31:46 [INFO] MONITOR az=350.325 el=30.150 AZ_ERR=0.000 EL_ERR=0.000 AZ_PID=0.000 EL_PID=0.000 EL_FF=0.000
2026-04-20 13:31:47 [INFO] MONITOR az=350.325 el=30.150 AZ_ERR=0.000 EL_ERR=0.000 AZ_PID=0.000 EL_PID=0.000 EL_FF=0.000
2026-04-20 13:31:48 [INFO] MONITOR az=350.325 el=30.150 AZ_ERR=0.000 EL_ERR=0.000 AZ_PID=0.000 EL_PID=0.000 EL_FF=0.000
2026-04-20 13:31:49 [INFO] MONITOR az=350.325 el=30.150 AZ_ERR=0.000 EL_ERR=0.000 AZ_PID=0.000 EL_PID=0.000 EL_FF=0.000
2026-04-20 13:31:50 [INFO] MONITOR az=350.325 el=30.150 AZ_ERR=0.000 EL_ERR=0.000 AZ_PID=0.000 EL_PID=0.000 EL_FF=0.000
2026-04-20 13:31:51 [INFO] MONITOR az=350.325 el=30.150 AZ_ERR=0.000 EL_ERR=0.000 AZ_PID=0.000 EL_PID=0.000 EL_FF=0.000
2026-04-20 13:31:52 [INFO] MONITOR az=350.325 el=30.150 AZ_ERR=0.000 EL_ERR=0.000 AZ_PID=0.000 EL_PID=0.000 EL_FF=0.000
2026-04-20 13:31:53 [INFO] MONITOR az=350.325 el=30.150 AZ_ERR=0.000 EL_ERR=0.000 AZ_PID=0.000 EL_PID=0.000 EL_FF=0.000
2026-04-20 13:31:54 [INFO] MONITOR az=350.325 el=30.150 AZ_ERR=0.000 EL_ERR=0.000 AZ_PID=0.000 EL_PID=0.000 EL_FF=0.000
2026-04-20 13:31:55 [INFO] MONITOR az=350.325 el=30.150 AZ_ERR=0.000 EL_ERR=0.000 AZ_PID=0.000 EL_PID=0.000 EL_FF=0.000
2026-04-20 13:31:56 [INFO] MONITOR az=350.325 el=30.150 AZ_ERR=0.000 EL_ERR=0.000 AZ_PID=0.000 EL_PID=0.000 EL_FF=0.000
2026-04-20 13:31:57 [INFO] MONITOR az=350.325 el=30.150 AZ_ERR=0.000 EL_ERR=0.000 AZ_PID=0.000 EL_PID=0.000 EL_FF=0.000
2026-04-20 13:31:58 [INFO] MONITOR az=350.325 el=30.150 AZ_ERR=0.000 EL_ERR=0.000 AZ_PID=0.000 EL_PID=0.000 EL_FF=0.000
2026-04-20 13:31:59 [INFO] MONITOR az=350.325 el=30.150 AZ_ERR=0.000 EL_ERR=0.000 AZ_PID=0.000 EL_PID=0.000 EL_FF=0.000
2026-04-20 13:32:00 [INFO] MONITOR az=350.325 el=30.150 AZ_ERR=0.000 EL_ERR=0.000 AZ_PID=0.000 EL_PID=0.000 EL_FF=0.000
2026-04-20 13:32:01 [INFO] MONITOR az=350.325 el=30.150 AZ_ERR=0.000 EL_ERR=0.000 AZ_PID=0.000 EL_PID=0.000 EL_FF=0.000
2026-04-20 13:32:02 [INFO] MONITOR az=350.325 el=30.150 AZ_ERR=0.000 EL_ERR=0.000 AZ_PID=0.000 EL_PID=0.000 EL_FF=0.000
2026-04-20 13:32:03 [INFO] MONITOR az=350.325 el=30.150 AZ_ERR=0.000 EL_ERR=0.000 AZ_PID=0.000 EL_PID=0.000 EL_FF=0.000
2026-04-20 13:32:04 [INFO] MONITOR az=350.325 el=30.150 AZ_ERR=0.000 EL_ERR=0.000 AZ_PID=0.000 EL_PID=0.000 EL_FF=0.000
2026-04-20 13:32:05 [INFO] MONITOR az=350.325 el=30.150 AZ_ERR=0.000 EL_ERR=0.000 AZ_PID=0.000 EL_PID=0.000 EL_FF=0.000
2026-04-20 13:32:06 [INFO] MONITOR az=350.325 el=30.150 AZ_ERR=0.000 EL_ERR=0.000 AZ_PID=0.000 EL_PID=0.000 EL_FF=0.000
2026-04-20 13:32:07 [INFO] MONITOR az=350.325 el=30.150 AZ_ERR=0.000 EL_ERR=0.000 AZ_PID=0.000 EL_PID=0.000 EL_FF=0.000
2026-04-20 13:32:08 [INFO] MONITOR az=350.325 el=30.150 AZ_ERR=0.000 EL_ERR=0.000 AZ_PID=0.000 EL_PID=0.000 EL_FF=0.000
2026-04-20 13:32:09 [INFO] MONITOR az=350.325 el=30.150 AZ_ERR=0.000 EL_ERR=0.000 AZ_PID=0.000 EL_PID=0.000 EL_FF=0.000
2026-04-20 13:32:10 [INFO] MONITOR az=350.325 el=30.150 AZ_ERR=0.000 EL_ERR=0.000 AZ_PID=0.000 EL_PID=0.000 EL_FF=0.000
2026-04-20 13:32:11 [INFO] MONITOR az=350.325 el=30.150 AZ_ERR=0.000 EL_ERR=0.000 AZ_PID=0.000 EL_PID=0.000 EL_FF=0.000
2026-04-20 13:32:12 [INFO] MONITOR az=350.325 el=30.150 AZ_ERR=0.000 EL_ERR=0.000 AZ_PID=0.000 EL_PID=0.000 EL_FF=0.000
2026-04-20 13:32:13 [INFO] MONITOR az=350.325 el=30.150 AZ_ERR=0.000 EL_ERR=0.000 AZ_PID=0.000 EL_PID=0.000 EL_FF=0.000
2026-04-20 13:32:14 [INFO] MONITOR az=350.325 el=30.150 AZ_ERR=0.000 EL_ERR=0.000 AZ_PID=0.000 EL_PID=0.000 EL_FF=0.000
2026-04-20 13:32:15 [INFO] MONITOR az=350.325 el=30.150 AZ_ERR=0.000 EL_ERR=0.000 AZ_PID=0.000 EL_PID=0.000 EL_FF=0.000
2026-04-20 13:32:16 [INFO] MONITOR az=350.325 el=30.150 AZ_ERR=0.000 EL_ERR=0.000 AZ_PID=0.000 EL_PID=0.000 EL_FF=0.000
2026-04-20 13:32:17 [INFO] MONITOR az=350.325 el=30.150 AZ_ERR=0.000 EL_ERR=0.000 AZ_PID=0.000 EL_PID=0.000 EL_FF=0.000
2026-04-20 13:32:18 [INFO] MONITOR az=350.325 el=30.150 AZ_ERR=0.000 EL_ERR=0.000 AZ_PID=0.000 EL_PID=0.000 EL_FF=0.000
2026-04-20 13:32:19 [INFO] MONITOR az=350.325 el=30.150 AZ_ERR=0.000 EL_ERR=0.000 AZ_PID=0.000 EL_PID=0.000 EL_FF=0.000
2026-04-20 13:32:20 [INFO] MONITOR az=350.325 el=30.150 AZ_ERR=0.000 EL_ERR=0.000 AZ_PID=0.000 EL_PID=0.000 EL_FF=0.000
2026-04-20 13:32:21 [INFO] MONITOR az=350.325 el=30.150 AZ_ERR=0.000 EL_ERR=0.000 AZ_PID=0.000 EL_PID=0.000 EL_FF=0.000
2026-04-20 13:32:22 [INFO] MONITOR az=350.325 el=30.150 AZ_ERR=0.000 EL_ERR=0.000 AZ_PID=0.000 EL_PID=0.000 EL_FF=0.000
2026-04-20 13:32:23 [INFO] MONITOR az=350.325 el=30.150 AZ_ERR=0.000 EL_ERR=0.000 AZ_PID=0.000 EL_PID=0.000 EL_FF=0.000
2026-04-20 13:32:24 [INFO] MONITOR az=350.325 el=30.150 AZ_ERR=0.000 EL_ERR=0.000 AZ_PID=0.000 EL_PID=0.000 EL_FF=0.000
2026-04-20 13:32:25 [INFO] MONITOR az=350.325 el=30.150 AZ_ERR=0.000 EL_ERR=0.000 AZ_PID=0.000 EL_PID=0.000 EL_FF=0.000
2026-04-20 13:32:26 [INFO] MONITOR az=350.325 el=30.150 AZ_ERR=0.000 EL_ERR=0.000 AZ_PID=0.000 EL_PID=0.000 EL_FF=0.000
2026-04-20 13:32:27 [INFO] MONITOR az=350.325 el=30.150 AZ_ERR=0.000 EL_ERR=0.000 AZ_PID=0.000 EL_PID=0.000 EL_FF=0.000
2026-04-20 13:32:28 [INFO] MONITOR az=350.325 el=30.150 AZ_ERR=0.000 EL_ERR=0.000 AZ_PID=0.000 EL_PID=0.000 EL_FF=0.000
2026-04-20 13:32:29 [INFO] MONITOR az=350.325 el=30.150 AZ_ERR=0.000 EL_ERR=0.000 AZ_PID=0.000 EL_PID=0.000 EL_FF=0.000
2026-04-20 13:32:30 [INFO] MONITOR az=350.325 el=30.150 AZ_ERR=0.000 EL_ERR=0.000 AZ_PID=0.000 EL_PID=0.000 EL_FF=0.000
2026-04-20 13:32:31 [INFO] MONITOR az=350.325 el=30.150 AZ_ERR=0.000 EL_ERR=0.000 AZ_PID=0.000 EL_PID=0.000 EL_FF=0.000
2026-04-20 13:32:32 [INFO] MONITOR az=350.325 el=30.150 AZ_ERR=0.000 EL_ERR=0.000 AZ_PID=0.000 EL_PID=0.000 EL_FF=0.000
2026-04-20 13:32:33 [INFO] MONITOR az=350.325 el=30.150 AZ_ERR=0.000 EL_ERR=0.000 AZ_PID=0.000 EL_PID=0.000 EL_FF=0.000
2026-04-20 13:32:34 [INFO] MONITOR az=350.325 el=30.150 AZ_ERR=0.000 EL_ERR=0.000 AZ_PID=0.000 EL_PID=0.000 EL_FF=0.000
2026-04-20 13:32:35 [INFO] MONITOR az=350.325 el=30.150 AZ_ERR=0.000 EL_ERR=0.000 AZ_PID=0.000 EL_PID=0.000 EL_FF=0.000
2026-04-20 13:32:36 [INFO] MONITOR az=350.325 el=30.150 AZ_ERR=0.000 EL_ERR=0.000 AZ_PID=0.000 EL_PID=0.000 EL_FF=0.000
2026-04-20 13:32:37 [INFO] MONITOR az=350.325 el=30.150 AZ_ERR=0.000 EL_ERR=0.000 AZ_PID=0.000 EL_PID=0.000 EL_FF=0.000
2026-04-20 13:32:38 [INFO] MONITOR az=350.325 el=30.150 AZ_ERR=0.000 EL_ERR=0.000 AZ_PID=0.000 EL_PID=0.000 EL_FF=0.000
2026-04-20 13:32:39 [INFO] MONITOR az=350.325 el=30.150 AZ_ERR=0.000 EL_ERR=0.000 AZ_PID=0.000 EL_PID=0.000 EL_FF=0.000
2026-04-20 13:32:40 [INFO] MONITOR az=350.325 el=30.150 AZ_ERR=0.000 EL_ERR=0.000 AZ_PID=0.000 EL_PID=0.000 EL_FF=0.000
2026-04-20 13:32:41 [INFO] MONITOR az=350.325 el=30.150 AZ_ERR=0.000 EL_ERR=0.000 AZ_PID=0.000 EL_PID=0.000 EL_FF=0.000
2026-04-20 13:32:42 [INFO] MONITOR az=350.325 el=30.150 AZ_ERR=0.000 EL_ERR=0.000 AZ_PID=0.000 EL_PID=0.000 EL_FF=0.000
2026-04-20 13:32:43 [INFO] MONITOR az=350.325 el=30.150 AZ_ERR=0.000 EL_ERR=0.000 AZ_PID=0.000 EL_PID=0.000 EL_FF=0.000
2026-04-20 13:32:44 [INFO] MONITOR az=350.325 el=30.150 AZ_ERR=0.000 EL_ERR=0.000 AZ_PID=0.000 EL_PID=0.000 EL_FF=0.000
2026-04-20 13:32:45 [INFO] MONITOR az=350.325 el=30.150 AZ_ERR=0.000 EL_ERR=0.000 AZ_PID=0.000 EL_PID=0.000 EL_FF=0.000
2026-04-20 13:32:46 [INFO] MONITOR az=350.325 el=30.150 AZ_ERR=0.000 EL_ERR=0.000 AZ_PID=0.000 EL_PID=0.000 EL_FF=0.000
2026-04-20 13:32:47 [INFO] MONITOR az=350.325 el=30.150 AZ_ERR=0.000 EL_ERR=0.000 AZ_PID=0.000 EL_PID=0.000 EL_FF=0.000
2026-04-20 13:32:48 [INFO] MONITOR az=350.325 el=30.150 AZ_ERR=0.000 EL_ERR=0.000 AZ_PID=0.000 EL_PID=0.000 EL_FF=0.000
2026-04-20 13:32:49 [INFO] MONITOR az=350.325 el=30.150 AZ_ERR=0.000 EL_ERR=0.000 AZ_PID=0.000 EL_PID=0.000 EL_FF=0.000
2026-04-20 13:32:50 [INFO] MONITOR az=350.325 el=30.150 AZ_ERR=0.000 EL_ERR=0.000 AZ_PID=0.000 EL_PID=0.000 EL_FF=0.000
2026-04-20 13:32:51 [INFO] MONITOR az=350.325 el=30.150 AZ_ERR=0.000 EL_ERR=0.000 AZ_PID=0.000 EL_PID=0.000 EL_FF=0.000
2026-04-20 13:32:52 [INFO] MONITOR az=350.325 el=30.150 AZ_ERR=0.000 EL_ERR=0.000 AZ_PID=0.000 EL_PID=0.000 EL_FF=0.000
2026-04-20 13:32:53 [INFO] MONITOR az=350.325 el=30.150 AZ_ERR=0.000 EL_ERR=0.000 AZ_PID=0.000 EL_PID=0.000 EL_FF=0.000
2026-04-20 13:32:54 [INFO] MONITOR az=350.325 el=30.150 AZ_ERR=0.000 EL_ERR=0.000 AZ_PID=0.000 EL_PID=0.000 EL_FF=0.000
2026-04-20 13:32:55 [INFO] MONITOR az=350.325 el=30.150 AZ_ERR=0.000 EL_ERR=0.000 AZ_PID=0.000 EL_PID=0.000 EL_FF=0.000
2026-04-20 13:32:56 [INFO] MONITOR az=350.325 el=30.150 AZ_ERR=0.000 EL_ERR=0.000 AZ_PID=0.000 EL_PID=0.000 EL_FF=0.000
2026-04-20 13:32:57 [INFO] MONITOR az=350.325 el=30.150 AZ_ERR=0.000 EL_ERR=0.000 AZ_PID=0.000 EL_PID=0.000 EL_FF=0.000
2026-04-20 13:32:58 [INFO] MONITOR az=350.325 el=30.150 AZ_ERR=0.000 EL_ERR=0.000 AZ_PID=0.000 EL_PID=0.000 EL_FF=0.000
2026-04-20 13:32:59 [INFO] MONITOR az=350.325 el=30.150 AZ_ERR=0.000 EL_ERR=0.000 AZ_PID=0.000 EL_PID=0.000 EL_FF=0.000
2026-04-20 13:33:00 [INFO] MONITOR az=350.325 el=30.150 AZ_ERR=0.000 EL_ERR=0.000 AZ_PID=0.000 EL_PID=0.000 EL_FF=0.000
2026-04-20 13:33:01 [INFO] MONITOR az=350.325 el=30.150 AZ_ERR=0.000 EL_ERR=0.000 AZ_PID=0.000 EL_PID=0.000 EL_FF=0.000
2026-04-20 13:33:02 [INFO] MONITOR az=350.325 el=30.150 AZ_ERR=0.000 EL_ERR=0.000 AZ_PID=0.000 EL_PID=0.000 EL_FF=0.000
2026-04-20 13:33:03 [INFO] MONITOR az=350.325 el=30.150 AZ_ERR=0.000 EL_ERR=0.000 AZ_PID=0.000 EL_PID=0.000 EL_FF=0.000
2026-04-20 13:33:04 [INFO] MONITOR az=350.325 el=30.150 AZ_ERR=0.000 EL_ERR=0.000 AZ_PID=0.000 EL_PID=0.000 EL_FF=0.000
2026-04-20 13:33:05 [INFO] MONITOR az=350.325 el=30.150 AZ_ERR=0.000 EL_ERR=0.000 AZ_PID=0.000 EL_PID=0.000 EL_FF=0.000
2026-04-20 13:33:06 [INFO] MONITOR az=350.325 el=30.150 AZ_ERR=0.000 EL_ERR=0.000 AZ_PID=0.000 EL_PID=0.000 EL_FF=0.000
2026-04-20 13:33:07 [INFO] MONITOR az=350.325 el=30.150 AZ_ERR=0.000 EL_ERR=0.000 AZ_PID=0.000 EL_PID=0.000 EL_FF=0.000
2026-04-20 13:33:08 [INFO] MONITOR az=350.325 el=30.150 AZ_ERR=0.000 EL_ERR=0.000 AZ_PID=0.000 EL_PID=0.000 EL_FF=0.000
2026-04-20 13:33:09 [INFO] MONITOR az=350.325 el=30.150 AZ_ERR=0.000 EL_ERR=0.000 AZ_PID=0.000 EL_PID=0.000 EL_FF=0.000
2026-04-20 13:33:10 [INFO] MONITOR az=350.325 el=30.150 AZ_ERR=0.000 EL_ERR=0.000 AZ_PID=0.000 EL_PID=0.000 EL_FF=0.000
2026-04-20 13:33:11 [INFO] MONITOR az=350.325 el=30.150 AZ_ERR=0.000 EL_ERR=0.000 AZ_PID=0.000 EL_PID=0.000 EL_FF=0.000
2026-04-20 13:33:12 [INFO] MONITOR az=350.325 el=30.150 AZ_ERR=0.000 EL_ERR=0.000 AZ_PID=0.000 EL_PID=0.000 EL_FF=0.000
2026-04-20 13:33:13 [INFO] MONITOR az=350.325 el=30.150 AZ_ERR=0.000 EL_ERR=0.000 AZ_PID=0.000 EL_PID=0.000 EL_FF=0.000
2026-04-20 13:33:14 [INFO] MONITOR az=350.325 el=30.150 AZ_ERR=0.000 EL_ERR=0.000 AZ_PID=0.000 EL_PID=0.000 EL_FF=0.000
2026-04-20 13:33:15 [INFO] MONITOR az=350.325 el=30.150 AZ_ERR=0.000 EL_ERR=0.000 AZ_PID=0.000 EL_PID=0.000 EL_FF=0.000
2026-04-20 13:33:16 [INFO] MONITOR az=350.325 el=30.150 AZ_ERR=0.000 EL_ERR=0.000 AZ_PID=0.000 EL_PID=0.000 EL_FF=0.000
2026-04-20 13:33:17 [INFO] MONITOR az=350.325 el=30.150 AZ_ERR=0.000 EL_ERR=0.000 AZ_PID=0.000 EL_PID=0.000 EL_FF=0.000
2026-04-20 13:33:18 [INFO] MONITOR az=350.325 el=30.150 AZ_ERR=0.000 EL_ERR=0.000 AZ_PID=0.000 EL_PID=0.000 EL_FF=0.000
2026-04-20 13:33:19 [INFO] MONITOR az=350.325 el=30.150 AZ_ERR=0.000 EL_ERR=0.000 AZ_PID=0.000 EL_PID=0.000 EL_FF=0.000
2026-04-20 13:33:20 [INFO] MONITOR az=350.325 el=30.150 AZ_ERR=0.000 EL_ERR=0.000 AZ_PID=0.000 EL_PID=0.000 EL_FF=0.000
2026-04-20 13:33:21 [INFO] MONITOR az=350.325 el=30.150 AZ_ERR=0.000 EL_ERR=0.000 AZ_PID=0.000 EL_PID=0.000 EL_FF=0.000
2026-04-20 13:33:22 [INFO] MONITOR az=350.325 el=30.150 AZ_ERR=0.000 EL_ERR=0.000 AZ_PID=0.000 EL_PID=0.000 EL_FF=0.000
2026-04-20 13:33:23 [INFO] MONITOR az=350.325 el=30.150 AZ_ERR=0.000 EL_ERR=0.000 AZ_PID=0.000 EL_PID=0.000 EL_FF=0.000
2026-04-20 13:33:24 [INFO] MONITOR az=350.325 el=30.150 AZ_ERR=0.000 EL_ERR=0.000 AZ_PID=0.000 EL_PID=0.000 EL_FF=0.000
2026-04-20 13:33:25 [INFO] MONITOR az=350.325 el=30.150 AZ_ERR=0.000 EL_ERR=0.000 AZ_PID=0.000 EL_PID=0.000 EL_FF=0.000
2026-04-20 13:33:26 [INFO] MONITOR az=350.325 el=30.150 AZ_ERR=0.000 EL_ERR=0.000 AZ_PID=0.000 EL_PID=0.000 EL_FF=0.000
2026-04-20 13:33:27 [INFO] MONITOR az=350.325 el=30.150 AZ_ERR=0.000 EL_ERR=0.000 AZ_PID=0.000 EL_PID=0.000 EL_FF=0.000
2026-04-20 13:33:28 [INFO] MONITOR az=350.325 el=30.150 AZ_ERR=0.000 EL_ERR=0.000 AZ_PID=0.000 EL_PID=0.000 EL_FF=0.000
2026-04-20 13:33:29 [INFO] MONITOR az=350.325 el=30.150 AZ_ERR=0.000 EL_ERR=0.000 AZ_PID=0.000 EL_PID=0.000 EL_FF=0.000
2026-04-20 13:33:30 [INFO] MONITOR az=350.325 el=30.150 AZ_ERR=0.000 EL_ERR=0.000 AZ_PID=0.000 EL_PID=0.000 EL_FF=0.000
2026-04-20 13:33:31 [INFO] MONITOR az=350.325 el=30.150 AZ_ERR=0.000 EL_ERR=0.000 AZ_PID=0.000 EL_PID=0.000 EL_FF=0.000
2026-04-20 13:33:32 [INFO] MONITOR az=350.325 el=30.150 AZ_ERR=0.000 EL_ERR=0.000 AZ_PID=0.000 EL_PID=0.000 EL_FF=0.000
2026-04-20 13:33:33 [INFO] MONITOR az=350.325 el=30.150 AZ_ERR=0.000 EL_ERR=0.000 AZ_PID=0.000 EL_PID=0.000 EL_FF=0.000
2026-04-20 13:33:34 [INFO] MONITOR az=350.325 el=30.150 AZ_ERR=0.000 EL_ERR=0.000 AZ_PID=0.000 EL_PID=0.000 EL_FF=0.000
2026-04-20 13:33:35 [INFO] MONITOR az=350.325 el=30.150 AZ_ERR=0.000 EL_ERR=0.000 AZ_PID=0.000 EL_PID=0.000 EL_FF=0.000
2026-04-20 13:33:36 [INFO] MONITOR az=350.325 el=30.150 AZ_ERR=0.000 EL_ERR=0.000 AZ_PID=0.000 EL_PID=0.000 EL_FF=0.000
2026-04-20 13:33:37 [INFO] MONITOR az=350.325 el=30.150 AZ_ERR=0.000 EL_ERR=0.000 AZ_PID=0.000 EL_PID=0.000 EL_FF=0.000
2026-04-20 13:33:38 [INFO] MONITOR az=350.325 el=30.150 AZ_ERR=0.000 EL_ERR=0.000 AZ_PID=0.000 EL_PID=0.000 EL_FF=0.000
2026-04-20 13:33:39 [INFO] MONITOR az=350.325 el=30.150 AZ_ERR=0.000 EL_ERR=0.000 AZ_PID=0.000 EL_PID=0.000 EL_FF=0.000
2026-04-20 13:33:40 [INFO] MONITOR az=350.325 el=30.150 AZ_ERR=0.000 EL_ERR=0.000 AZ_PID=0.000 EL_PID=0.000 EL_FF=0.000
2026-04-20 13:33:41 [INFO] MONITOR az=350.325 el=30.150 AZ_ERR=0.000 EL_ERR=0.000 AZ_PID=0.000 EL_PID=0.000 EL_FF=0.000
2026-04-20 13:33:42 [INFO] MONITOR az=350.325 el=30.150 AZ_ERR=0.000 EL_ERR=0.000 AZ_PID=0.000 EL_PID=0.000 EL_FF=0.000
2026-04-20 13:33:43 [INFO] MONITOR az=350.325 el=30.150 AZ_ERR=0.000 EL_ERR=0.000 AZ_PID=0.000 EL_PID=0.000 EL_FF=0.000
2026-04-20 13:33:44 [INFO] MONITOR az=350.325 el=30.150 AZ_ERR=0.000 EL_ERR=0.000 AZ_PID=0.000 EL_PID=0.000 EL_FF=0.000
2026-04-20 13:33:45 [INFO] MONITOR az=350.325 el=30.150 AZ_ERR=0.000 EL_ERR=0.000 AZ_PID=0.000 EL_PID=0.000 EL_FF=0.000
2026-04-20 13:33:46 [INFO] MONITOR az=350.325 el=30.150 AZ_ERR=0.000 EL_ERR=0.000 AZ_PID=0.000 EL_PID=0.000 EL_FF=0.000
2026-04-20 13:33:47 [INFO] MONITOR az=350.325 el=30.150 AZ_ERR=0.000 EL_ERR=0.000 AZ_PID=0.000 EL_PID=0.000 EL_FF=0.000
2026-04-20 13:33:48 [INFO] MONITOR az=350.325 el=30.150 AZ_ERR=0.000 EL_ERR=0.000 AZ_PID=0.000 EL_PID=0.000 EL_FF=0.000
2026-04-20 13:33:49 [INFO] MONITOR az=350.325 el=30.150 AZ_ERR=0.000 EL_ERR=0.000 AZ_PID=0.000 EL_PID=0.000 EL_FF=0.000
2026-04-20 13:33:50 [INFO] MONITOR az=350.325 el=30.150 AZ_ERR=0.000 EL_ERR=0.000 AZ_PID=0.000 EL_PID=0.000 EL_FF=0.000
2026-04-20 13:33:51 [INFO] MONITOR az=350.325 el=30.150 AZ_ERR=0.000 EL_ERR=0.000 AZ_PID=0.000 EL_PID=0.000 EL_FF=0.000
2026-04-20 13:33:52 [INFO] MONITOR az=350.325 el=30.150 AZ_ERR=0.000 EL_ERR=0.000 AZ_PID=0.000 EL_PID=0.000 EL_FF=0.000
2026-04-20 13:33:53 [INFO] MONITOR az=350.325 el=30.150 AZ_ERR=0.000 EL_ERR=0.000 AZ_PID=0.000 EL_PID=0.000 EL_FF=0.000
2026-04-20 13:33:54 [INFO] MONITOR az=350.325 el=30.150 AZ_ERR=0.000 EL_ERR=0.000 AZ_PID=0.000 EL_PID=0.000 EL_FF=0.000
2026-04-20 13:33:55 [INFO] MONITOR az=350.325 el=30.150 AZ_ERR=0.000 EL_ERR=0.000 AZ_PID=0.000 EL_PID=0.000 EL_FF=0.000
2026-04-20 13:33:56 [INFO] MONITOR az=350.325 el=30.150 AZ_ERR=0.000 EL_ERR=0.000 AZ_PID=0.000 EL_PID=0.000 EL_FF=0.000
2026-04-20 13:33:57 [INFO] MONITOR az=350.325 el=30.150 AZ_ERR=0.000 EL_ERR=0.000 AZ_PID=0.000 EL_PID=0.000 EL_FF=0.000
2026-04-20 13:33:58 [INFO] MONITOR az=350.325 el=30.150 AZ_ERR=0.000 EL_ERR=0.000 AZ_PID=0.000 EL_PID=0.000 EL_FF=0.000
2026-04-20 13:33:59 [INFO] MONITOR az=350.325 el=30.150 AZ_ERR=0.000 EL_ERR=0.000 AZ_PID=0.000 EL_PID=0.000 EL_FF=0.000
2026-04-20 13:34:00 [INFO] MONITOR az=350.325 el=30.150 AZ_ERR=0.000 EL_ERR=0.000 AZ_PID=0.000 EL_PID=0.000 EL_FF=0.000
2026-04-20 13:34:01 [INFO] MONITOR az=350.325 el=30.150 AZ_ERR=0.000 EL_ERR=0.000 AZ_PID=0.000 EL_PID=0.000 EL_FF=0.000
2026-04-20 13:34:02 [INFO] MONITOR az=350.325 el=30.150 AZ_ERR=0.000 EL_ERR=0.000 AZ_PID=0.000 EL_PID=0.000 EL_FF=0.000
2026-04-20 13:34:03 [INFO] MONITOR az=350.325 el=30.150 AZ_ERR=0.000 EL_ERR=0.000 AZ_PID=0.000 EL_PID=0.000 EL_FF=0.000
2026-04-20 13:34:04 [INFO] MONITOR az=350.325 el=30.150 AZ_ERR=0.000 EL_ERR=0.000 AZ_PID=0.000 EL_PID=0.000 EL_FF=0.000
2026-04-20 13:34:05 [INFO] MONITOR az=350.325 el=30.150 AZ_ERR=0.000 EL_ERR=0.000 AZ_PID=0.000 EL_PID=0.000 EL_FF=0.000
2026-04-20 13:34:06 [INFO] MONITOR az=350.325 el=30.150 AZ_ERR=0.000 EL_ERR=0.000 AZ_PID=0.000 EL_PID=0.000 EL_FF=0.000
2026-04-20 13:34:07 [INFO] MONITOR az=350.325 el=30.150 AZ_ERR=0.000 EL_ERR=0.000 AZ_PID=0.000 EL_PID=0.000 EL_FF=0.000
2026-04-20 13:34:08 [INFO] MONITOR az=350.325 el=30.150 AZ_ERR=0.000 EL_ERR=0.000 AZ_PID=0.000 EL_PID=0.000 EL_FF=0.000
2026-04-20 13:34:09 [INFO] MONITOR az=350.325 el=30.150 AZ_ERR=0.000 EL_ERR=0.000 AZ_PID=0.000 EL_PID=0.000 EL_FF=0.000
2026-04-20 13:34:10 [INFO] MONITOR az=350.325 el=30.150 AZ_ERR=0.000 EL_ERR=0.000 AZ_PID=0.000 EL_PID=0.000 EL_FF=0.000
2026-04-20 13:34:11 [INFO] MONITOR az=350.325 el=30.150 AZ_ERR=0.000 EL_ERR=0.000 AZ_PID=0.000 EL_PID=0.000 EL_FF=0.000
2026-04-20 13:34:12 [INFO] MONITOR az=350.325 el=30.150 AZ_ERR=0.000 EL_ERR=0.000 AZ_PID=0.000 EL_PID=0.000 EL_FF=0.000
2026-04-20 13:34:13 [INFO] MONITOR az=350.325 el=30.150 AZ_ERR=0.000 EL_ERR=0.000 AZ_PID=0.000 EL_PID=0.000 EL_FF=0.000
2026-04-20 13:34:14 [INFO] MONITOR az=350.325 el=30.150 AZ_ERR=0.000 EL_ERR=0.000 AZ_PID=0.000 EL_PID=0.000 EL_FF=0.000
2026-04-20 13:34:15 [INFO] MONITOR az=350.325 el=30.150 AZ_ERR=0.000 EL_ERR=0.000 AZ_PID=0.000 EL_PID=0.000 EL_FF=0.000
2026-04-20 13:34:16 [INFO] MONITOR az=350.325 el=30.150 AZ_ERR=0.000 EL_ERR=0.000 AZ_PID=0.000 EL_PID=0.000 EL_FF=0.000
2026-04-20 13:34:17 [INFO] MONITOR az=350.325 el=30.150 AZ_ERR=0.000 EL_ERR=0.000 AZ_PID=0.000 EL_PID=0.000 EL_FF=0.000
2026-04-20 13:34:18 [INFO] MONITOR az=350.325 el=30.150 AZ_ERR=0.000 EL_ERR=0.000 AZ_PID=0.000 EL_PID=0.000 EL_FF=0.000
2026-04-20 13:34:19 [INFO] MONITOR az=350.325 el=30.150 AZ_ERR=0.000 EL_ERR=0.000 AZ_PID=0.000 EL_PID=0.000 EL_FF=0.000
2026-04-20 13:34:20 [INFO] MONITOR az=350.325 el=30.150 AZ_ERR=0.000 EL_ERR=0.000 AZ_PID=0.000 EL_PID=0.000 EL_FF=0.000
2026-04-20 13:34:21 [INFO] MONITOR az=350.325 el=30.150 AZ_ERR=0.000 EL_ERR=0.000 AZ_PID=0.000 EL_PID=0.000 EL_FF=0.000
2026-04-20 13:34:22 [INFO] MONITOR az=350.325 el=30.150 AZ_ERR=0.000 EL_ERR=0.000 AZ_PID=0.000 EL_PID=0.000 EL_FF=0.000
2026-04-20 13:34:23 [INFO] MONITOR az=350.325 el=30.150 AZ_ERR=0.000 EL_ERR=0.000 AZ_PID=0.000 EL_PID=0.000 EL_FF=0.000
2026-04-20 13:34:24 [INFO] MONITOR az=350.325 el=30.150 AZ_ERR=0.000 EL_ERR=0.000 AZ_PID=0.000 EL_PID=0.000 EL_FF=0.000
2026-04-20 13:34:25 [INFO] MONITOR az=350.325 el=30.150 AZ_ERR=0.000 EL_ERR=0.000 AZ_PID=0.000 EL_PID=0.000 EL_FF=0.000
2026-04-20 13:34:26 [INFO] MONITOR az=350.325 el=30.150 AZ_ERR=0.000 EL_ERR=0.000 AZ_PID=0.000 EL_PID=0.000 EL_FF=0.000
2026-04-20 13:34:27 [INFO] MONITOR az=350.325 el=30.150 AZ_ERR=0.000 EL_ERR=0.000 AZ_PID=0.000 EL_PID=0.000 EL_FF=0.000
2026-04-20 13:34:28 [INFO] MONITOR az=350.325 el=30.150 AZ_ERR=0.000 EL_ERR=0.000 AZ_PID=0.000 EL_PID=0.000 EL_FF=0.000
2026-04-20 13:34:29 [INFO] MONITOR az=350.325 el=30.150 AZ_ERR=0.000 EL_ERR=0.000 AZ_PID=0.000 EL_PID=0.000 EL_FF=0.000
2026-04-20 13:34:30 [INFO] MONITOR az=350.325 el=30.150 AZ_ERR=0.000 EL_ERR=0.000 AZ_PID=0.000 EL_PID=0.000 EL_FF=0.000
2026-04-20 13:34:31 [INFO] MONITOR az=350.325 el=30.150 AZ_ERR=0.000 EL_ERR=0.000 AZ_PID=0.000 EL_PID=0.000 EL_FF=0.000
2026-04-20 13:34:32 [INFO] MONITOR az=350.325 el=30.150 AZ_ERR=0.000 EL_ERR=0.000 AZ_PID=0.000 EL_PID=0.000 EL_FF=0.000
2026-04-20 13:34:33 [INFO] MONITOR az=350.325 el=30.150 AZ_ERR=0.000 EL_ERR=0.000 AZ_PID=0.000 EL_PID=0.000 EL_FF=0.000
2026-04-20 13:34:34 [INFO] MONITOR az=350.325 el=30.150 AZ_ERR=0.000 EL_ERR=0.000 AZ_PID=0.000 EL_PID=0.000 EL_FF=0.000
2026-04-20 13:34:35 [INFO] MONITOR az=350.325 el=30.150 AZ_ERR=0.000 EL_ERR=0.000 AZ_PID=0.000 EL_PID=0.000 EL_FF=0.000
2026-04-20 13:34:36 [INFO] MONITOR az=350.325 el=30.150 AZ_ERR=0.000 EL_ERR=0.000 AZ_PID=0.000 EL_PID=0.000 EL_FF=0.000
2026-04-20 13:34:37 [INFO] MONITOR az=350.325 el=30.150 AZ_ERR=0.000 EL_ERR=0.000 AZ_PID=0.000 EL_PID=0.000 EL_FF=0.000
2026-04-20 13:34:38 [INFO] MONITOR az=350.325 el=30.150 AZ_ERR=0.000 EL_ERR=0.000 AZ_PID=0.000 EL_PID=0.000 EL_FF=0.000
2026-04-20 13:34:39 [INFO] MONITOR az=350.325 el=30.150 AZ_ERR=0.000 EL_ERR=0.000 AZ_PID=0.000 EL_PID=0.000 EL_FF=0.000
2026-04-20 13:34:40 [INFO] MONITOR az=350.325 el=30.150 AZ_ERR=0.000 EL_ERR=0.000 AZ_PID=0.000 EL_PID=0.000 EL_FF=0.000
2026-04-20 13:34:41 [INFO] MONITOR az=350.325 el=30.150 AZ_ERR=0.000 EL_ERR=0.000 AZ_PID=0.000 EL_PID=0.000 EL_FF=0.000
2026-04-20 13:34:42 [INFO] MONITOR az=350.325 el=30.150 AZ_ERR=0.000 EL_ERR=0.000 AZ_PID=0.000 EL_PID=0.000 EL_FF=0.000
2026-04-20 13:34:43 [INFO] MONITOR az=350.325 el=30.150 AZ_ERR=0.000 EL_ERR=0.000 AZ_PID=0.000 EL_PID=0.000 EL_FF=0.000
2026-04-20 13:34:44 [INFO] MONITOR az=350.325 el=30.150 AZ_ERR=0.000 EL_ERR=0.000 AZ_PID=0.000 EL_PID=0.000 EL_FF=0.000
2026-04-20 13:34:45 [INFO] MONITOR az=350.325 el=30.150 AZ_ERR=0.000 EL_ERR=0.000 AZ_PID=0.000 EL_PID=0.000 EL_FF=0.000
2026-04-20 13:34:46 [INFO] MONITOR az=350.325 el=30.150 AZ_ERR=0.000 EL_ERR=0.000 AZ_PID=0.000 EL_PID=0.000 EL_FF=0.000
2026-04-20 13:34:47 [INFO] MONITOR az=350.325 el=30.150 AZ_ERR=0.000 EL_ERR=0.000 AZ_PID=0.000 EL_PID=0.000 EL_FF=0.000
2026-04-20 13:34:48 [INFO] MONITOR az=350.325 el=30.150 AZ_ERR=0.000 EL_ERR=0.000 AZ_PID=0.000 EL_PID=0.000 EL_FF=0.000
2026-04-20 13:34:49 [INFO] MONITOR az=350.325 el=30.150 AZ_ERR=0.000 EL_ERR=0.000 AZ_PID=0.000 EL_PID=0.000 EL_FF=0.000
2026-04-20 13:34:50 [INFO] MONITOR az=350.325 el=30.150 AZ_ERR=0.000 EL_ERR=0.000 AZ_PID=0.000 EL_PID=0.000 EL_FF=0.000
2026-04-20 13:34:51 [INFO] MONITOR az=350.325 el=30.150 AZ_ERR=0.000 EL_ERR=0.000 AZ_PID=0.000 EL_PID=0.000 EL_FF=0.000
2026-04-20 13:34:52 [INFO] MONITOR az=350.325 el=30.150 AZ_ERR=0.000 EL_ERR=0.000 AZ_PID=0.000 EL_PID=0.000 EL_FF=0.000
2026-04-20 13:34:53 [INFO] MONITOR az=350.325 el=30.150 AZ_ERR=0.000 EL_ERR=0.000 AZ_PID=0.000 EL_PID=0.000 EL_FF=0.000
2026-04-20 13:34:54 [INFO] MONITOR az=350.325 el=30.150 AZ_ERR=0.000 EL_ERR=0.000 AZ_PID=0.000 EL_PID=0.000 EL_FF=0.000
2026-04-20 13:34:55 [INFO] MONITOR az=350.325 el=30.150 AZ_ERR=0.000 EL_ERR=0.000 AZ_PID=0.000 EL_PID=0.000 EL_FF=0.000
2026-04-20 13:34:56 [INFO] MONITOR az=350.325 el=30.150 AZ_ERR=0.000 EL_ERR=0.000 AZ_PID=0.000 EL_PID=0.000 EL_FF=0.000
2026-04-20 13:34:57 [INFO] MONITOR az=350.325 el=30.150 AZ_ERR=0.000 EL_ERR=0.000 AZ_PID=0.000 EL_PID=0.000 EL_FF=0.000
2026-04-20 13:34:58 [INFO] MONITOR az=350.325 el=30.150 AZ_ERR=0.000 EL_ERR=0.000 AZ_PID=0.000 EL_PID=0.000 EL_FF=0.000
2026-04-20 13:34:59 [INFO] MONITOR az=350.325 el=30.150 AZ_ERR=0.000 EL_ERR=0.000 AZ_PID=0.000 EL_PID=0.000 EL_FF=0.000
2026-04-20 13:35:00 [INFO] MONITOR az=350.325 el=30.150 AZ_ERR=0.000 EL_ERR=0.000 AZ_PID=0.000 EL_PID=0.000 EL_FF=0.000
2026-04-20 13:35:01 [INFO] MONITOR az=350.325 el=30.150 AZ_ERR=0.000 EL_ERR=0.000 AZ_PID=0.000 EL_PID=0.000 EL_FF=0.000
2026-04-20 13:35:02 [INFO] MONITOR az=350.325 el=30.150 AZ_ERR=0.000 EL_ERR=0.000 AZ_PID=0.000 EL_PID=0.000 EL_FF=0.000
2026-04-20 13:35:03 [INFO] MONITOR az=350.325 el=30.150 AZ_ERR=0.000 EL_ERR=0.000 AZ_PID=0.000 EL_PID=0.000 EL_FF=0.000
2026-04-20 13:35:04 [INFO] MONITOR az=350.325 el=30.150 AZ_ERR=0.000 EL_ERR=0.000 AZ_PID=0.000 EL_PID=0.000 EL_FF=0.000
2026-04-20 13:35:05 [INFO] MONITOR az=350.325 el=30.150 AZ_ERR=0.000 EL_ERR=0.000 AZ_PID=0.000 EL_PID=0.000 EL_FF=0.000
2026-04-20 13:35:06 [INFO] MONITOR az=350.325 el=30.150 AZ_ERR=0.000 EL_ERR=0.000 AZ_PID=0.000 EL_PID=0.000 EL_FF=0.000
2026-04-20 13:35:07 [INFO] MONITOR az=350.325 el=30.150 AZ_ERR=0.000 EL_ERR=0.000 AZ_PID=0.000 EL_PID=0.000 EL_FF=0.000
2026-04-20 13:35:08 [INFO] MONITOR az=350.325 el=30.150 AZ_ERR=0.000 EL_ERR=0.000 AZ_PID=0.000 EL_PID=0.000 EL_FF=0.000
2026-04-20 13:35:09 [INFO] MONITOR az=350.325 el=30.150 AZ_ERR=0.000 EL_ERR=0.000 AZ_PID=0.000 EL_PID=0.000 EL_FF=0.000
2026-04-20 13:35:10 [INFO] MONITOR az=350.325 el=30.150 AZ_ERR=0.000 EL_ERR=0.000 AZ_PID=0.000 EL_PID=0.000 EL_FF=0.000
2026-04-20 13:35:11 [INFO] MONITOR az=350.325 el=30.150 AZ_ERR=0.000 EL_ERR=0.000 AZ_PID=0.000 EL_PID=0.000 EL_FF=0.000
2026-04-20 13:35:12 [INFO] MONITOR az=350.325 el=30.150 AZ_ERR=0.000 EL_ERR=0.000 AZ_PID=0.000 EL_PID=0.000 EL_FF=0.000
2026-04-20 13:35:13 [INFO] MONITOR az=350.325 el=30.150 AZ_ERR=0.000 EL_ERR=0.000 AZ_PID=0.000 EL_PID=0.000 EL_FF=0.000
2026-04-20 13:35:14 [INFO] MONITOR az=350.325 el=30.150 AZ_ERR=0.000 EL_ERR=0.000 AZ_PID=0.000 EL_PID=0.000 EL_FF=0.000
2026-04-20 13:35:15 [INFO] MONITOR az=350.325 el=30.150 AZ_ERR=0.000 EL_ERR=0.000 AZ_PID=0.000 EL_PID=0.000 EL_FF=0.000
2026-04-20 13:35:16 [INFO] MONITOR az=350.325 el=30.150 AZ_ERR=0.000 EL_ERR=0.000 AZ_PID=0.000 EL_PID=0.000 EL_FF=0.000
2026-04-20 13:35:17 [INFO] MONITOR az=350.325 el=30.150 AZ_ERR=0.000 EL_ERR=0.000 AZ_PID=0.000 EL_PID=0.000 EL_FF=0.000
2026-04-20 13:35:18 [INFO] MONITOR az=350.325 el=30.150 AZ_ERR=0.000 EL_ERR=0.000 AZ_PID=0.000 EL_PID=0.000 EL_FF=0.000
2026-04-20 13:35:19 [INFO] MONITOR az=350.325 el=30.150 AZ_ERR=0.000 EL_ERR=0.000 AZ_PID=0.000 EL_PID=0.000 EL_FF=0.000
2026-04-20 13:35:20 [INFO] MONITOR az=350.325 el=30.150 AZ_ERR=0.000 EL_ERR=0.000 AZ_PID=0.000 EL_PID=0.000 EL_FF=0.000
2026-04-20 13:35:21 [INFO] MONITOR az=350.325 el=30.150 AZ_ERR=0.000 EL_ERR=0.000 AZ_PID=0.000 EL_PID=0.000 EL_FF=0.000
2026-04-20 13:35:22 [INFO] MONITOR az=350.325 el=30.150 AZ_ERR=0.000 EL_ERR=0.000 AZ_PID=0.000 EL_PID=0.000 EL_FF=0.000
2026-04-20 13:35:23 [INFO] MONITOR az=350.325 el=30.150 AZ_ERR=0.000 EL_ERR=0.000 AZ_PID=0.000 EL_PID=0.000 EL_FF=0.000
2026-04-20 13:35:24 [INFO] MONITOR az=350.325 el=30.150 AZ_ERR=0.000 EL_ERR=0.000 AZ_PID=0.000 EL_PID=0.000 EL_FF=0.000
2026-04-20 13:35:25 [INFO] MONITOR az=350.325 el=30.150 AZ_ERR=0.000 EL_ERR=0.000 AZ_PID=0.000 EL_PID=0.000 EL_FF=0.000
2026-04-20 13:35:26 [INFO] MONITOR az=350.325 el=30.150 AZ_ERR=0.000 EL_ERR=0.000 AZ_PID=0.000 EL_PID=0.000 EL_FF=0.000
2026-04-20 13:35:27 [INFO] MONITOR az=350.325 el=30.150 AZ_ERR=0.000 EL_ERR=0.000 AZ_PID=0.000 EL_PID=0.000 EL_FF=0.000
2026-04-20 13:35:28 [INFO] MONITOR az=350.325 el=30.150 AZ_ERR=0.000 EL_ERR=0.000 AZ_PID=0.000 EL_PID=0.000 EL_FF=0.000
2026-04-20 13:35:29 [INFO] MONITOR az=350.325 el=30.150 AZ_ERR=0.000 EL_ERR=0.000 AZ_PID=0.000 EL_PID=0.000 EL_FF=0.000
2026-04-20 13:35:30 [INFO] MONITOR az=350.325 el=30.150 AZ_ERR=0.000 EL_ERR=0.000 AZ_PID=0.000 EL_PID=0.000 EL_FF=0.000
2026-04-20 13:35:31 [INFO] MONITOR az=350.325 el=30.150 AZ_ERR=0.000 EL_ERR=0.000 AZ_PID=0.000 EL_PID=0.000 EL_FF=0.000
2026-04-20 13:35:32 [INFO] MONITOR az=350.325 el=30.150 AZ_ERR=0.000 EL_ERR=0.000 AZ_PID=0.000 EL_PID=0.000 EL_FF=0.000
2026-04-20 13:35:33 [INFO] MONITOR az=350.325 el=30.150 AZ_ERR=0.000 EL_ERR=0.000 AZ_PID=0.000 EL_PID=0.000 EL_FF=0.000
2026-04-20 13:35:34 [INFO] MONITOR az=350.325 el=30.150 AZ_ERR=0.000 EL_ERR=0.000 AZ_PID=0.000 EL_PID=0.000 EL_FF=0.000
2026-04-20 13:35:35 [INFO] MONITOR az=350.325 el=30.150 AZ_ERR=0.000 EL_ERR=0.000 AZ_PID=0.000 EL_PID=0.000 EL_FF=0.000
2026-04-20 13:35:36 [INFO] MONITOR az=350.325 el=30.150 AZ_ERR=0.000 EL_ERR=0.000 AZ_PID=0.000 EL_PID=0.000 EL_FF=0.000
2026-04-20 13:35:37 [INFO] MONITOR az=350.325 el=30.150 AZ_ERR=0.000 EL_ERR=0.000 AZ_PID=0.000 EL_PID=0.000 EL_FF=0.000
2026-04-20 13:35:38 [INFO] MONITOR az=350.325 el=30.150 AZ_ERR=0.000 EL_ERR=0.000 AZ_PID=0.000 EL_PID=0.000 EL_FF=0.000
2026-04-20 13:35:39 [INFO] MONITOR az=350.325 el=30.150 AZ_ERR=0.000 EL_ERR=0.000 AZ_PID=0.000 EL_PID=0.000 EL_FF=0.000
2026-04-20 13:35:40 [INFO] MONITOR az=350.325 el=30.150 AZ_ERR=0.000 EL_ERR=0.000 AZ_PID=0.000 EL_PID=0.000 EL_FF=0.000
2026-04-20 13:35:41 [INFO] MONITOR az=350.325 el=30.150 AZ_ERR=0.000 EL_ERR=0.000 AZ_PID=0.000 EL_PID=0.000 EL_FF=0.000
2026-04-20 13:35:42 [INFO] MONITOR az=350.325 el=30.150 AZ_ERR=0.000 EL_ERR=0.000 AZ_PID=0.000 EL_PID=0.000 EL_FF=0.000
2026-04-20 13:35:43 [INFO] MONITOR az=350.325 el=30.150 AZ_ERR=0.000 EL_ERR=0.000 AZ_PID=0.000 EL_PID=0.000 EL_FF=0.000
2026-04-20 13:35:44 [INFO] MONITOR az=350.325 el=30.150 AZ_ERR=0.000 EL_ERR=0.000 AZ_PID=0.000 EL_PID=0.000 EL_FF=0.000
2026-04-20 13:35:45 [INFO] MONITOR az=350.325 el=30.150 AZ_ERR=0.000 EL_ERR=0.000 AZ_PID=0.000 EL_PID=0.000 EL_FF=0.000
2026-04-20 13:35:46 [INFO] MONITOR az=350.325 el=30.150 AZ_ERR=0.000 EL_ERR=0.000 AZ_PID=0.000 EL_PID=0.000 EL_FF=0.000
2026-04-20 13:35:47 [INFO] MONITOR az=350.325 el=30.150 AZ_ERR=0.000 EL_ERR=0.000 AZ_PID=0.000 EL_PID=0.000 EL_FF=0.000
2026-04-20 13:35:48 [INFO] MONITOR az=350.325 el=30.150 AZ_ERR=0.000 EL_ERR=0.000 AZ_PID=0.000 EL_PID=0.000 EL_FF=0.000
2026-04-20 13:35:49 [INFO] MONITOR az=350.325 el=30.150 AZ_ERR=0.000 EL_ERR=0.000 AZ_PID=0.000 EL_PID=0.000 EL_FF=0.000
2026-04-20 13:35:50 [INFO] MONITOR az=350.325 el=30.150 AZ_ERR=0.000 EL_ERR=0.000 AZ_PID=0.000 EL_PID=0.000 EL_FF=0.000
2026-04-20 13:35:51 [INFO] MONITOR az=350.325 el=30.150 AZ_ERR=0.000 EL_ERR=0.000 AZ_PID=0.000 EL_PID=0.000 EL_FF=0.000
2026-04-20 13:35:52 [INFO] MONITOR az=350.325 el=30.150 AZ_ERR=0.000 EL_ERR=0.000 AZ_PID=0.000 EL_PID=0.000 EL_FF=0.000
2026-04-20 13:35:53 [INFO] MONITOR az=350.325 el=30.150 AZ_ERR=0.000 EL_ERR=0.000 AZ_PID=0.000 EL_PID=0.000 EL_FF=0.000
2026-04-20 13:35:54 [INFO] MONITOR az=350.325 el=30.150 AZ_ERR=0.000 EL_ERR=0.000 AZ_PID=0.000 EL_PID=0.000 EL_FF=0.000
2026-04-20 13:35:55 [INFO] MONITOR az=350.325 el=30.150 AZ_ERR=0.000 EL_ERR=0.000 AZ_PID=0.000 EL_PID=0.000 EL_FF=0.000
2026-04-20 13:35:56 [INFO] MONITOR az=350.325 el=30.150 AZ_ERR=0.000 EL_ERR=0.000 AZ_PID=0.000 EL_PID=0.000 EL_FF=0.000
2026-04-20 13:35:57 [INFO] MONITOR az=350.325 el=30.150 AZ_ERR=0.000 EL_ERR=0.000 AZ_PID=0.000 EL_PID=0.000 EL_FF=0.000
2026-04-20 13:35:58 [INFO] MONITOR az=350.325 el=30.150 AZ_ERR=0.000 EL_ERR=0.000 AZ_PID=0.000 EL_PID=0.000 EL_FF=0.000
2026-04-20 13:35:59 [INFO] MONITOR az=350.325 el=30.150 AZ_ERR=0.000 EL_ERR=0.000 AZ_PID=0.000 EL_PID=0.000 EL_FF=0.000
2026-04-20 13:36:01 [INFO] MONITOR az=350.325 el=30.150 AZ_ERR=0.000 EL_ERR=0.000 AZ_PID=0.000 EL_PID=0.000 EL_FF=0.000
2026-04-20 13:36:02 [INFO] MONITOR az=350.325 el=30.150 AZ_ERR=0.000 EL_ERR=0.000 AZ_PID=0.000 EL_PID=0.000 EL_FF=0.000
2026-04-20 13:36:03 [INFO] MONITOR az=350.325 el=30.150 AZ_ERR=0.000 EL_ERR=0.000 AZ_PID=0.000 EL_PID=0.000 EL_FF=0.000
2026-04-20 13:36:04 [INFO] MONITOR az=350.325 el=30.150 AZ_ERR=0.000 EL_ERR=0.000 AZ_PID=0.000 EL_PID=0.000 EL_FF=0.000
2026-04-20 13:36:05 [INFO] MONITOR az=350.325 el=30.150 AZ_ERR=0.000 EL_ERR=0.000 AZ_PID=0.000 EL_PID=0.000 EL_FF=0.000
2026-04-20 13:36:06 [INFO] MONITOR az=350.325 el=30.150 AZ_ERR=0.000 EL_ERR=0.000 AZ_PID=0.000 EL_PID=0.000 EL_FF=0.000
2026-04-20 13:36:07 [INFO] MONITOR az=350.325 el=30.150 AZ_ERR=0.000 EL_ERR=0.000 AZ_PID=0.000 EL_PID=0.000 EL_FF=0.000
2026-04-20 13:36:08 [INFO] MONITOR az=350.325 el=30.150 AZ_ERR=0.000 EL_ERR=0.000 AZ_PID=0.000 EL_PID=0.000 EL_FF=0.000
2026-04-20 13:36:09 [INFO] MONITOR az=350.325 el=30.150 AZ_ERR=0.000 EL_ERR=0.000 AZ_PID=0.000 EL_PID=0.000 EL_FF=0.000
2026-04-20 13:36:10 [INFO] MONITOR az=350.325 el=30.150 AZ_ERR=0.000 EL_ERR=0.000 AZ_PID=0.000 EL_PID=0.000 EL_FF=0.000
2026-04-20 13:36:11 [INFO] MONITOR az=350.325 el=30.150 AZ_ERR=0.000 EL_ERR=0.000 AZ_PID=0.000 EL_PID=0.000 EL_FF=0.000
2026-04-20 13:36:12 [INFO] MONITOR az=350.325 el=30.150 AZ_ERR=0.000 EL_ERR=0.000 AZ_PID=0.000 EL_PID=0.000 EL_FF=0.000
2026-04-20 13:36:13 [INFO] MONITOR az=350.325 el=30.150 AZ_ERR=0.000 EL_ERR=0.000 AZ_PID=0.000 EL_PID=0.000 EL_FF=0.000
2026-04-20 13:36:14 [INFO] MONITOR az=350.325 el=30.150 AZ_ERR=0.000 EL_ERR=0.000 AZ_PID=0.000 EL_PID=0.000 EL_FF=0.000
2026-04-20 13:36:15 [INFO] MONITOR az=350.325 el=30.150 AZ_ERR=0.000 EL_ERR=0.000 AZ_PID=0.000 EL_PID=0.000 EL_FF=0.000
2026-04-20 13:36:16 [INFO] MONITOR az=350.325 el=30.150 AZ_ERR=0.000 EL_ERR=0.000 AZ_PID=0.000 EL_PID=0.000 EL_FF=0.000
2026-04-20 13:36:17 [INFO] MONITOR az=350.325 el=30.150 AZ_ERR=0.000 EL_ERR=0.000 AZ_PID=0.000 EL_PID=0.000 EL_FF=0.000
2026-04-20 13:36:18 [INFO] MONITOR az=350.325 el=30.150 AZ_ERR=0.000 EL_ERR=0.000 AZ_PID=0.000 EL_PID=0.000 EL_FF=0.000
2026-04-20 13:36:19 [INFO] MONITOR az=350.325 el=30.150 AZ_ERR=0.000 EL_ERR=0.000 AZ_PID=0.000 EL_PID=0.000 EL_FF=0.000
2026-04-20 13:36:20 [INFO] MONITOR az=350.325 el=30.150 AZ_ERR=0.000 EL_ERR=0.000 AZ_PID=0.000 EL_PID=0.000 EL_FF=0.000
2026-04-20 13:36:21 [INFO] MONITOR az=350.325 el=30.150 AZ_ERR=0.000 EL_ERR=0.000 AZ_PID=0.000 EL_PID=0.000 EL_FF=0.000
2026-04-20 13:36:22 [INFO] MONITOR az=350.325 el=30.150 AZ_ERR=0.000 EL_ERR=0.000 AZ_PID=0.000 EL_PID=0.000 EL_FF=0.000
2026-04-20 13:36:23 [INFO] MONITOR az=350.325 el=30.150 AZ_ERR=0.000 EL_ERR=0.000 AZ_PID=0.000 EL_PID=0.000 EL_FF=0.000
2026-04-20 13:36:24 [INFO] MONITOR az=350.325 el=30.150 AZ_ERR=0.000 EL_ERR=0.000 AZ_PID=0.000 EL_PID=0.000 EL_FF=0.000
2026-04-20 13:36:25 [INFO] MONITOR az=350.325 el=30.150 AZ_ERR=0.000 EL_ERR=0.000 AZ_PID=0.000 EL_PID=0.000 EL_FF=0.000
2026-04-20 13:36:26 [INFO] MONITOR az=350.325 el=30.150 AZ_ERR=0.000 EL_ERR=0.000 AZ_PID=0.000 EL_PID=0.000 EL_FF=0.000
2026-04-20 13:36:27 [INFO] MONITOR az=350.325 el=30.150 AZ_ERR=0.000 EL_ERR=0.000 AZ_PID=0.000 EL_PID=0.000 EL_FF=0.000
2026-04-20 13:36:28 [INFO] MONITOR az=350.325 el=30.150 AZ_ERR=0.000 EL_ERR=0.000 AZ_PID=0.000 EL_PID=0.000 EL_FF=0.000
2026-04-20 13:36:29 [INFO] MONITOR az=350.325 el=30.150 AZ_ERR=0.000 EL_ERR=0.000 AZ_PID=0.000 EL_PID=0.000 EL_FF=0.000
2026-04-20 13:36:30 [INFO] MONITOR az=350.325 el=30.150 AZ_ERR=0.000 EL_ERR=0.000 AZ_PID=0.000 EL_PID=0.000 EL_FF=0.000
2026-04-20 13:36:31 [INFO] MONITOR az=350.325 el=30.150 AZ_ERR=0.000 EL_ERR=0.000 AZ_PID=0.000 EL_PID=0.000 EL_FF=0.000
2026-04-20 13:36:32 [INFO] MONITOR az=350.325 el=30.150 AZ_ERR=0.000 EL_ERR=0.000 AZ_PID=0.000 EL_PID=0.000 EL_FF=0.000
2026-04-20 13:36:33 [INFO] MONITOR az=350.325 el=30.150 AZ_ERR=0.000 EL_ERR=0.000 AZ_PID=0.000 EL_PID=0.000 EL_FF=0.000
2026-04-20 13:36:34 [INFO] MONITOR az=350.325 el=30.150 AZ_ERR=0.000 EL_ERR=0.000 AZ_PID=0.000 EL_PID=0.000 EL_FF=0.000
2026-04-20 13:36:35 [INFO] MONITOR az=350.325 el=30.150 AZ_ERR=0.000 EL_ERR=0.000 AZ_PID=0.000 EL_PID=0.000 EL_FF=0.000
2026-04-20 13:36:36 [INFO] MONITOR az=350.325 el=30.150 AZ_ERR=0.000 EL_ERR=0.000 AZ_PID=0.000 EL_PID=0.000 EL_FF=0.000
2026-04-20 13:36:37 [INFO] MONITOR az=350.325 el=30.150 AZ_ERR=0.000 EL_ERR=0.000 AZ_PID=0.000 EL_PID=0.000 EL_FF=0.000
2026-04-20 13:36:38 [INFO] MONITOR az=350.325 el=30.150 AZ_ERR=0.000 EL_ERR=0.000 AZ_PID=0.000 EL_PID=0.000 EL_FF=0.000
2026-04-20 13:36:39 [INFO] MONITOR az=350.325 el=30.150 AZ_ERR=0.000 EL_ERR=0.000 AZ_PID=0.000 EL_PID=0.000 EL_FF=0.000
2026-04-20 13:36:40 [INFO] MONITOR az=350.325 el=30.150 AZ_ERR=0.000 EL_ERR=0.000 AZ_PID=0.000 EL_PID=0.000 EL_FF=0.000
2026-04-20 13:36:41 [INFO] MONITOR az=350.325 el=30.150 AZ_ERR=0.000 EL_ERR=0.000 AZ_PID=0.000 EL_PID=0.000 EL_FF=0.000
2026-04-20 13:36:42 [INFO] MONITOR az=350.325 el=30.150 AZ_ERR=0.000 EL_ERR=0.000 AZ_PID=0.000 EL_PID=0.000 EL_FF=0.000
2026-04-20 13:36:43 [INFO] MONITOR az=350.325 el=30.150 AZ_ERR=0.000 EL_ERR=0.000 AZ_PID=0.000 EL_PID=0.000 EL_FF=0.000
2026-04-20 13:36:44 [INFO] MONITOR az=350.325 el=30.150 AZ_ERR=0.000 EL_ERR=0.000 AZ_PID=0.000 EL_PID=0.000 EL_FF=0.000
2026-04-20 13:36:45 [INFO] MONITOR az=350.325 el=30.150 AZ_ERR=0.000 EL_ERR=0.000 AZ_PID=0.000 EL_PID=0.000 EL_FF=0.000
2026-04-20 13:36:46 [INFO] MONITOR az=350.325 el=30.150 AZ_ERR=0.000 EL_ERR=0.000 AZ_PID=0.000 EL_PID=0.000 EL_FF=0.000
2026-04-20 13:36:47 [INFO] MONITOR az=350.325 el=30.150 AZ_ERR=0.000 EL_ERR=0.000 AZ_PID=0.000 EL_PID=0.000 EL_FF=0.000
2026-04-20 13:36:48 [INFO] MONITOR az=350.325 el=30.150 AZ_ERR=0.000 EL_ERR=0.000 AZ_PID=0.000 EL_PID=0.000 EL_FF=0.000
2026-04-20 13:36:49 [INFO] MONITOR az=350.325 el=30.150 AZ_ERR=0.000 EL_ERR=0.000 AZ_PID=0.000 EL_PID=0.000 EL_FF=0.000
2026-04-20 13:36:50 [INFO] MONITOR az=350.325 el=30.150 AZ_ERR=0.000 EL_ERR=0.000 AZ_PID=0.000 EL_PID=0.000 EL_FF=0.000
2026-04-20 13:36:51 [INFO] MONITOR az=350.325 el=30.150 AZ_ERR=0.000 EL_ERR=0.000 AZ_PID=0.000 EL_PID=0.000 EL_FF=0.000
2026-04-20 13:36:52 [INFO] MONITOR az=350.325 el=30.150 AZ_ERR=0.000 EL_ERR=0.000 AZ_PID=0.000 EL_PID=0.000 EL_FF=0.000
2026-04-20 13:36:53 [INFO] MONITOR az=350.325 el=30.150 AZ_ERR=0.000 EL_ERR=0.000 AZ_PID=0.000 EL_PID=0.000 EL_FF=0.000
2026-04-20 13:36:54 [INFO] MONITOR az=350.325 el=30.150 AZ_ERR=0.000 EL_ERR=0.000 AZ_PID=0.000 EL_PID=0.000 EL_FF=0.000
2026-04-20 13:36:55 [INFO] MONITOR az=350.325 el=30.150 AZ_ERR=0.000 EL_ERR=0.000 AZ_PID=0.000 EL_PID=0.000 EL_FF=0.000
2026-04-20 13:36:56 [INFO] MONITOR az=350.325 el=30.150 AZ_ERR=0.000 EL_ERR=0.000 AZ_PID=0.000 EL_PID=0.000 EL_FF=0.000
2026-04-20 13:36:57 [INFO] MONITOR az=350.325 el=30.150 AZ_ERR=0.000 EL_ERR=0.000 AZ_PID=0.000 EL_PID=0.000 EL_FF=0.000
2026-04-20 13:36:58 [INFO] MONITOR az=350.325 el=30.150 AZ_ERR=0.000 EL_ERR=0.000 AZ_PID=0.000 EL_PID=0.000 EL_FF=0.000
2026-04-20 13:36:59 [INFO] MONITOR az=350.325 el=30.150 AZ_ERR=0.000 EL_ERR=0.000 AZ_PID=0.000 EL_PID=0.000 EL_FF=0.000
2026-04-20 13:37:00 [INFO] MONITOR az=350.325 el=30.150 AZ_ERR=0.000 EL_ERR=0.000 AZ_PID=0.000 EL_PID=0.000 EL_FF=0.000
2026-04-20 13:37:01 [INFO] MONITOR az=350.325 el=30.150 AZ_ERR=0.000 EL_ERR=0.000 AZ_PID=0.000 EL_PID=0.000 EL_FF=0.000
2026-04-20 13:37:02 [INFO] MONITOR az=350.325 el=30.150 AZ_ERR=0.000 EL_ERR=0.000 AZ_PID=0.000 EL_PID=0.000 EL_FF=0.000
2026-04-20 13:37:03 [INFO] MONITOR az=350.325 el=30.150 AZ_ERR=0.000 EL_ERR=0.000 AZ_PID=0.000 EL_PID=0.000 EL_FF=0.000
2026-04-20 13:37:04 [INFO] MONITOR az=350.325 el=30.150 AZ_ERR=0.000 EL_ERR=0.000 AZ_PID=0.000 EL_PID=0.000 EL_FF=0.000
2026-04-20 13:37:05 [INFO] MONITOR az=350.325 el=30.150 AZ_ERR=0.000 EL_ERR=0.000 AZ_PID=0.000 EL_PID=0.000 EL_FF=0.000
2026-04-20 13:37:06 [INFO] MONITOR az=350.325 el=30.150 AZ_ERR=0.000 EL_ERR=0.000 AZ_PID=0.000 EL_PID=0.000 EL_FF=0.000
2026-04-20 13:37:07 [INFO] MONITOR az=350.325 el=30.150 AZ_ERR=0.000 EL_ERR=0.000 AZ_PID=0.000 EL_PID=0.000 EL_FF=0.000
2026-04-20 13:37:08 [INFO] MONITOR az=350.325 el=30.150 AZ_ERR=0.000 EL_ERR=0.000 AZ_PID=0.000 EL_PID=0.000 EL_FF=0.000
2026-04-20 13:37:09 [INFO] MONITOR az=350.325 el=30.150 AZ_ERR=0.000 EL_ERR=0.000 AZ_PID=0.000 EL_PID=0.000 EL_FF=0.000
2026-04-20 13:37:10 [INFO] MONITOR az=350.325 el=30.150 AZ_ERR=0.000 EL_ERR=0.000 AZ_PID=0.000 EL_PID=0.000 EL_FF=0.000
2026-04-20 13:37:11 [INFO] MONITOR az=350.325 el=30.150 AZ_ERR=0.000 EL_ERR=0.000 AZ_PID=0.000 EL_PID=0.000 EL_FF=0.000
2026-04-20 13:37:12 [INFO] MONITOR az=350.325 el=30.150 AZ_ERR=0.000 EL_ERR=0.000 AZ_PID=0.000 EL_PID=0.000 EL_FF=0.000
2026-04-20 13:37:13 [INFO] MONITOR az=350.325 el=30.150 AZ_ERR=0.000 EL_ERR=0.000 AZ_PID=0.000 EL_PID=0.000 EL_FF=0.000
2026-04-20 13:37:14 [INFO] MONITOR az=350.325 el=30.150 AZ_ERR=0.000 EL_ERR=0.000 AZ_PID=0.000 EL_PID=0.000 EL_FF=0.000
2026-04-20 13:37:15 [INFO] MONITOR az=350.325 el=30.150 AZ_ERR=0.000 EL_ERR=0.000 AZ_PID=0.000 EL_PID=0.000 EL_FF=0.000
2026-04-20 13:37:16 [INFO] MONITOR az=350.325 el=30.150 AZ_ERR=0.000 EL_ERR=0.000 AZ_PID=0.000 EL_PID=0.000 EL_FF=0.000
2026-04-20 13:37:17 [INFO] MONITOR az=350.325 el=30.150 AZ_ERR=0.000 EL_ERR=0.000 AZ_PID=0.000 EL_PID=0.000 EL_FF=0.000
2026-04-20 13:37:18 [INFO] MONITOR az=350.325 el=30.150 AZ_ERR=0.000 EL_ERR=0.000 AZ_PID=0.000 EL_PID=0.000 EL_FF=0.000
2026-04-20 13:37:19 [INFO] MONITOR az=350.325 el=30.150 AZ_ERR=0.000 EL_ERR=0.000 AZ_PID=0.000 EL_PID=0.000 EL_FF=0.000
2026-04-20 13:37:20 [INFO] MONITOR az=350.325 el=30.150 AZ_ERR=0.000 EL_ERR=0.000 AZ_PID=0.000 EL_PID=0.000 EL_FF=0.000
2026-04-20 13:37:21 [INFO] MONITOR az=350.325 el=30.150 AZ_ERR=0.000 EL_ERR=0.000 AZ_PID=0.000 EL_PID=0.000 EL_FF=0.000
2026-04-20 13:37:22 [INFO] MONITOR az=350.325 el=30.150 AZ_ERR=0.000 EL_ERR=0.000 AZ_PID=0.000 EL_PID=0.000 EL_FF=0.000
2026-04-20 13:37:23 [INFO] MONITOR az=350.325 el=30.150 AZ_ERR=0.000 EL_ERR=0.000 AZ_PID=0.000 EL_PID=0.000 EL_FF=0.000
2026-04-20 13:37:24 [INFO] MONITOR az=350.325 el=30.150 AZ_ERR=0.000 EL_ERR=0.000 AZ_PID=0.000 EL_PID=0.000 EL_FF=0.000
2026-04-20 13:37:25 [INFO] MONITOR az=350.325 el=30.150 AZ_ERR=0.000 EL_ERR=0.000 AZ_PID=0.000 EL_PID=0.000 EL_FF=0.000
2026-04-20 13:37:26 [INFO] MONITOR az=350.325 el=30.150 AZ_ERR=0.000 EL_ERR=0.000 AZ_PID=0.000 EL_PID=0.000 EL_FF=0.000
2026-04-20 13:37:27 [INFO] MONITOR az=350.325 el=30.150 AZ_ERR=0.000 EL_ERR=0.000 AZ_PID=0.000 EL_PID=0.000 EL_FF=0.000
2026-04-20 13:37:28 [INFO] MONITOR az=350.325 el=30.150 AZ_ERR=0.000 EL_ERR=0.000 AZ_PID=0.000 EL_PID=0.000 EL_FF=0.000
2026-04-20 13:37:29 [INFO] MONITOR az=350.325 el=30.150 AZ_ERR=0.000 EL_ERR=0.000 AZ_PID=0.000 EL_PID=0.000 EL_FF=0.000
2026-04-20 13:37:30 [INFO] MONITOR az=350.325 el=30.150 AZ_ERR=0.000 EL_ERR=0.000 AZ_PID=0.000 EL_PID=0.000 EL_FF=0.000
2026-04-20 13:37:31 [INFO] MONITOR az=350.325 el=30.150 AZ_ERR=0.000 EL_ERR=0.000 AZ_PID=0.000 EL_PID=0.000 EL_FF=0.000
2026-04-20 13:37:32 [INFO] MONITOR az=350.325 el=30.150 AZ_ERR=0.000 EL_ERR=0.000 AZ_PID=0.000 EL_PID=0.000 EL_FF=0.000
2026-04-20 13:37:33 [INFO] MONITOR az=350.325 el=30.150 AZ_ERR=0.000 EL_ERR=0.000 AZ_PID=0.000 EL_PID=0.000 EL_FF=0.000
2026-04-20 13:37:34 [INFO] MONITOR az=350.325 el=30.150 AZ_ERR=0.000 EL_ERR=0.000 AZ_PID=0.000 EL_PID=0.000 EL_FF=0.000
2026-04-20 13:37:35 [INFO] MONITOR az=350.325 el=30.150 AZ_ERR=0.000 EL_ERR=0.000 AZ_PID=0.000 EL_PID=0.000 EL_FF=0.000
2026-04-20 13:37:36 [INFO] MONITOR az=350.325 el=30.150 AZ_ERR=0.000 EL_ERR=0.000 AZ_PID=0.000 EL_PID=0.000 EL_FF=0.000
2026-04-20 13:37:37 [INFO] MONITOR az=350.325 el=30.150 AZ_ERR=0.000 EL_ERR=0.000 AZ_PID=0.000 EL_PID=0.000 EL_FF=0.000
2026-04-20 13:37:38 [INFO] MONITOR az=350.325 el=30.150 AZ_ERR=0.000 EL_ERR=0.000 AZ_PID=0.000 EL_PID=0.000 EL_FF=0.000
2026-04-20 13:37:39 [INFO] MONITOR az=350.325 el=30.150 AZ_ERR=0.000 EL_ERR=0.000 AZ_PID=0.000 EL_PID=0.000 EL_FF=0.000
2026-04-20 13:37:40 [INFO] MONITOR az=350.325 el=30.150 AZ_ERR=0.000 EL_ERR=0.000 AZ_PID=0.000 EL_PID=0.000 EL_FF=0.000
2026-04-20 13:37:41 [INFO] MONITOR az=350.325 el=30.150 AZ_ERR=0.000 EL_ERR=0.000 AZ_PID=0.000 EL_PID=0.000 EL_FF=0.000
2026-04-20 13:37:42 [INFO] MONITOR az=350.325 el=30.150 AZ_ERR=0.000 EL_ERR=0.000 AZ_PID=0.000 EL_PID=0.000 EL_FF=0.000
2026-04-20 13:37:43 [INFO] MONITOR az=350.325 el=30.150 AZ_ERR=0.000 EL_ERR=0.000 AZ_PID=0.000 EL_PID=0.000 EL_FF=0.000
2026-04-20 13:37:44 [INFO] MONITOR az=350.325 el=30.150 AZ_ERR=0.000 EL_ERR=0.000 AZ_PID=0.000 EL_PID=0.000 EL_FF=0.000
2026-04-20 13:37:45 [INFO] MONITOR az=350.325 el=30.150 AZ_ERR=0.000 EL_ERR=0.000 AZ_PID=0.000 EL_PID=0.000 EL_FF=0.000
2026-04-20 13:37:46 [INFO] MONITOR az=350.325 el=30.150 AZ_ERR=0.000 EL_ERR=0.000 AZ_PID=0.000 EL_PID=0.000 EL_FF=0.000
2026-04-20 13:37:47 [INFO] MONITOR az=350.325 el=30.150 AZ_ERR=0.000 EL_ERR=0.000 AZ_PID=0.000 EL_PID=0.000 EL_FF=0.000
2026-04-20 13:37:48 [INFO] MONITOR az=350.325 el=30.150 AZ_ERR=0.000 EL_ERR=0.000 AZ_PID=0.000 EL_PID=0.000 EL_FF=0.000
2026-04-20 13:37:49 [INFO] MONITOR az=350.325 el=30.150 AZ_ERR=0.000 EL_ERR=0.000 AZ_PID=0.000 EL_PID=0.000 EL_FF=0.000
2026-04-20 13:37:50 [INFO] MONITOR az=350.325 el=30.150 AZ_ERR=0.000 EL_ERR=0.000 AZ_PID=0.000 EL_PID=0.000 EL_FF=0.000
2026-04-20 13:37:51 [INFO] MONITOR az=350.325 el=30.150 AZ_ERR=0.000 EL_ERR=0.000 AZ_PID=0.000 EL_PID=0.000 EL_FF=0.000
2026-04-20 13:37:52 [INFO] MONITOR az=350.325 el=30.150 AZ_ERR=0.000 EL_ERR=0.000 AZ_PID=0.000 EL_PID=0.000 EL_FF=0.000
2026-04-20 13:37:53 [INFO] MONITOR az=350.325 el=30.150 AZ_ERR=0.000 EL_ERR=0.000 AZ_PID=0.000 EL_PID=0.000 EL_FF=0.000
2026-04-20 13:37:54 [INFO] MONITOR az=350.325 el=30.150 AZ_ERR=0.000 EL_ERR=0.000 AZ_PID=0.000 EL_PID=0.000 EL_FF=0.000
2026-04-20 13:37:55 [INFO] MONITOR az=350.325 el=30.150 AZ_ERR=0.000 EL_ERR=0.000 AZ_PID=0.000 EL_PID=0.000 EL_FF=0.000
2026-04-20 13:37:56 [INFO] MONITOR az=350.325 el=30.150 AZ_ERR=0.000 EL_ERR=0.000 AZ_PID=0.000 EL_PID=0.000 EL_FF=0.000
2026-04-20 13:37:57 [INFO] MONITOR az=350.325 el=30.150 AZ_ERR=0.000 EL_ERR=0.000 AZ_PID=0.000 EL_PID=0.000 EL_FF=0.000
2026-04-20 13:37:58 [INFO] MONITOR az=350.325 el=30.150 AZ_ERR=0.000 EL_ERR=0.000 AZ_PID=0.000 EL_PID=0.000 EL_FF=0.000
2026-04-20 13:37:59 [INFO] MONITOR az=350.325 el=30.150 AZ_ERR=0.000 EL_ERR=0.000 AZ_PID=0.000 EL_PID=0.000 EL_FF=0.000
2026-04-20 13:38:00 [INFO] MONITOR az=350.325 el=30.150 AZ_ERR=0.000 EL_ERR=0.000 AZ_PID=0.000 EL_PID=0.000 EL_FF=0.000
2026-04-20 13:38:01 [INFO] MONITOR az=350.325 el=30.150 AZ_ERR=0.000 EL_ERR=0.000 AZ_PID=0.000 EL_PID=0.000 EL_FF=0.000
2026-04-20 13:38:02 [INFO] MONITOR az=350.325 el=30.150 AZ_ERR=0.000 EL_ERR=0.000 AZ_PID=0.000 EL_PID=0.000 EL_FF=0.000
2026-04-20 13:38:03 [INFO] MONITOR az=350.325 el=30.150 AZ_ERR=0.000 EL_ERR=0.000 AZ_PID=0.000 EL_PID=0.000 EL_FF=0.000
2026-04-20 13:38:04 [INFO] MONITOR az=350.325 el=30.150 AZ_ERR=0.000 EL_ERR=0.000 AZ_PID=0.000 EL_PID=0.000 EL_FF=0.000
2026-04-20 13:38:05 [INFO] MONITOR az=350.325 el=30.150 AZ_ERR=0.000 EL_ERR=0.000 AZ_PID=0.000 EL_PID=0.000 EL_FF=0.000
2026-04-20 13:38:06 [INFO] MONITOR az=350.325 el=30.150 AZ_ERR=0.000 EL_ERR=0.000 AZ_PID=0.000 EL_PID=0.000 EL_FF=0.000
2026-04-20 13:38:07 [INFO] MONITOR az=350.325 el=30.150 AZ_ERR=0.000 EL_ERR=0.000 AZ_PID=0.000 EL_PID=0.000 EL_FF=0.000
2026-04-20 13:38:08 [INFO] MONITOR az=350.325 el=30.150 AZ_ERR=0.000 EL_ERR=0.000 AZ_PID=0.000 EL_PID=0.000 EL_FF=0.000
2026-04-20 13:38:09 [INFO] MONITOR az=350.325 el=30.150 AZ_ERR=0.000 EL_ERR=0.000 AZ_PID=0.000 EL_PID=0.000 EL_FF=0.000
2026-04-20 13:38:10 [INFO] MONITOR az=350.325 el=30.150 AZ_ERR=0.000 EL_ERR=0.000 AZ_PID=0.000 EL_PID=0.000 EL_FF=0.000
2026-04-20 13:38:11 [INFO] MONITOR az=350.325 el=30.150 AZ_ERR=0.000 EL_ERR=0.000 AZ_PID=0.000 EL_PID=0.000 EL_FF=0.000
2026-04-20 13:38:12 [INFO] MONITOR az=350.325 el=30.150 AZ_ERR=0.000 EL_ERR=0.000 AZ_PID=0.000 EL_PID=0.000 EL_FF=0.000
2026-04-20 13:38:13 [INFO] MONITOR az=350.325 el=30.150 AZ_ERR=0.000 EL_ERR=0.000 AZ_PID=0.000 EL_PID=0.000 EL_FF=0.000
2026-04-20 13:38:14 [INFO] MONITOR az=350.325 el=30.150 AZ_ERR=0.000 EL_ERR=0.000 AZ_PID=0.000 EL_PID=0.000 EL_FF=0.000
2026-04-20 13:38:15 [INFO] MONITOR az=350.325 el=30.150 AZ_ERR=0.000 EL_ERR=0.000 AZ_PID=0.000 EL_PID=0.000 EL_FF=0.000
2026-04-20 13:38:16 [INFO] MONITOR az=350.325 el=30.150 AZ_ERR=0.000 EL_ERR=0.000 AZ_PID=0.000 EL_PID=0.000 EL_FF=0.000
2026-04-20 13:38:17 [INFO] MONITOR az=350.325 el=30.150 AZ_ERR=0.000 EL_ERR=0.000 AZ_PID=0.000 EL_PID=0.000 EL_FF=0.000
2026-04-20 13:38:18 [INFO] MONITOR az=350.325 el=30.150 AZ_ERR=0.000 EL_ERR=0.000 AZ_PID=0.000 EL_PID=0.000 EL_FF=0.000
2026-04-20 13:38:19 [INFO] MONITOR az=350.325 el=30.150 AZ_ERR=0.000 EL_ERR=0.000 AZ_PID=0.000 EL_PID=0.000 EL_FF=0.000
2026-04-20 13:38:20 [INFO] MONITOR az=350.325 el=30.150 AZ_ERR=0.000 EL_ERR=0.000 AZ_PID=0.000 EL_PID=0.000 EL_FF=0.000
2026-04-20 13:38:21 [INFO] MONITOR az=350.325 el=30.150 AZ_ERR=0.000 EL_ERR=0.000 AZ_PID=0.000 EL_PID=0.000 EL_FF=0.000
2026-04-20 13:38:22 [INFO] MONITOR az=350.325 el=30.150 AZ_ERR=0.000 EL_ERR=0.000 AZ_PID=0.000 EL_PID=0.000 EL_FF=0.000
2026-04-20 13:38:23 [INFO] MONITOR az=350.325 el=30.150 AZ_ERR=0.000 EL_ERR=0.000 AZ_PID=0.000 EL_PID=0.000 EL_FF=0.000
2026-04-20 13:38:24 [INFO] MONITOR az=350.325 el=30.150 AZ_ERR=0.000 EL_ERR=0.000 AZ_PID=0.000 EL_PID=0.000 EL_FF=0.000
2026-04-20 13:38:25 [INFO] MONITOR az=350.325 el=30.150 AZ_ERR=0.000 EL_ERR=0.000 AZ_PID=0.000 EL_PID=0.000 EL_FF=0.000
2026-04-20 13:38:26 [INFO] MONITOR az=350.325 el=30.150 AZ_ERR=0.000 EL_ERR=0.000 AZ_PID=0.000 EL_PID=0.000 EL_FF=0.000
2026-04-20 13:38:27 [INFO] MONITOR az=350.325 el=30.150 AZ_ERR=0.000 EL_ERR=0.000 AZ_PID=0.000 EL_PID=0.000 EL_FF=0.000
2026-04-20 13:38:28 [INFO] MONITOR az=350.325 el=30.150 AZ_ERR=0.000 EL_ERR=0.000 AZ_PID=0.000 EL_PID=0.000 EL_FF=0.000
2026-04-20 13:38:29 [INFO] MONITOR az=350.325 el=30.150 AZ_ERR=0.000 EL_ERR=0.000 AZ_PID=0.000 EL_PID=0.000 EL_FF=0.000
2026-04-20 13:38:30 [INFO] MONITOR az=350.325 el=30.150 AZ_ERR=0.000 EL_ERR=0.000 AZ_PID=0.000 EL_PID=0.000 EL_FF=0.000
2026-04-20 13:38:31 [INFO] MONITOR az=350.325 el=30.150 AZ_ERR=0.000 EL_ERR=0.000 AZ_PID=0.000 EL_PID=0.000 EL_FF=0.000
2026-04-20 13:38:32 [INFO] MONITOR az=350.325 el=30.150 AZ_ERR=0.000 EL_ERR=0.000 AZ_PID=0.000 EL_PID=0.000 EL_FF=0.000
2026-04-20 13:38:33 [INFO] MONITOR az=350.325 el=30.150 AZ_ERR=0.000 EL_ERR=0.000 AZ_PID=0.000 EL_PID=0.000 EL_FF=0.000
2026-04-20 13:38:34 [INFO] MONITOR az=350.325 el=30.150 AZ_ERR=0.000 EL_ERR=0.000 AZ_PID=0.000 EL_PID=0.000 EL_FF=0.000
2026-04-20 13:38:35 [INFO] MONITOR az=350.325 el=30.150 AZ_ERR=0.000 EL_ERR=0.000 AZ_PID=0.000 EL_PID=0.000 EL_FF=0.000
2026-04-20 13:38:36 [INFO] MONITOR az=350.325 el=30.150 AZ_ERR=0.000 EL_ERR=0.000 AZ_PID=0.000 EL_PID=0.000 EL_FF=0.000
2026-04-20 13:38:37 [INFO] MONITOR az=350.325 el=30.150 AZ_ERR=0.000 EL_ERR=0.000 AZ_PID=0.000 EL_PID=0.000 EL_FF=0.000
2026-04-20 13:38:38 [INFO] MONITOR az=350.325 el=30.150 AZ_ERR=0.000 EL_ERR=0.000 AZ_PID=0.000 EL_PID=0.000 EL_FF=0.000
2026-04-20 13:38:39 [INFO] MONITOR az=350.325 el=30.150 AZ_ERR=0.000 EL_ERR=0.000 AZ_PID=0.000 EL_PID=0.000 EL_FF=0.000
2026-04-20 13:38:40 [INFO] MONITOR az=350.325 el=30.150 AZ_ERR=0.000 EL_ERR=0.000 AZ_PID=0.000 EL_PID=0.000 EL_FF=0.000
2026-04-20 13:38:41 [INFO] MONITOR az=350.325 el=30.150 AZ_ERR=0.000 EL_ERR=0.000 AZ_PID=0.000 EL_PID=0.000 EL_FF=0.000
2026-04-20 13:38:42 [INFO] MONITOR az=350.325 el=30.150 AZ_ERR=0.000 EL_ERR=0.000 AZ_PID=0.000 EL_PID=0.000 EL_FF=0.000
2026-04-20 13:38:43 [INFO] MONITOR az=350.325 el=30.150 AZ_ERR=0.000 EL_ERR=0.000 AZ_PID=0.000 EL_PID=0.000 EL_FF=0.000
2026-04-20 13:38:44 [INFO] MONITOR az=350.325 el=30.150 AZ_ERR=0.000 EL_ERR=0.000 AZ_PID=0.000 EL_PID=0.000 EL_FF=0.000
2026-04-20 13:38:45 [INFO] MONITOR az=350.325 el=30.150 AZ_ERR=0.000 EL_ERR=0.000 AZ_PID=0.000 EL_PID=0.000 EL_FF=0.000
2026-04-20 13:38:46 [INFO] MONITOR az=350.325 el=30.150 AZ_ERR=0.000 EL_ERR=0.000 AZ_PID=0.000 EL_PID=0.000 EL_FF=0.000
2026-04-20 13:38:47 [INFO] MONITOR az=350.325 el=30.150 AZ_ERR=0.000 EL_ERR=0.000 AZ_PID=0.000 EL_PID=0.000 EL_FF=0.000
2026-04-20 13:38:48 [INFO] MONITOR az=350.325 el=30.150 AZ_ERR=0.000 EL_ERR=0.000 AZ_PID=0.000 EL_PID=0.000 EL_FF=0.000
2026-04-20 13:38:49 [INFO] MONITOR az=350.325 el=30.150 AZ_ERR=0.000 EL_ERR=0.000 AZ_PID=0.000 EL_PID=0.000 EL_FF=0.000
2026-04-20 13:38:50 [INFO] MONITOR az=350.325 el=30.150 AZ_ERR=0.000 EL_ERR=0.000 AZ_PID=0.000 EL_PID=0.000 EL_FF=0.000
2026-04-20 13:38:51 [INFO] MONITOR az=350.325 el=30.150 AZ_ERR=0.000 EL_ERR=0.000 AZ_PID=0.000 EL_PID=0.000 EL_FF=0.000
2026-04-20 13:38:52 [INFO] MONITOR az=350.325 el=30.150 AZ_ERR=0.000 EL_ERR=0.000 AZ_PID=0.000 EL_PID=0.000 EL_FF=0.000
2026-04-20 13:38:53 [INFO] MONITOR az=350.325 el=30.150 AZ_ERR=0.000 EL_ERR=0.000 AZ_PID=0.000 EL_PID=0.000 EL_FF=0.000
2026-04-20 13:38:54 [INFO] MONITOR az=350.325 el=30.150 AZ_ERR=0.000 EL_ERR=0.000 AZ_PID=0.000 EL_PID=0.000 EL_FF=0.000
2026-04-20 13:38:55 [INFO] MONITOR az=350.325 el=30.150 AZ_ERR=0.000 EL_ERR=0.000 AZ_PID=0.000 EL_PID=0.000 EL_FF=0.000
2026-04-20 13:38:56 [INFO] MONITOR az=350.325 el=30.150 AZ_ERR=0.000 EL_ERR=0.000 AZ_PID=0.000 EL_PID=0.000 EL_FF=0.000
2026-04-20 13:38:57 [INFO] MONITOR az=350.325 el=30.150 AZ_ERR=0.000 EL_ERR=0.000 AZ_PID=0.000 EL_PID=0.000 EL_FF=0.000
2026-04-20 13:38:58 [INFO] MONITOR az=350.325 el=30.150 AZ_ERR=0.000 EL_ERR=0.000 AZ_PID=0.000 EL_PID=0.000 EL_FF=0.000
2026-04-20 13:38:59 [INFO] MONITOR az=350.325 el=30.150 AZ_ERR=0.000 EL_ERR=0.000 AZ_PID=0.000 EL_PID=0.000 EL_FF=0.000
2026-04-20 13:39:00 [INFO] MONITOR az=350.325 el=30.150 AZ_ERR=0.000 EL_ERR=0.000 AZ_PID=0.000 EL_PID=0.000 EL_FF=0.000
2026-04-20 13:39:01 [INFO] MONITOR az=350.325 el=30.150 AZ_ERR=0.000 EL_ERR=0.000 AZ_PID=0.000 EL_PID=0.000 EL_FF=0.000
2026-04-20 13:39:02 [INFO] MONITOR az=350.325 el=30.150 AZ_ERR=0.000 EL_ERR=0.000 AZ_PID=0.000 EL_PID=0.000 EL_FF=0.000
2026-04-20 13:39:03 [INFO] MONITOR az=350.325 el=30.150 AZ_ERR=0.000 EL_ERR=0.000 AZ_PID=0.000 EL_PID=0.000 EL_FF=0.000
2026-04-20 13:39:04 [INFO] MONITOR az=350.325 el=30.150 AZ_ERR=0.000 EL_ERR=0.000 AZ_PID=0.000 EL_PID=0.000 EL_FF=0.000
2026-04-20 13:39:05 [INFO] MONITOR az=350.325 el=30.150 AZ_ERR=0.000 EL_ERR=0.000 AZ_PID=0.000 EL_PID=0.000 EL_FF=0.000
2026-04-20 13:39:06 [INFO] MONITOR az=350.325 el=30.150 AZ_ERR=0.000 EL_ERR=0.000 AZ_PID=0.000 EL_PID=0.000 EL_FF=0.000
2026-04-20 13:39:07 [INFO] MONITOR az=350.325 el=30.150 AZ_ERR=0.000 EL_ERR=0.000 AZ_PID=0.000 EL_PID=0.000 EL_FF=0.000
2026-04-20 13:39:08 [INFO] MONITOR az=350.325 el=30.150 AZ_ERR=0.000 EL_ERR=0.000 AZ_PID=0.000 EL_PID=0.000 EL_FF=0.000
2026-04-20 13:39:09 [INFO] MONITOR az=350.325 el=30.150 AZ_ERR=0.000 EL_ERR=0.000 AZ_PID=0.000 EL_PID=0.000 EL_FF=0.000
2026-04-20 13:39:10 [INFO] MONITOR az=350.325 el=30.150 AZ_ERR=0.000 EL_ERR=0.000 AZ_PID=0.000 EL_PID=0.000 EL_FF=0.000
2026-04-20 13:39:11 [INFO] MONITOR az=350.325 el=30.150 AZ_ERR=0.000 EL_ERR=0.000 AZ_PID=0.000 EL_PID=0.000 EL_FF=0.000
2026-04-20 13:39:12 [INFO] MONITOR az=350.325 el=30.150 AZ_ERR=0.000 EL_ERR=0.000 AZ_PID=0.000 EL_PID=0.000 EL_FF=0.000
2026-04-20 13:39:13 [INFO] MONITOR az=350.325 el=30.150 AZ_ERR=0.000 EL_ERR=0.000 AZ_PID=0.000 EL_PID=0.000 EL_FF=0.000
2026-04-20 13:39:14 [INFO] MONITOR az=350.325 el=30.150 AZ_ERR=0.000 EL_ERR=0.000 AZ_PID=0.000 EL_PID=0.000 EL_FF=0.000
2026-04-20 13:39:15 [INFO] MONITOR az=350.325 el=30.150 AZ_ERR=0.000 EL_ERR=0.000 AZ_PID=0.000 EL_PID=0.000 EL_FF=0.000
2026-04-20 13:39:16 [INFO] MONITOR az=350.325 el=30.150 AZ_ERR=0.000 EL_ERR=0.000 AZ_PID=0.000 EL_PID=0.000 EL_FF=0.000
2026-04-20 13:39:17 [INFO] MONITOR az=350.325 el=30.150 AZ_ERR=0.000 EL_ERR=0.000 AZ_PID=0.000 EL_PID=0.000 EL_FF=0.000
2026-04-20 13:39:18 [INFO] MONITOR az=350.325 el=30.150 AZ_ERR=0.000 EL_ERR=0.000 AZ_PID=0.000 EL_PID=0.000 EL_FF=0.000
2026-04-20 13:39:19 [INFO] MONITOR az=350.325 el=30.150 AZ_ERR=0.000 EL_ERR=0.000 AZ_PID=0.000 EL_PID=0.000 EL_FF=0.000
2026-04-20 13:39:20 [INFO] MONITOR az=350.325 el=30.150 AZ_ERR=0.000 EL_ERR=0.000 AZ_PID=0.000 EL_PID=0.000 EL_FF=0.000
2026-04-20 13:39:21 [INFO] MONITOR az=350.325 el=30.150 AZ_ERR=0.000 EL_ERR=0.000 AZ_PID=0.000 EL_PID=0.000 EL_FF=0.000
2026-04-20 13:39:22 [INFO] MONITOR az=350.325 el=30.150 AZ_ERR=0.000 EL_ERR=0.000 AZ_PID=0.000 EL_PID=0.000 EL_FF=0.000
2026-04-20 13:39:23 [INFO] MONITOR az=350.325 el=30.150 AZ_ERR=0.000 EL_ERR=0.000 AZ_PID=0.000 EL_PID=0.000 EL_FF=0.000
2026-04-20 13:39:24 [INFO] MONITOR az=350.325 el=30.150 AZ_ERR=0.000 EL_ERR=0.000 AZ_PID=0.000 EL_PID=0.000 EL_FF=0.000
2026-04-20 13:39:25 [INFO] MONITOR az=350.325 el=30.150 AZ_ERR=0.000 EL_ERR=0.000 AZ_PID=0.000 EL_PID=0.000 EL_FF=0.000
2026-04-20 13:39:26 [INFO] MONITOR az=350.325 el=30.150 AZ_ERR=0.000 EL_ERR=0.000 AZ_PID=0.000 EL_PID=0.000 EL_FF=0.000
2026-04-20 13:39:27 [INFO] MONITOR az=350.325 el=30.150 AZ_ERR=0.000 EL_ERR=0.000 AZ_PID=0.000 EL_PID=0.000 EL_FF=0.000
2026-04-20 13:39:28 [INFO] MONITOR az=350.325 el=30.150 AZ_ERR=0.000 EL_ERR=0.000 AZ_PID=0.000 EL_PID=0.000 EL_FF=0.000
2026-04-20 13:39:29 [INFO] MONITOR az=350.325 el=30.150 AZ_ERR=0.000 EL_ERR=0.000 AZ_PID=0.000 EL_PID=0.000 EL_FF=0.000
2026-04-20 13:39:30 [INFO] MONITOR az=350.325 el=30.150 AZ_ERR=0.000 EL_ERR=0.000 AZ_PID=0.000 EL_PID=0.000 EL_FF=0.000
2026-04-20 13:39:31 [INFO] MONITOR az=350.325 el=30.150 AZ_ERR=0.000 EL_ERR=0.000 AZ_PID=0.000 EL_PID=0.000 EL_FF=0.000
2026-04-20 13:39:32 [INFO] MONITOR az=350.325 el=30.150 AZ_ERR=0.000 EL_ERR=0.000 AZ_PID=0.000 EL_PID=0.000 EL_FF=0.000
2026-04-20 13:39:33 [INFO] MONITOR az=350.325 el=30.150 AZ_ERR=0.000 EL_ERR=0.000 AZ_PID=0.000 EL_PID=0.000 EL_FF=0.000
2026-04-20 13:39:34 [INFO] MONITOR az=350.325 el=30.150 AZ_ERR=0.000 EL_ERR=0.000 AZ_PID=0.000 EL_PID=0.000 EL_FF=0.000
2026-04-20 13:39:35 [INFO] MONITOR az=350.325 el=30.150 AZ_ERR=0.000 EL_ERR=0.000 AZ_PID=0.000 EL_PID=0.000 EL_FF=0.000
2026-04-20 13:39:36 [INFO] MONITOR az=350.325 el=30.150 AZ_ERR=0.000 EL_ERR=0.000 AZ_PID=0.000 EL_PID=0.000 EL_FF=0.000
2026-04-20 13:39:37 [INFO] MONITOR az=350.325 el=30.150 AZ_ERR=0.000 EL_ERR=0.000 AZ_PID=0.000 EL_PID=0.000 EL_FF=0.000
2026-04-20 13:39:38 [INFO] MONITOR az=350.325 el=30.150 AZ_ERR=0.000 EL_ERR=0.000 AZ_PID=0.000 EL_PID=0.000 EL_FF=0.000
2026-04-20 13:39:39 [INFO] MONITOR az=350.325 el=30.150 AZ_ERR=0.000 EL_ERR=0.000 AZ_PID=0.000 EL_PID=0.000 EL_FF=0.000
2026-04-20 13:39:40 [INFO] MONITOR az=350.325 el=30.150 AZ_ERR=0.000 EL_ERR=0.000 AZ_PID=0.000 EL_PID=0.000 EL_FF=0.000
2026-04-20 13:39:41 [INFO] MONITOR az=350.325 el=30.150 AZ_ERR=0.000 EL_ERR=0.000 AZ_PID=0.000 EL_PID=0.000 EL_FF=0.000
2026-04-20 13:39:42 [INFO] MONITOR az=350.325 el=30.150 AZ_ERR=0.000 EL_ERR=0.000 AZ_PID=0.000 EL_PID=0.000 EL_FF=0.000
2026-04-20 13:39:43 [INFO] MONITOR az=350.325 el=30.150 AZ_ERR=0.000 EL_ERR=0.000 AZ_PID=0.000 EL_PID=0.000 EL_FF=0.000
2026-04-20 13:39:44 [INFO] MONITOR az=350.325 el=30.150 AZ_ERR=0.000 EL_ERR=0.000 AZ_PID=0.000 EL_PID=0.000 EL_FF=0.000
2026-04-20 13:39:45 [INFO] MONITOR az=350.325 el=30.150 AZ_ERR=0.000 EL_ERR=0.000 AZ_PID=0.000 EL_PID=0.000 EL_FF=0.000
2026-04-20 13:39:46 [INFO] MONITOR az=350.325 el=30.150 AZ_ERR=0.000 EL_ERR=0.000 AZ_PID=0.000 EL_PID=0.000 EL_FF=0.000
2026-04-20 13:39:47 [INFO] MONITOR az=350.325 el=30.150 AZ_ERR=0.000 EL_ERR=0.000 AZ_PID=0.000 EL_PID=0.000 EL_FF=0.000
2026-04-20 13:39:48 [INFO] MONITOR az=350.325 el=30.150 AZ_ERR=0.000 EL_ERR=0.000 AZ_PID=0.000 EL_PID=0.000 EL_FF=0.000
2026-04-20 13:39:49 [INFO] MONITOR az=350.325 el=30.150 AZ_ERR=0.000 EL_ERR=0.000 AZ_PID=0.000 EL_PID=0.000 EL_FF=0.000
2026-04-20 13:39:50 [INFO] MONITOR az=350.325 el=30.150 AZ_ERR=0.000 EL_ERR=0.000 AZ_PID=0.000 EL_PID=0.000 EL_FF=0.000
2026-04-20 13:39:51 [INFO] MONITOR az=350.325 el=30.150 AZ_ERR=0.000 EL_ERR=0.000 AZ_PID=0.000 EL_PID=0.000 EL_FF=0.000
2026-04-20 13:39:52 [INFO] MONITOR az=350.325 el=30.150 AZ_ERR=0.000 EL_ERR=0.000 AZ_PID=0.000 EL_PID=0.000 EL_FF=0.000
2026-04-20 13:39:53 [INFO] MONITOR az=350.325 el=30.150 AZ_ERR=0.000 EL_ERR=0.000 AZ_PID=0.000 EL_PID=0.000 EL_FF=0.000
2026-04-20 13:39:54 [INFO] MONITOR az=350.325 el=30.150 AZ_ERR=0.000 EL_ERR=0.000 AZ_PID=0.000 EL_PID=0.000 EL_FF=0.000
2026-04-20 13:39:55 [INFO] MONITOR az=350.325 el=30.150 AZ_ERR=0.000 EL_ERR=0.000 AZ_PID=0.000 EL_PID=0.000 EL_FF=0.000
2026-04-20 13:39:56 [INFO] MONITOR az=350.325 el=30.150 AZ_ERR=0.000 EL_ERR=0.000 AZ_PID=0.000 EL_PID=0.000 EL_FF=0.000
2026-04-20 13:39:57 [INFO] MONITOR az=350.325 el=30.150 AZ_ERR=0.000 EL_ERR=0.000 AZ_PID=0.000 EL_PID=0.000 EL_FF=0.000
2026-04-20 13:39:58 [INFO] MONITOR az=350.325 el=30.150 AZ_ERR=0.000 EL_ERR=0.000 AZ_PID=0.000 EL_PID=0.000 EL_FF=0.000
2026-04-20 13:39:59 [INFO] MONITOR az=350.325 el=30.150 AZ_ERR=0.000 EL_ERR=0.000 AZ_PID=0.000 EL_PID=0.000 EL_FF=0.000
2026-04-20 13:40:00 [INFO] MONITOR az=350.325 el=30.150 AZ_ERR=0.000 EL_ERR=0.000 AZ_PID=0.000 EL_PID=0.000 EL_FF=0.000
2026-04-20 13:40:01 [INFO] MONITOR az=350.325 el=30.150 AZ_ERR=0.000 EL_ERR=0.000 AZ_PID=0.000 EL_PID=0.000 EL_FF=0.000
2026-04-20 13:40:02 [INFO] MONITOR az=350.325 el=30.150 AZ_ERR=0.000 EL_ERR=0.000 AZ_PID=0.000 EL_PID=0.000 EL_FF=0.000
2026-04-20 13:40:03 [INFO] MONITOR az=350.325 el=30.150 AZ_ERR=0.000 EL_ERR=0.000 AZ_PID=0.000 EL_PID=0.000 EL_FF=0.000
2026-04-20 13:40:04 [INFO] MONITOR az=350.325 el=30.150 AZ_ERR=0.000 EL_ERR=0.000 AZ_PID=0.000 EL_PID=0.000 EL_FF=0.000
2026-04-20 13:40:05 [INFO] MONITOR az=350.325 el=30.150 AZ_ERR=0.000 EL_ERR=0.000 AZ_PID=0.000 EL_PID=0.000 EL_FF=0.000
2026-04-20 13:40:06 [INFO] MONITOR az=350.325 el=30.150 AZ_ERR=0.000 EL_ERR=0.000 AZ_PID=0.000 EL_PID=0.000 EL_FF=0.000
2026-04-20 13:40:07 [INFO] MONITOR az=350.325 el=30.150 AZ_ERR=0.000 EL_ERR=0.000 AZ_PID=0.000 EL_PID=0.000 EL_FF=0.000
2026-04-20 13:40:08 [INFO] MONITOR az=350.325 el=30.150 AZ_ERR=0.000 EL_ERR=0.000 AZ_PID=0.000 EL_PID=0.000 EL_FF=0.000
2026-04-20 13:40:09 [INFO] MONITOR az=350.325 el=30.150 AZ_ERR=0.000 EL_ERR=0.000 AZ_PID=0.000 EL_PID=0.000 EL_FF=0.000
2026-04-20 13:40:10 [INFO] MONITOR az=350.325 el=30.150 AZ_ERR=0.000 EL_ERR=0.000 AZ_PID=0.000 EL_PID=0.000 EL_FF=0.000
2026-04-20 13:40:11 [INFO] MONITOR az=350.325 el=30.150 AZ_ERR=0.000 EL_ERR=0.000 AZ_PID=0.000 EL_PID=0.000 EL_FF=0.000
2026-04-20 13:40:12 [INFO] MONITOR az=350.325 el=30.150 AZ_ERR=0.000 EL_ERR=0.000 AZ_PID=0.000 EL_PID=0.000 EL_FF=0.000
2026-04-20 13:40:13 [INFO] MONITOR az=350.325 el=30.150 AZ_ERR=0.000 EL_ERR=0.000 AZ_PID=0.000 EL_PID=0.000 EL_FF=0.000
2026-04-20 13:40:14 [INFO] MONITOR az=350.325 el=30.150 AZ_ERR=0.000 EL_ERR=0.000 AZ_PID=0.000 EL_PID=0.000 EL_FF=0.000
2026-04-20 13:40:15 [INFO] MONITOR az=350.325 el=30.150 AZ_ERR=0.000 EL_ERR=0.000 AZ_PID=0.000 EL_PID=0.000 EL_FF=0.000
2026-04-20 13:40:16 [INFO] MONITOR az=350.325 el=30.150 AZ_ERR=0.000 EL_ERR=0.000 AZ_PID=0.000 EL_PID=0.000 EL_FF=0.000
2026-04-20 13:40:17 [INFO] MONITOR az=350.325 el=30.150 AZ_ERR=0.000 EL_ERR=0.000 AZ_PID=0.000 EL_PID=0.000 EL_FF=0.000
2026-04-20 13:40:18 [INFO] MONITOR az=350.325 el=30.150 AZ_ERR=0.000 EL_ERR=0.000 AZ_PID=0.000 EL_PID=0.000 EL_FF=0.000
2026-04-20 13:40:19 [INFO] MONITOR az=350.325 el=30.150 AZ_ERR=0.000 EL_ERR=0.000 AZ_PID=0.000 EL_PID=0.000 EL_FF=0.000
2026-04-20 13:40:20 [INFO] MONITOR az=350.325 el=30.150 AZ_ERR=0.000 EL_ERR=0.000 AZ_PID=0.000 EL_PID=0.000 EL_FF=0.000
2026-04-20 13:40:21 [INFO] MONITOR az=350.325 el=30.150 AZ_ERR=0.000 EL_ERR=0.000 AZ_PID=0.000 EL_PID=0.000 EL_FF=0.000
2026-04-20 13:40:22 [INFO] MONITOR az=350.325 el=30.150 AZ_ERR=0.000 EL_ERR=0.000 AZ_PID=0.000 EL_PID=0.000 EL_FF=0.000
2026-04-20 13:40:23 [INFO] MONITOR az=350.325 el=30.150 AZ_ERR=0.000 EL_ERR=0.000 AZ_PID=0.000 EL_PID=0.000 EL_FF=0.000
2026-04-20 13:40:25 [INFO] MONITOR az=350.325 el=30.150 AZ_ERR=0.000 EL_ERR=0.000 AZ_PID=0.000 EL_PID=0.000 EL_FF=0.000
2026-04-20 13:40:26 [INFO] MONITOR az=350.325 el=30.150 AZ_ERR=0.000 EL_ERR=0.000 AZ_PID=0.000 EL_PID=0.000 EL_FF=0.000
2026-04-20 13:40:27 [INFO] MONITOR az=350.325 el=30.150 AZ_ERR=0.000 EL_ERR=0.000 AZ_PID=0.000 EL_PID=0.000 EL_FF=0.000
2026-04-20 13:40:28 [INFO] MONITOR az=350.325 el=30.150 AZ_ERR=0.000 EL_ERR=0.000 AZ_PID=0.000 EL_PID=0.000 EL_FF=0.000
2026-04-20 13:40:29 [INFO] MONITOR az=350.325 el=30.150 AZ_ERR=0.000 EL_ERR=0.000 AZ_PID=0.000 EL_PID=0.000 EL_FF=0.000
2026-04-20 13:40:30 [INFO] MONITOR az=350.325 el=30.150 AZ_ERR=0.000 EL_ERR=0.000 AZ_PID=0.000 EL_PID=0.000 EL_FF=0.000
2026-04-20 13:40:31 [INFO] MONITOR az=350.325 el=30.150 AZ_ERR=0.000 EL_ERR=0.000 AZ_PID=0.000 EL_PID=0.000 EL_FF=0.000
2026-04-20 13:40:32 [INFO] MONITOR az=350.325 el=30.150 AZ_ERR=0.000 EL_ERR=0.000 AZ_PID=0.000 EL_PID=0.000 EL_FF=0.000
2026-04-20 13:40:33 [INFO] MONITOR az=350.325 el=30.150 AZ_ERR=0.000 EL_ERR=0.000 AZ_PID=0.000 EL_PID=0.000 EL_FF=0.000
2026-04-20 13:40:34 [INFO] MONITOR az=350.325 el=30.150 AZ_ERR=0.000 EL_ERR=0.000 AZ_PID=0.000 EL_PID=0.000 EL_FF=0.000
2026-04-20 13:40:35 [INFO] MONITOR az=350.325 el=30.150 AZ_ERR=0.000 EL_ERR=0.000 AZ_PID=0.000 EL_PID=0.000 EL_FF=0.000
2026-04-20 13:40:36 [INFO] MONITOR az=350.325 el=30.150 AZ_ERR=0.000 EL_ERR=0.000 AZ_PID=0.000 EL_PID=0.000 EL_FF=0.000
2026-04-20 13:40:37 [INFO] MONITOR az=350.325 el=30.150 AZ_ERR=0.000 EL_ERR=0.000 AZ_PID=0.000 EL_PID=0.000 EL_FF=0.000
2026-04-20 13:40:38 [INFO] MONITOR az=350.325 el=30.150 AZ_ERR=0.000 EL_ERR=0.000 AZ_PID=0.000 EL_PID=0.000 EL_FF=0.000
2026-04-20 13:40:39 [INFO] MONITOR az=350.325 el=30.150 AZ_ERR=0.000 EL_ERR=0.000 AZ_PID=0.000 EL_PID=0.000 EL_FF=0.000
2026-04-20 13:40:40 [INFO] MONITOR az=350.325 el=30.150 AZ_ERR=0.000 EL_ERR=0.000 AZ_PID=0.000 EL_PID=0.000 EL_FF=0.000
2026-04-20 13:40:41 [INFO] MONITOR az=350.325 el=30.150 AZ_ERR=0.000 EL_ERR=0.000 AZ_PID=0.000 EL_PID=0.000 EL_FF=0.000
2026-04-20 13:40:42 [INFO] MONITOR az=350.325 el=30.150 AZ_ERR=0.000 EL_ERR=0.000 AZ_PID=0.000 EL_PID=0.000 EL_FF=0.000
2026-04-20 13:40:43 [INFO] MONITOR az=350.325 el=30.150 AZ_ERR=0.000 EL_ERR=0.000 AZ_PID=0.000 EL_PID=0.000 EL_FF=0.000
2026-04-20 13:40:44 [INFO] MONITOR az=350.325 el=30.150 AZ_ERR=0.000 EL_ERR=0.000 AZ_PID=0.000 EL_PID=0.000 EL_FF=0.000
2026-04-20 13:40:45 [INFO] MONITOR az=350.325 el=30.150 AZ_ERR=0.000 EL_ERR=0.000 AZ_PID=0.000 EL_PID=0.000 EL_FF=0.000
2026-04-20 13:40:46 [INFO] MONITOR az=350.325 el=30.150 AZ_ERR=0.000 EL_ERR=0.000 AZ_PID=0.000 EL_PID=0.000 EL_FF=0.000
2026-04-20 13:40:47 [INFO] MONITOR az=350.325 el=30.150 AZ_ERR=0.000 EL_ERR=0.000 AZ_PID=0.000 EL_PID=0.000 EL_FF=0.000
2026-04-20 13:40:48 [INFO] MONITOR az=350.325 el=30.150 AZ_ERR=0.000 EL_ERR=0.000 AZ_PID=0.000 EL_PID=0.000 EL_FF=0.000
2026-04-20 13:40:49 [INFO] MONITOR az=350.325 el=30.150 AZ_ERR=0.000 EL_ERR=0.000 AZ_PID=0.000 EL_PID=0.000 EL_FF=0.000
2026-04-20 13:40:50 [INFO] MONITOR az=350.325 el=30.150 AZ_ERR=0.000 EL_ERR=0.000 AZ_PID=0.000 EL_PID=0.000 EL_FF=0.000
2026-04-20 13:40:51 [INFO] MONITOR az=350.325 el=30.150 AZ_ERR=0.000 EL_ERR=0.000 AZ_PID=0.000 EL_PID=0.000 EL_FF=0.000
2026-04-20 13:40:52 [INFO] MONITOR az=350.325 el=30.150 AZ_ERR=0.000 EL_ERR=0.000 AZ_PID=0.000 EL_PID=0.000 EL_FF=0.000
2026-04-20 13:40:53 [INFO] MONITOR az=350.325 el=30.150 AZ_ERR=0.000 EL_ERR=0.000 AZ_PID=0.000 EL_PID=0.000 EL_FF=0.000
2026-04-20 13:40:54 [INFO] MONITOR az=350.325 el=30.150 AZ_ERR=0.000 EL_ERR=0.000 AZ_PID=0.000 EL_PID=0.000 EL_FF=0.000
2026-04-20 13:40:55 [INFO] MONITOR az=350.325 el=30.150 AZ_ERR=0.000 EL_ERR=0.000 AZ_PID=0.000 EL_PID=0.000 EL_FF=0.000
2026-04-20 13:40:56 [INFO] MONITOR az=350.325 el=30.150 AZ_ERR=0.000 EL_ERR=0.000 AZ_PID=0.000 EL_PID=0.000 EL_FF=0.000
2026-04-20 13:40:57 [INFO] MONITOR az=350.325 el=30.150 AZ_ERR=0.000 EL_ERR=0.000 AZ_PID=0.000 EL_PID=0.000 EL_FF=0.000
2026-04-20 13:40:58 [INFO] MONITOR az=350.325 el=30.150 AZ_ERR=0.000 EL_ERR=0.000 AZ_PID=0.000 EL_PID=0.000 EL_FF=0.000
2026-04-20 13:40:59 [INFO] MONITOR az=350.325 el=30.150 AZ_ERR=0.000 EL_ERR=0.000 AZ_PID=0.000 EL_PID=0.000 EL_FF=0.000
2026-04-20 13:41:00 [INFO] MONITOR az=350.325 el=30.150 AZ_ERR=0.000 EL_ERR=0.000 AZ_PID=0.000 EL_PID=0.000 EL_FF=0.000
2026-04-20 13:41:01 [INFO] MONITOR az=350.325 el=30.150 AZ_ERR=0.000 EL_ERR=0.000 AZ_PID=0.000 EL_PID=0.000 EL_FF=0.000
2026-04-20 13:41:02 [INFO] MONITOR az=350.325 el=30.150 AZ_ERR=0.000 EL_ERR=0.000 AZ_PID=0.000 EL_PID=0.000 EL_FF=0.000
2026-04-20 13:41:03 [INFO] MONITOR az=350.325 el=30.150 AZ_ERR=0.000 EL_ERR=0.000 AZ_PID=0.000 EL_PID=0.000 EL_FF=0.000
2026-04-20 13:41:04 [INFO] MONITOR az=350.325 el=30.150 AZ_ERR=0.000 EL_ERR=0.000 AZ_PID=0.000 EL_PID=0.000 EL_FF=0.000
2026-04-20 13:41:05 [INFO] MONITOR az=350.325 el=30.150 AZ_ERR=0.000 EL_ERR=0.000 AZ_PID=0.000 EL_PID=0.000 EL_FF=0.000
2026-04-20 13:41:06 [INFO] MONITOR az=350.325 el=30.150 AZ_ERR=0.000 EL_ERR=0.000 AZ_PID=0.000 EL_PID=0.000 EL_FF=0.000
2026-04-20 13:41:07 [INFO] MONITOR az=350.325 el=30.150 AZ_ERR=0.000 EL_ERR=0.000 AZ_PID=0.000 EL_PID=0.000 EL_FF=0.000
2026-04-20 13:41:08 [INFO] MONITOR az=350.325 el=30.150 AZ_ERR=0.000 EL_ERR=0.000 AZ_PID=0.000 EL_PID=0.000 EL_FF=0.000
2026-04-20 13:41:09 [INFO] MONITOR az=350.325 el=30.150 AZ_ERR=0.000 EL_ERR=0.000 AZ_PID=0.000 EL_PID=0.000 EL_FF=0.000
2026-04-20 13:41:10 [INFO] MONITOR az=350.325 el=30.150 AZ_ERR=0.000 EL_ERR=0.000 AZ_PID=0.000 EL_PID=0.000 EL_FF=0.000
2026-04-20 13:41:11 [INFO] MONITOR az=350.325 el=30.150 AZ_ERR=0.000 EL_ERR=0.000 AZ_PID=0.000 EL_PID=0.000 EL_FF=0.000
2026-04-20 13:41:12 [INFO] MONITOR az=350.325 el=30.150 AZ_ERR=0.000 EL_ERR=0.000 AZ_PID=0.000 EL_PID=0.000 EL_FF=0.000
2026-04-20 13:41:13 [INFO] MONITOR az=350.325 el=30.150 AZ_ERR=0.000 EL_ERR=0.000 AZ_PID=0.000 EL_PID=0.000 EL_FF=0.000
2026-04-20 13:41:14 [INFO] MONITOR az=350.325 el=30.150 AZ_ERR=0.000 EL_ERR=0.000 AZ_PID=0.000 EL_PID=0.000 EL_FF=0.000
2026-04-20 13:41:15 [INFO] MONITOR az=350.325 el=30.150 AZ_ERR=0.000 EL_ERR=0.000 AZ_PID=0.000 EL_PID=0.000 EL_FF=0.000
2026-04-20 13:41:16 [INFO] MONITOR az=350.325 el=30.150 AZ_ERR=0.000 EL_ERR=0.000 AZ_PID=0.000 EL_PID=0.000 EL_FF=0.000
2026-04-20 13:41:17 [INFO] MONITOR az=350.325 el=30.150 AZ_ERR=0.000 EL_ERR=0.000 AZ_PID=0.000 EL_PID=0.000 EL_FF=0.000
2026-04-20 13:41:18 [INFO] MONITOR az=350.325 el=30.150 AZ_ERR=0.000 EL_ERR=0.000 AZ_PID=0.000 EL_PID=0.000 EL_FF=0.000
2026-04-20 13:41:19 [INFO] MONITOR az=350.325 el=30.150 AZ_ERR=0.000 EL_ERR=0.000 AZ_PID=0.000 EL_PID=0.000 EL_FF=0.000
2026-04-20 13:41:20 [INFO] MONITOR az=350.325 el=30.150 AZ_ERR=0.000 EL_ERR=0.000 AZ_PID=0.000 EL_PID=0.000 EL_FF=0.000
2026-04-20 13:41:21 [INFO] MONITOR az=350.325 el=30.150 AZ_ERR=0.000 EL_ERR=0.000 AZ_PID=0.000 EL_PID=0.000 EL_FF=0.000
2026-04-20 13:41:22 [INFO] MONITOR az=350.325 el=30.150 AZ_ERR=0.000 EL_ERR=0.000 AZ_PID=0.000 EL_PID=0.000 EL_FF=0.000
2026-04-20 13:41:23 [INFO] MONITOR az=350.325 el=30.150 AZ_ERR=0.000 EL_ERR=0.000 AZ_PID=0.000 EL_PID=0.000 EL_FF=0.000
2026-04-20 13:41:24 [INFO] MONITOR az=350.325 el=30.150 AZ_ERR=0.000 EL_ERR=0.000 AZ_PID=0.000 EL_PID=0.000 EL_FF=0.000
2026-04-20 13:41:25 [INFO] MONITOR az=350.325 el=30.150 AZ_ERR=0.000 EL_ERR=0.000 AZ_PID=0.000 EL_PID=0.000 EL_FF=0.000
2026-04-20 13:41:26 [INFO] MONITOR az=350.325 el=30.150 AZ_ERR=0.000 EL_ERR=0.000 AZ_PID=0.000 EL_PID=0.000 EL_FF=0.000
2026-04-20 13:41:27 [INFO] MONITOR az=350.325 el=30.150 AZ_ERR=0.000 EL_ERR=0.000 AZ_PID=0.000 EL_PID=0.000 EL_FF=0.000
2026-04-20 13:41:28 [INFO] MONITOR az=350.325 el=30.150 AZ_ERR=0.000 EL_ERR=0.000 AZ_PID=0.000 EL_PID=0.000 EL_FF=0.000
2026-04-20 13:41:29 [INFO] MONITOR az=350.325 el=30.150 AZ_ERR=0.000 EL_ERR=0.000 AZ_PID=0.000 EL_PID=0.000 EL_FF=0.000
2026-04-20 13:41:30 [INFO] MONITOR az=350.325 el=30.150 AZ_ERR=0.000 EL_ERR=0.000 AZ_PID=0.000 EL_PID=0.000 EL_FF=0.000
2026-04-20 13:41:31 [INFO] MONITOR az=350.325 el=30.150 AZ_ERR=0.000 EL_ERR=0.000 AZ_PID=0.000 EL_PID=0.000 EL_FF=0.000
2026-04-20 13:41:32 [INFO] MONITOR az=350.325 el=30.150 AZ_ERR=0.000 EL_ERR=0.000 AZ_PID=0.000 EL_PID=0.000 EL_FF=0.000
2026-04-20 13:41:33 [INFO] MONITOR az=350.325 el=30.150 AZ_ERR=0.000 EL_ERR=0.000 AZ_PID=0.000 EL_PID=0.000 EL_FF=0.000
2026-04-20 13:41:34 [INFO] MONITOR az=350.325 el=30.150 AZ_ERR=0.000 EL_ERR=0.000 AZ_PID=0.000 EL_PID=0.000 EL_FF=0.000
2026-04-20 13:41:35 [INFO] MONITOR az=350.325 el=30.150 AZ_ERR=0.000 EL_ERR=0.000 AZ_PID=0.000 EL_PID=0.000 EL_FF=0.000
2026-04-20 13:41:36 [INFO] MONITOR az=350.325 el=30.150 AZ_ERR=0.000 EL_ERR=0.000 AZ_PID=0.000 EL_PID=0.000 EL_FF=0.000
2026-04-20 13:41:37 [INFO] MONITOR az=350.325 el=30.150 AZ_ERR=0.000 EL_ERR=0.000 AZ_PID=0.000 EL_PID=0.000 EL_FF=0.000
2026-04-20 13:41:38 [INFO] MONITOR az=350.325 el=30.150 AZ_ERR=0.000 EL_ERR=0.000 AZ_PID=0.000 EL_PID=0.000 EL_FF=0.000
2026-04-20 13:41:39 [INFO] MONITOR az=350.325 el=30.150 AZ_ERR=0.000 EL_ERR=0.000 AZ_PID=0.000 EL_PID=0.000 EL_FF=0.000
2026-04-20 13:41:40 [INFO] MONITOR az=350.325 el=30.150 AZ_ERR=0.000 EL_ERR=0.000 AZ_PID=0.000 EL_PID=0.000 EL_FF=0.000
2026-04-20 13:41:41 [INFO] MONITOR az=350.325 el=30.150 AZ_ERR=0.000 EL_ERR=0.000 AZ_PID=0.000 EL_PID=0.000 EL_FF=0.000
2026-04-20 13:41:42 [INFO] MONITOR az=350.325 el=30.150 AZ_ERR=0.000 EL_ERR=0.000 AZ_PID=0.000 EL_PID=0.000 EL_FF=0.000
2026-04-20 13:41:43 [INFO] MONITOR az=350.325 el=30.150 AZ_ERR=0.000 EL_ERR=0.000 AZ_PID=0.000 EL_PID=0.000 EL_FF=0.000
2026-04-20 13:41:44 [INFO] MONITOR az=350.325 el=30.150 AZ_ERR=0.000 EL_ERR=0.000 AZ_PID=0.000 EL_PID=0.000 EL_FF=0.000
2026-04-20 13:41:45 [INFO] MONITOR az=350.325 el=30.150 AZ_ERR=0.000 EL_ERR=0.000 AZ_PID=0.000 EL_PID=0.000 EL_FF=0.000
2026-04-20 13:41:46 [INFO] MONITOR az=350.325 el=30.150 AZ_ERR=0.000 EL_ERR=0.000 AZ_PID=0.000 EL_PID=0.000 EL_FF=0.000
2026-04-20 13:41:47 [INFO] MONITOR az=350.325 el=30.150 AZ_ERR=0.000 EL_ERR=0.000 AZ_PID=0.000 EL_PID=0.000 EL_FF=0.000
2026-04-20 13:41:48 [INFO] MONITOR az=350.325 el=30.150 AZ_ERR=0.000 EL_ERR=0.000 AZ_PID=0.000 EL_PID=0.000 EL_FF=0.000
2026-04-20 13:41:49 [INFO] MONITOR az=350.325 el=30.150 AZ_ERR=0.000 EL_ERR=0.000 AZ_PID=0.000 EL_PID=0.000 EL_FF=0.000
2026-04-20 13:41:50 [INFO] MONITOR az=350.325 el=30.150 AZ_ERR=0.000 EL_ERR=0.000 AZ_PID=0.000 EL_PID=0.000 EL_FF=0.000
2026-04-20 13:41:51 [INFO] MONITOR az=350.325 el=30.150 AZ_ERR=0.000 EL_ERR=0.000 AZ_PID=0.000 EL_PID=0.000 EL_FF=0.000
2026-04-20 13:41:52 [INFO] MONITOR az=350.325 el=30.150 AZ_ERR=0.000 EL_ERR=0.000 AZ_PID=0.000 EL_PID=0.000 EL_FF=0.000
2026-04-20 13:41:53 [INFO] MONITOR az=350.325 el=30.150 AZ_ERR=0.000 EL_ERR=0.000 AZ_PID=0.000 EL_PID=0.000 EL_FF=0.000
2026-04-20 13:41:54 [INFO] MONITOR az=350.325 el=30.150 AZ_ERR=0.000 EL_ERR=0.000 AZ_PID=0.000 EL_PID=0.000 EL_FF=0.000
2026-04-20 13:41:55 [INFO] MONITOR az=350.325 el=30.150 AZ_ERR=0.000 EL_ERR=0.000 AZ_PID=0.000 EL_PID=0.000 EL_FF=0.000
2026-04-20 13:41:56 [INFO] MONITOR az=350.325 el=30.150 AZ_ERR=0.000 EL_ERR=0.000 AZ_PID=0.000 EL_PID=0.000 EL_FF=0.000
2026-04-20 13:41:57 [INFO] MONITOR az=350.325 el=30.150 AZ_ERR=0.000 EL_ERR=0.000 AZ_PID=0.000 EL_PID=0.000 EL_FF=0.000
2026-04-20 13:41:58 [INFO] MONITOR az=350.325 el=30.150 AZ_ERR=0.000 EL_ERR=0.000 AZ_PID=0.000 EL_PID=0.000 EL_FF=0.000
2026-04-20 13:41:59 [INFO] MONITOR az=350.325 el=30.150 AZ_ERR=0.000 EL_ERR=0.000 AZ_PID=0.000 EL_PID=0.000 EL_FF=0.000
2026-04-20 13:42:00 [INFO] MONITOR az=350.325 el=30.150 AZ_ERR=0.000 EL_ERR=0.000 AZ_PID=0.000 EL_PID=0.000 EL_FF=0.000
2026-04-20 13:42:01 [INFO] MONITOR az=350.325 el=30.150 AZ_ERR=0.000 EL_ERR=0.000 AZ_PID=0.000 EL_PID=0.000 EL_FF=0.000
2026-04-20 13:42:02 [INFO] MONITOR az=350.325 el=30.150 AZ_ERR=0.000 EL_ERR=0.000 AZ_PID=0.000 EL_PID=0.000 EL_FF=0.000
2026-04-20 13:42:03 [INFO] MONITOR az=350.325 el=30.150 AZ_ERR=0.000 EL_ERR=0.000 AZ_PID=0.000 EL_PID=0.000 EL_FF=0.000
2026-04-20 13:42:04 [INFO] MONITOR az=350.325 el=30.150 AZ_ERR=0.000 EL_ERR=0.000 AZ_PID=0.000 EL_PID=0.000 EL_FF=0.000
2026-04-20 13:42:05 [INFO] MONITOR az=350.325 el=30.150 AZ_ERR=0.000 EL_ERR=0.000 AZ_PID=0.000 EL_PID=0.000 EL_FF=0.000
2026-04-20 13:42:06 [INFO] MONITOR az=350.325 el=30.150 AZ_ERR=0.000 EL_ERR=0.000 AZ_PID=0.000 EL_PID=0.000 EL_FF=0.000
2026-04-20 13:42:07 [INFO] MONITOR az=350.325 el=30.150 AZ_ERR=0.000 EL_ERR=0.000 AZ_PID=0.000 EL_PID=0.000 EL_FF=0.000
2026-04-20 13:42:08 [INFO] MONITOR az=350.325 el=30.150 AZ_ERR=0.000 EL_ERR=0.000 AZ_PID=0.000 EL_PID=0.000 EL_FF=0.000
2026-04-20 13:42:09 [INFO] MONITOR az=350.325 el=30.150 AZ_ERR=0.000 EL_ERR=0.000 AZ_PID=0.000 EL_PID=0.000 EL_FF=0.000
2026-04-20 13:42:10 [INFO] MONITOR az=350.325 el=30.150 AZ_ERR=0.000 EL_ERR=0.000 AZ_PID=0.000 EL_PID=0.000 EL_FF=0.000
2026-04-20 13:42:11 [INFO] MONITOR az=350.325 el=30.150 AZ_ERR=0.000 EL_ERR=0.000 AZ_PID=0.000 EL_PID=0.000 EL_FF=0.000
2026-04-20 13:42:12 [INFO] MONITOR az=350.325 el=30.150 AZ_ERR=0.000 EL_ERR=0.000 AZ_PID=0.000 EL_PID=0.000 EL_FF=0.000
2026-04-20 13:42:13 [INFO] MONITOR az=350.325 el=30.150 AZ_ERR=0.000 EL_ERR=0.000 AZ_PID=0.000 EL_PID=0.000 EL_FF=0.000
2026-04-20 13:42:14 [INFO] MONITOR az=350.325 el=30.150 AZ_ERR=0.000 EL_ERR=0.000 AZ_PID=0.000 EL_PID=0.000 EL_FF=0.000
2026-04-20 13:42:15 [INFO] MONITOR az=350.325 el=30.150 AZ_ERR=0.000 EL_ERR=0.000 AZ_PID=0.000 EL_PID=0.000 EL_FF=0.000
2026-04-20 13:42:16 [INFO] MONITOR az=350.325 el=30.150 AZ_ERR=0.000 EL_ERR=0.000 AZ_PID=0.000 EL_PID=0.000 EL_FF=0.000
2026-04-20 13:42:17 [INFO] MONITOR az=350.325 el=30.150 AZ_ERR=0.000 EL_ERR=0.000 AZ_PID=0.000 EL_PID=0.000 EL_FF=0.000
2026-04-20 13:42:18 [INFO] MONITOR az=350.325 el=30.150 AZ_ERR=0.000 EL_ERR=0.000 AZ_PID=0.000 EL_PID=0.000 EL_FF=0.000
2026-04-20 13:42:19 [INFO] MONITOR az=350.325 el=30.150 AZ_ERR=0.000 EL_ERR=0.000 AZ_PID=0.000 EL_PID=0.000 EL_FF=0.000
2026-04-20 13:42:20 [INFO] MONITOR az=350.325 el=30.150 AZ_ERR=0.000 EL_ERR=0.000 AZ_PID=0.000 EL_PID=0.000 EL_FF=0.000
2026-04-20 13:42:21 [INFO] MONITOR az=350.325 el=30.150 AZ_ERR=0.000 EL_ERR=0.000 AZ_PID=0.000 EL_PID=0.000 EL_FF=0.000
2026-04-20 13:42:22 [INFO] MONITOR az=350.325 el=30.150 AZ_ERR=0.000 EL_ERR=0.000 AZ_PID=0.000 EL_PID=0.000 EL_FF=0.000
2026-04-20 13:42:23 [INFO] MONITOR az=350.325 el=30.150 AZ_ERR=0.000 EL_ERR=0.000 AZ_PID=0.000 EL_PID=0.000 EL_FF=0.000
2026-04-20 13:42:24 [INFO] MONITOR az=350.325 el=30.150 AZ_ERR=0.000 EL_ERR=0.000 AZ_PID=0.000 EL_PID=0.000 EL_FF=0.000
2026-04-20 13:42:25 [INFO] MONITOR az=350.325 el=30.150 AZ_ERR=0.000 EL_ERR=0.000 AZ_PID=0.000 EL_PID=0.000 EL_FF=0.000
2026-04-20 13:42:26 [INFO] MONITOR az=350.325 el=30.150 AZ_ERR=0.000 EL_ERR=0.000 AZ_PID=0.000 EL_PID=0.000 EL_FF=0.000
2026-04-20 13:42:27 [INFO] MONITOR az=350.325 el=30.150 AZ_ERR=0.000 EL_ERR=0.000 AZ_PID=0.000 EL_PID=0.000 EL_FF=0.000
2026-04-20 13:42:28 [INFO] MONITOR az=350.325 el=30.150 AZ_ERR=0.000 EL_ERR=0.000 AZ_PID=0.000 EL_PID=0.000 EL_FF=0.000
2026-04-20 13:42:29 [INFO] MONITOR az=350.325 el=30.150 AZ_ERR=0.000 EL_ERR=0.000 AZ_PID=0.000 EL_PID=0.000 EL_FF=0.000
2026-04-20 13:42:30 [INFO] MONITOR az=350.325 el=30.150 AZ_ERR=0.000 EL_ERR=0.000 AZ_PID=0.000 EL_PID=0.000 EL_FF=0.000
2026-04-20 13:42:31 [INFO] MONITOR az=350.325 el=30.150 AZ_ERR=0.000 EL_ERR=0.000 AZ_PID=0.000 EL_PID=0.000 EL_FF=0.000
2026-04-20 13:42:32 [INFO] MONITOR az=350.325 el=30.150 AZ_ERR=0.000 EL_ERR=0.000 AZ_PID=0.000 EL_PID=0.000 EL_FF=0.000
2026-04-20 13:42:33 [INFO] MONITOR az=350.325 el=30.150 AZ_ERR=0.000 EL_ERR=0.000 AZ_PID=0.000 EL_PID=0.000 EL_FF=0.000
2026-04-20 13:42:34 [INFO] MONITOR az=350.325 el=30.150 AZ_ERR=0.000 EL_ERR=0.000 AZ_PID=0.000 EL_PID=0.000 EL_FF=0.000
2026-04-20 13:42:35 [INFO] MONITOR az=350.325 el=30.150 AZ_ERR=0.000 EL_ERR=0.000 AZ_PID=0.000 EL_PID=0.000 EL_FF=0.000
2026-04-20 13:42:36 [INFO] MONITOR az=350.325 el=30.150 AZ_ERR=0.000 EL_ERR=0.000 AZ_PID=0.000 EL_PID=0.000 EL_FF=0.000
2026-04-20 13:42:37 [INFO] MONITOR az=350.325 el=30.150 AZ_ERR=0.000 EL_ERR=0.000 AZ_PID=0.000 EL_PID=0.000 EL_FF=0.000
2026-04-20 13:42:38 [INFO] MONITOR az=350.325 el=30.150 AZ_ERR=0.000 EL_ERR=0.000 AZ_PID=0.000 EL_PID=0.000 EL_FF=0.000
2026-04-20 13:42:39 [INFO] MONITOR az=350.325 el=30.150 AZ_ERR=0.000 EL_ERR=0.000 AZ_PID=0.000 EL_PID=0.000 EL_FF=0.000
2026-04-20 13:42:40 [INFO] MONITOR az=350.325 el=30.150 AZ_ERR=0.000 EL_ERR=0.000 AZ_PID=0.000 EL_PID=0.000 EL_FF=0.000
2026-04-20 13:42:41 [INFO] MONITOR az=350.325 el=30.150 AZ_ERR=0.000 EL_ERR=0.000 AZ_PID=0.000 EL_PID=0.000 EL_FF=0.000
2026-04-20 13:42:42 [INFO] MONITOR az=350.325 el=30.150 AZ_ERR=0.000 EL_ERR=0.000 AZ_PID=0.000 EL_PID=0.000 EL_FF=0.000
2026-04-20 13:42:43 [INFO] MONITOR az=350.325 el=30.150 AZ_ERR=0.000 EL_ERR=0.000 AZ_PID=0.000 EL_PID=0.000 EL_FF=0.000
2026-04-20 13:42:44 [INFO] MONITOR az=350.325 el=30.150 AZ_ERR=0.000 EL_ERR=0.000 AZ_PID=0.000 EL_PID=0.000 EL_FF=0.000
2026-04-20 13:42:45 [INFO] MONITOR az=350.325 el=30.150 AZ_ERR=0.000 EL_ERR=0.000 AZ_PID=0.000 EL_PID=0.000 EL_FF=0.000
2026-04-20 13:42:46 [INFO] MONITOR az=350.325 el=30.150 AZ_ERR=0.000 EL_ERR=0.000 AZ_PID=0.000 EL_PID=0.000 EL_FF=0.000
2026-04-20 13:42:47 [INFO] MONITOR az=350.325 el=30.150 AZ_ERR=0.000 EL_ERR=0.000 AZ_PID=0.000 EL_PID=0.000 EL_FF=0.000
2026-04-20 13:42:48 [INFO] MONITOR az=350.325 el=30.150 AZ_ERR=0.000 EL_ERR=0.000 AZ_PID=0.000 EL_PID=0.000 EL_FF=0.000
2026-04-20 13:42:49 [INFO] MONITOR az=350.325 el=30.150 AZ_ERR=0.000 EL_ERR=0.000 AZ_PID=0.000 EL_PID=0.000 EL_FF=0.000
2026-04-20 13:42:50 [INFO] MONITOR az=350.325 el=30.150 AZ_ERR=0.000 EL_ERR=0.000 AZ_PID=0.000 EL_PID=0.000 EL_FF=0.000
2026-04-20 13:42:51 [INFO] MONITOR az=350.325 el=30.150 AZ_ERR=0.000 EL_ERR=0.000 AZ_PID=0.000 EL_PID=0.000 EL_FF=0.000
2026-04-20 13:42:52 [INFO] MONITOR az=350.325 el=30.150 AZ_ERR=0.000 EL_ERR=0.000 AZ_PID=0.000 EL_PID=0.000 EL_FF=0.000
2026-04-20 13:42:53 [INFO] MONITOR az=350.325 el=30.150 AZ_ERR=0.000 EL_ERR=0.000 AZ_PID=0.000 EL_PID=0.000 EL_FF=0.000
2026-04-20 13:42:54 [INFO] MONITOR az=350.325 el=30.150 AZ_ERR=0.000 EL_ERR=0.000 AZ_PID=0.000 EL_PID=0.000 EL_FF=0.000
2026-04-20 13:42:55 [INFO] MONITOR az=350.325 el=30.150 AZ_ERR=0.000 EL_ERR=0.000 AZ_PID=0.000 EL_PID=0.000 EL_FF=0.000
2026-04-20 13:42:56 [INFO] MONITOR az=350.325 el=30.150 AZ_ERR=0.000 EL_ERR=0.000 AZ_PID=0.000 EL_PID=0.000 EL_FF=0.000
2026-04-20 13:42:57 [INFO] MONITOR az=350.325 el=30.150 AZ_ERR=0.000 EL_ERR=0.000 AZ_PID=0.000 EL_PID=0.000 EL_FF=0.000
2026-04-20 13:42:58 [INFO] MONITOR az=350.325 el=30.150 AZ_ERR=0.000 EL_ERR=0.000 AZ_PID=0.000 EL_PID=0.000 EL_FF=0.000
2026-04-20 13:42:59 [INFO] MONITOR az=350.325 el=30.150 AZ_ERR=0.000 EL_ERR=0.000 AZ_PID=0.000 EL_PID=0.000 EL_FF=0.000
2026-04-20 13:43:00 [INFO] MONITOR az=350.325 el=30.150 AZ_ERR=0.000 EL_ERR=0.000 AZ_PID=0.000 EL_PID=0.000 EL_FF=0.000
2026-04-20 13:43:01 [INFO] MONITOR az=350.325 el=30.150 AZ_ERR=0.000 EL_ERR=0.000 AZ_PID=0.000 EL_PID=0.000 EL_FF=0.000
2026-04-20 13:43:02 [INFO] MONITOR az=350.325 el=30.150 AZ_ERR=0.000 EL_ERR=0.000 AZ_PID=0.000 EL_PID=0.000 EL_FF=0.000
2026-04-20 13:43:03 [INFO] MONITOR az=350.325 el=30.150 AZ_ERR=0.000 EL_ERR=0.000 AZ_PID=0.000 EL_PID=0.000 EL_FF=0.000
2026-04-20 13:43:04 [INFO] MONITOR az=350.325 el=30.150 AZ_ERR=0.000 EL_ERR=0.000 AZ_PID=0.000 EL_PID=0.000 EL_FF=0.000
2026-04-20 13:43:05 [INFO] MONITOR az=350.325 el=30.150 AZ_ERR=0.000 EL_ERR=0.000 AZ_PID=0.000 EL_PID=0.000 EL_FF=0.000
2026-04-20 13:43:06 [INFO] MONITOR az=350.325 el=30.150 AZ_ERR=0.000 EL_ERR=0.000 AZ_PID=0.000 EL_PID=0.000 EL_FF=0.000
2026-04-20 13:43:07 [INFO] MONITOR az=350.325 el=30.150 AZ_ERR=0.000 EL_ERR=0.000 AZ_PID=0.000 EL_PID=0.000 EL_FF=0.000
2026-04-20 13:43:08 [INFO] MONITOR az=350.325 el=30.150 AZ_ERR=0.000 EL_ERR=0.000 AZ_PID=0.000 EL_PID=0.000 EL_FF=0.000
2026-04-20 13:43:09 [INFO] MONITOR az=350.325 el=30.150 AZ_ERR=0.000 EL_ERR=0.000 AZ_PID=0.000 EL_PID=0.000 EL_FF=0.000
2026-04-20 13:43:10 [INFO] MONITOR az=350.325 el=30.150 AZ_ERR=0.000 EL_ERR=0.000 AZ_PID=0.000 EL_PID=0.000 EL_FF=0.000
2026-04-20 13:43:11 [INFO] MONITOR az=350.325 el=30.150 AZ_ERR=0.000 EL_ERR=0.000 AZ_PID=0.000 EL_PID=0.000 EL_FF=0.000
2026-04-20 13:43:12 [INFO] MONITOR az=350.325 el=30.150 AZ_ERR=0.000 EL_ERR=0.000 AZ_PID=0.000 EL_PID=0.000 EL_FF=0.000
2026-04-20 13:43:13 [INFO] MONITOR az=350.325 el=30.150 AZ_ERR=0.000 EL_ERR=0.000 AZ_PID=0.000 EL_PID=0.000 EL_FF=0.000
2026-04-20 13:43:14 [INFO] MONITOR az=350.325 el=30.150 AZ_ERR=0.000 EL_ERR=0.000 AZ_PID=0.000 EL_PID=0.000 EL_FF=0.000
2026-04-20 13:43:15 [INFO] MONITOR az=350.325 el=30.150 AZ_ERR=0.000 EL_ERR=0.000 AZ_PID=0.000 EL_PID=0.000 EL_FF=0.000
2026-04-20 13:43:16 [INFO] MONITOR az=350.325 el=30.150 AZ_ERR=0.000 EL_ERR=0.000 AZ_PID=0.000 EL_PID=0.000 EL_FF=0.000
2026-04-20 13:43:17 [INFO] MONITOR az=350.325 el=30.150 AZ_ERR=0.000 EL_ERR=0.000 AZ_PID=0.000 EL_PID=0.000 EL_FF=0.000
2026-04-20 13:43:18 [INFO] MONITOR az=350.325 el=30.150 AZ_ERR=0.000 EL_ERR=0.000 AZ_PID=0.000 EL_PID=0.000 EL_FF=0.000
2026-04-20 13:43:19 [INFO] MONITOR az=350.325 el=30.150 AZ_ERR=0.000 EL_ERR=0.000 AZ_PID=0.000 EL_PID=0.000 EL_FF=0.000
2026-04-20 13:43:20 [INFO] MONITOR az=350.325 el=30.150 AZ_ERR=0.000 EL_ERR=0.000 AZ_PID=0.000 EL_PID=0.000 EL_FF=0.000
2026-04-20 13:43:21 [INFO] MONITOR az=350.325 el=30.150 AZ_ERR=0.000 EL_ERR=0.000 AZ_PID=0.000 EL_PID=0.000 EL_FF=0.000
2026-04-20 13:43:22 [INFO] MONITOR az=350.325 el=30.150 AZ_ERR=0.000 EL_ERR=0.000 AZ_PID=0.000 EL_PID=0.000 EL_FF=0.000
2026-04-20 13:43:23 [INFO] MONITOR az=350.325 el=30.150 AZ_ERR=0.000 EL_ERR=0.000 AZ_PID=0.000 EL_PID=0.000 EL_FF=0.000
2026-04-20 13:43:24 [INFO] MONITOR az=350.325 el=30.150 AZ_ERR=0.000 EL_ERR=0.000 AZ_PID=0.000 EL_PID=0.000 EL_FF=0.000
2026-04-20 13:43:25 [INFO] MONITOR az=350.325 el=30.150 AZ_ERR=0.000 EL_ERR=0.000 AZ_PID=0.000 EL_PID=0.000 EL_FF=0.000
2026-04-20 13:43:26 [INFO] MONITOR az=350.325 el=30.150 AZ_ERR=0.000 EL_ERR=0.000 AZ_PID=0.000 EL_PID=0.000 EL_FF=0.000
2026-04-20 13:43:27 [INFO] MONITOR az=350.325 el=30.150 AZ_ERR=0.000 EL_ERR=0.000 AZ_PID=0.000 EL_PID=0.000 EL_FF=0.000
2026-04-20 13:43:28 [INFO] MONITOR az=350.325 el=30.150 AZ_ERR=0.000 EL_ERR=0.000 AZ_PID=0.000 EL_PID=0.000 EL_FF=0.000
2026-04-20 13:43:29 [INFO] MONITOR az=350.325 el=30.150 AZ_ERR=0.000 EL_ERR=0.000 AZ_PID=0.000 EL_PID=0.000 EL_FF=0.000
2026-04-20 13:43:30 [INFO] MONITOR az=350.325 el=30.150 AZ_ERR=0.000 EL_ERR=0.000 AZ_PID=0.000 EL_PID=0.000 EL_FF=0.000
2026-04-20 13:43:31 [INFO] MONITOR az=350.325 el=30.150 AZ_ERR=0.000 EL_ERR=0.000 AZ_PID=0.000 EL_PID=0.000 EL_FF=0.000
2026-04-20 13:43:32 [INFO] MONITOR az=350.325 el=30.150 AZ_ERR=0.000 EL_ERR=0.000 AZ_PID=0.000 EL_PID=0.000 EL_FF=0.000
2026-04-20 13:43:33 [INFO] MONITOR az=350.325 el=30.150 AZ_ERR=0.000 EL_ERR=0.000 AZ_PID=0.000 EL_PID=0.000 EL_FF=0.000
2026-04-20 13:43:34 [INFO] MONITOR az=350.325 el=30.150 AZ_ERR=0.000 EL_ERR=0.000 AZ_PID=0.000 EL_PID=0.000 EL_FF=0.000
2026-04-20 13:43:35 [INFO] MONITOR az=350.325 el=30.150 AZ_ERR=0.000 EL_ERR=0.000 AZ_PID=0.000 EL_PID=0.000 EL_FF=0.000
2026-04-20 13:43:36 [INFO] MONITOR az=350.325 el=30.150 AZ_ERR=0.000 EL_ERR=0.000 AZ_PID=0.000 EL_PID=0.000 EL_FF=0.000
2026-04-20 13:43:37 [INFO] MONITOR az=350.325 el=30.150 AZ_ERR=0.000 EL_ERR=0.000 AZ_PID=0.000 EL_PID=0.000 EL_FF=0.000
2026-04-20 13:43:38 [INFO] MONITOR az=350.325 el=30.150 AZ_ERR=0.000 EL_ERR=0.000 AZ_PID=0.000 EL_PID=0.000 EL_FF=0.000
2026-04-20 13:43:39 [INFO] MONITOR az=350.325 el=30.150 AZ_ERR=0.000 EL_ERR=0.000 AZ_PID=0.000 EL_PID=0.000 EL_FF=0.000
2026-04-20 13:43:40 [INFO] MONITOR az=350.325 el=30.150 AZ_ERR=0.000 EL_ERR=0.000 AZ_PID=0.000 EL_PID=0.000 EL_FF=0.000
2026-04-20 13:43:41 [INFO] MONITOR az=350.325 el=30.150 AZ_ERR=0.000 EL_ERR=0.000 AZ_PID=0.000 EL_PID=0.000 EL_FF=0.000
2026-04-20 13:43:42 [INFO] MONITOR az=350.325 el=30.150 AZ_ERR=0.000 EL_ERR=0.000 AZ_PID=0.000 EL_PID=0.000 EL_FF=0.000
2026-04-20 13:43:43 [INFO] MONITOR az=350.325 el=30.150 AZ_ERR=0.000 EL_ERR=0.000 AZ_PID=0.000 EL_PID=0.000 EL_FF=0.000
2026-04-20 13:43:44 [INFO] MONITOR az=350.325 el=30.150 AZ_ERR=0.000 EL_ERR=0.000 AZ_PID=0.000 EL_PID=0.000 EL_FF=0.000
2026-04-20 13:43:45 [INFO] MONITOR az=350.325 el=30.150 AZ_ERR=0.000 EL_ERR=0.000 AZ_PID=0.000 EL_PID=0.000 EL_FF=0.000
2026-04-20 13:43:46 [INFO] MONITOR az=350.325 el=30.150 AZ_ERR=0.000 EL_ERR=0.000 AZ_PID=0.000 EL_PID=0.000 EL_FF=0.000
2026-04-20 13:43:47 [INFO] MONITOR az=350.325 el=30.150 AZ_ERR=0.000 EL_ERR=0.000 AZ_PID=0.000 EL_PID=0.000 EL_FF=0.000
2026-04-20 13:43:48 [INFO] MONITOR az=350.325 el=30.150 AZ_ERR=0.000 EL_ERR=0.000 AZ_PID=0.000 EL_PID=0.000 EL_FF=0.000
2026-04-20 13:43:49 [INFO] MONITOR az=350.325 el=30.150 AZ_ERR=0.000 EL_ERR=0.000 AZ_PID=0.000 EL_PID=0.000 EL_FF=0.000
2026-04-20 13:43:50 [INFO] MONITOR az=350.325 el=30.150 AZ_ERR=0.000 EL_ERR=0.000 AZ_PID=0.000 EL_PID=0.000 EL_FF=0.000
2026-04-20 13:43:51 [INFO] MONITOR az=350.325 el=30.150 AZ_ERR=0.000 EL_ERR=0.000 AZ_PID=0.000 EL_PID=0.000 EL_FF=0.000
2026-04-20 13:43:52 [INFO] MONITOR az=350.325 el=30.150 AZ_ERR=0.000 EL_ERR=0.000 AZ_PID=0.000 EL_PID=0.000 EL_FF=0.000
2026-04-20 13:43:53 [INFO] MONITOR az=350.325 el=30.150 AZ_ERR=0.000 EL_ERR=0.000 AZ_PID=0.000 EL_PID=0.000 EL_FF=0.000
2026-04-20 13:43:54 [INFO] MONITOR az=350.325 el=30.150 AZ_ERR=0.000 EL_ERR=0.000 AZ_PID=0.000 EL_PID=0.000 EL_FF=0.000
2026-04-20 13:43:55 [INFO] MONITOR az=350.325 el=30.150 AZ_ERR=0.000 EL_ERR=0.000 AZ_PID=0.000 EL_PID=0.000 EL_FF=0.000
2026-04-20 13:43:56 [INFO] MONITOR az=350.325 el=30.150 AZ_ERR=0.000 EL_ERR=0.000 AZ_PID=0.000 EL_PID=0.000 EL_FF=0.000
2026-04-20 13:43:57 [INFO] MONITOR az=350.325 el=30.150 AZ_ERR=0.000 EL_ERR=0.000 AZ_PID=0.000 EL_PID=0.000 EL_FF=0.000
2026-04-20 13:43:58 [INFO] MONITOR az=350.325 el=30.150 AZ_ERR=0.000 EL_ERR=0.000 AZ_PID=0.000 EL_PID=0.000 EL_FF=0.000
2026-04-20 13:43:59 [INFO] MONITOR az=350.325 el=30.150 AZ_ERR=0.000 EL_ERR=0.000 AZ_PID=0.000 EL_PID=0.000 EL_FF=0.000
2026-04-20 13:44:00 [INFO] MONITOR az=350.325 el=30.150 AZ_ERR=0.000 EL_ERR=0.000 AZ_PID=0.000 EL_PID=0.000 EL_FF=0.000
2026-04-20 13:44:01 [INFO] MONITOR az=350.325 el=30.150 AZ_ERR=0.000 EL_ERR=0.000 AZ_PID=0.000 EL_PID=0.000 EL_FF=0.000
2026-04-20 13:44:02 [INFO] MONITOR az=350.325 el=30.150 AZ_ERR=0.000 EL_ERR=0.000 AZ_PID=0.000 EL_PID=0.000 EL_FF=0.000
2026-04-20 13:44:03 [INFO] MONITOR az=350.325 el=30.150 AZ_ERR=0.000 EL_ERR=0.000 AZ_PID=0.000 EL_PID=0.000 EL_FF=0.000
2026-04-20 13:44:04 [INFO] MONITOR az=350.325 el=30.150 AZ_ERR=0.000 EL_ERR=0.000 AZ_PID=0.000 EL_PID=0.000 EL_FF=0.000
2026-04-20 13:44:05 [INFO] MONITOR az=350.325 el=30.150 AZ_ERR=0.000 EL_ERR=0.000 AZ_PID=0.000 EL_PID=0.000 EL_FF=0.000
2026-04-20 13:44:06 [INFO] MONITOR az=350.325 el=30.150 AZ_ERR=0.000 EL_ERR=0.000 AZ_PID=0.000 EL_PID=0.000 EL_FF=0.000
2026-04-20 13:44:07 [INFO] MONITOR az=350.325 el=30.150 AZ_ERR=0.000 EL_ERR=0.000 AZ_PID=0.000 EL_PID=0.000 EL_FF=0.000
2026-04-20 13:44:08 [INFO] MONITOR az=350.325 el=30.150 AZ_ERR=0.000 EL_ERR=0.000 AZ_PID=0.000 EL_PID=0.000 EL_FF=0.000
2026-04-20 13:44:09 [INFO] MONITOR az=350.325 el=30.150 AZ_ERR=0.000 EL_ERR=0.000 AZ_PID=0.000 EL_PID=0.000 EL_FF=0.000
2026-04-20 13:44:10 [INFO] MONITOR az=350.325 el=30.150 AZ_ERR=0.000 EL_ERR=0.000 AZ_PID=0.000 EL_PID=0.000 EL_FF=0.000
2026-04-20 13:44:11 [INFO] MONITOR az=350.325 el=30.150 AZ_ERR=0.000 EL_ERR=0.000 AZ_PID=0.000 EL_PID=0.000 EL_FF=0.000
2026-04-20 13:44:12 [INFO] MONITOR az=350.325 el=30.150 AZ_ERR=0.000 EL_ERR=0.000 AZ_PID=0.000 EL_PID=0.000 EL_FF=0.000
2026-04-20 13:44:13 [INFO] MONITOR az=350.325 el=30.150 AZ_ERR=0.000 EL_ERR=0.000 AZ_PID=0.000 EL_PID=0.000 EL_FF=0.000
2026-04-20 13:44:14 [INFO] MONITOR az=350.325 el=30.150 AZ_ERR=0.000 EL_ERR=0.000 AZ_PID=0.000 EL_PID=0.000 EL_FF=0.000
2026-04-20 13:44:15 [INFO] MONITOR az=350.325 el=30.150 AZ_ERR=0.000 EL_ERR=0.000 AZ_PID=0.000 EL_PID=0.000 EL_FF=0.000
2026-04-20 13:44:16 [INFO] MONITOR az=350.325 el=30.150 AZ_ERR=0.000 EL_ERR=0.000 AZ_PID=0.000 EL_PID=0.000 EL_FF=0.000
2026-04-20 13:44:17 [INFO] MONITOR az=350.325 el=30.150 AZ_ERR=0.000 EL_ERR=0.000 AZ_PID=0.000 EL_PID=0.000 EL_FF=0.000
2026-04-20 13:44:18 [INFO] MONITOR az=350.325 el=30.150 AZ_ERR=0.000 EL_ERR=0.000 AZ_PID=0.000 EL_PID=0.000 EL_FF=0.000
2026-04-20 13:44:19 [INFO] MONITOR az=350.325 el=30.150 AZ_ERR=0.000 EL_ERR=0.000 AZ_PID=0.000 EL_PID=0.000 EL_FF=0.000
2026-04-20 13:44:20 [INFO] MONITOR az=350.325 el=30.150 AZ_ERR=0.000 EL_ERR=0.000 AZ_PID=0.000 EL_PID=0.000 EL_FF=0.000
2026-04-20 13:44:21 [INFO] MONITOR az=350.325 el=30.150 AZ_ERR=0.000 EL_ERR=0.000 AZ_PID=0.000 EL_PID=0.000 EL_FF=0.000
2026-04-20 13:44:22 [INFO] MONITOR az=350.325 el=30.150 AZ_ERR=0.000 EL_ERR=0.000 AZ_PID=0.000 EL_PID=0.000 EL_FF=0.000
2026-04-20 13:44:23 [INFO] MONITOR az=350.325 el=30.150 AZ_ERR=0.000 EL_ERR=0.000 AZ_PID=0.000 EL_PID=0.000 EL_FF=0.000
2026-04-20 13:44:24 [INFO] MONITOR az=350.325 el=30.150 AZ_ERR=0.000 EL_ERR=0.000 AZ_PID=0.000 EL_PID=0.000 EL_FF=0.000
2026-04-20 13:44:25 [INFO] MONITOR az=350.325 el=30.150 AZ_ERR=0.000 EL_ERR=0.000 AZ_PID=0.000 EL_PID=0.000 EL_FF=0.000
2026-04-20 13:44:26 [INFO] MONITOR az=350.325 el=30.150 AZ_ERR=0.000 EL_ERR=0.000 AZ_PID=0.000 EL_PID=0.000 EL_FF=0.000
2026-04-20 13:44:27 [INFO] MONITOR az=350.325 el=30.150 AZ_ERR=0.000 EL_ERR=0.000 AZ_PID=0.000 EL_PID=0.000 EL_FF=0.000
2026-04-20 13:44:28 [INFO] MONITOR az=350.325 el=30.150 AZ_ERR=0.000 EL_ERR=0.000 AZ_PID=0.000 EL_PID=0.000 EL_FF=0.000
2026-04-20 13:44:29 [INFO] MONITOR az=350.325 el=30.150 AZ_ERR=0.000 EL_ERR=0.000 AZ_PID=0.000 EL_PID=0.000 EL_FF=0.000
2026-04-20 13:44:30 [INFO] MONITOR az=350.325 el=30.150 AZ_ERR=0.000 EL_ERR=0.000 AZ_PID=0.000 EL_PID=0.000 EL_FF=0.000
2026-04-20 13:44:31 [INFO] MONITOR az=350.325 el=30.150 AZ_ERR=0.000 EL_ERR=0.000 AZ_PID=0.000 EL_PID=0.000 EL_FF=0.000
2026-04-20 13:44:32 [INFO] MONITOR az=350.325 el=30.150 AZ_ERR=0.000 EL_ERR=0.000 AZ_PID=0.000 EL_PID=0.000 EL_FF=0.000
2026-04-20 13:44:33 [INFO] MONITOR az=350.325 el=30.150 AZ_ERR=0.000 EL_ERR=0.000 AZ_PID=0.000 EL_PID=0.000 EL_FF=0.000
2026-04-20 13:44:34 [INFO] MONITOR az=350.325 el=30.150 AZ_ERR=0.000 EL_ERR=0.000 AZ_PID=0.000 EL_PID=0.000 EL_FF=0.000
2026-04-20 13:44:35 [INFO] MONITOR az=350.325 el=30.150 AZ_ERR=0.000 EL_ERR=0.000 AZ_PID=0.000 EL_PID=0.000 EL_FF=0.000
2026-04-20 13:44:36 [INFO] MONITOR az=350.325 el=30.150 AZ_ERR=0.000 EL_ERR=0.000 AZ_PID=0.000 EL_PID=0.000 EL_FF=0.000
2026-04-20 13:44:37 [INFO] MONITOR az=350.325 el=30.150 AZ_ERR=0.000 EL_ERR=0.000 AZ_PID=0.000 EL_PID=0.000 EL_FF=0.000
2026-04-20 13:44:38 [INFO] MONITOR az=350.325 el=30.150 AZ_ERR=0.000 EL_ERR=0.000 AZ_PID=0.000 EL_PID=0.000 EL_FF=0.000
2026-04-20 13:44:39 [INFO] MONITOR az=350.325 el=30.150 AZ_ERR=0.000 EL_ERR=0.000 AZ_PID=0.000 EL_PID=0.000 EL_FF=0.000
2026-04-20 13:44:40 [INFO] MONITOR az=350.325 el=30.150 AZ_ERR=0.000 EL_ERR=0.000 AZ_PID=0.000 EL_PID=0.000 EL_FF=0.000
2026-04-20 13:44:41 [INFO] MONITOR az=350.325 el=30.150 AZ_ERR=0.000 EL_ERR=0.000 AZ_PID=0.000 EL_PID=0.000 EL_FF=0.000
2026-04-20 13:44:42 [INFO] MONITOR az=350.325 el=30.150 AZ_ERR=0.000 EL_ERR=0.000 AZ_PID=0.000 EL_PID=0.000 EL_FF=0.000
2026-04-20 13:44:43 [INFO] MONITOR az=350.325 el=30.150 AZ_ERR=0.000 EL_ERR=0.000 AZ_PID=0.000 EL_PID=0.000 EL_FF=0.000
2026-04-20 13:44:44 [INFO] MONITOR az=350.325 el=30.150 AZ_ERR=0.000 EL_ERR=0.000 AZ_PID=0.000 EL_PID=0.000 EL_FF=0.000
2026-04-20 13:44:45 [INFO] MONITOR az=350.325 el=30.150 AZ_ERR=0.000 EL_ERR=0.000 AZ_PID=0.000 EL_PID=0.000 EL_FF=0.000
2026-04-20 13:44:46 [INFO] MONITOR az=350.325 el=30.150 AZ_ERR=0.000 EL_ERR=0.000 AZ_PID=0.000 EL_PID=0.000 EL_FF=0.000
2026-04-20 13:44:47 [INFO] MONITOR az=350.325 el=30.150 AZ_ERR=0.000 EL_ERR=0.000 AZ_PID=0.000 EL_PID=0.000 EL_FF=0.000
2026-04-20 13:44:48 [INFO] MONITOR az=350.325 el=30.150 AZ_ERR=0.000 EL_ERR=0.000 AZ_PID=0.000 EL_PID=0.000 EL_FF=0.000
2026-04-20 13:44:49 [INFO] MONITOR az=350.325 el=30.150 AZ_ERR=0.000 EL_ERR=0.000 AZ_PID=0.000 EL_PID=0.000 EL_FF=0.000
2026-04-20 13:44:50 [INFO] MONITOR az=350.325 el=30.150 AZ_ERR=0.000 EL_ERR=0.000 AZ_PID=0.000 EL_PID=0.000 EL_FF=0.000
2026-04-20 13:44:51 [INFO] MONITOR az=350.325 el=30.150 AZ_ERR=0.000 EL_ERR=0.000 AZ_PID=0.000 EL_PID=0.000 EL_FF=0.000
2026-04-20 13:44:52 [INFO] MONITOR az=350.325 el=30.150 AZ_ERR=0.000 EL_ERR=0.000 AZ_PID=0.000 EL_PID=0.000 EL_FF=0.000
2026-04-20 13:44:53 [INFO] MONITOR az=350.325 el=30.150 AZ_ERR=0.000 EL_ERR=0.000 AZ_PID=0.000 EL_PID=0.000 EL_FF=0.000
2026-04-20 13:44:55 [INFO] MONITOR az=350.325 el=30.150 AZ_ERR=0.000 EL_ERR=0.000 AZ_PID=0.000 EL_PID=0.000 EL_FF=0.000
2026-04-20 13:44:56 [INFO] MONITOR az=350.325 el=30.150 AZ_ERR=0.000 EL_ERR=0.000 AZ_PID=0.000 EL_PID=0.000 EL_FF=0.000
2026-04-20 13:44:57 [INFO] MONITOR az=350.325 el=30.150 AZ_ERR=0.000 EL_ERR=0.000 AZ_PID=0.000 EL_PID=0.000 EL_FF=0.000
2026-04-20 13:44:58 [INFO] MONITOR az=350.325 el=30.150 AZ_ERR=0.000 EL_ERR=0.000 AZ_PID=0.000 EL_PID=0.000 EL_FF=0.000
2026-04-20 13:44:59 [INFO] MONITOR az=350.325 el=30.150 AZ_ERR=0.000 EL_ERR=0.000 AZ_PID=0.000 EL_PID=0.000 EL_FF=0.000
2026-04-20 13:45:00 [INFO] MONITOR az=350.325 el=30.150 AZ_ERR=0.000 EL_ERR=0.000 AZ_PID=0.000 EL_PID=0.000 EL_FF=0.000
2026-04-20 13:45:01 [INFO] MONITOR az=350.325 el=30.150 AZ_ERR=0.000 EL_ERR=0.000 AZ_PID=0.000 EL_PID=0.000 EL_FF=0.000
2026-04-20 13:45:02 [INFO] MONITOR az=350.325 el=30.150 AZ_ERR=0.000 EL_ERR=0.000 AZ_PID=0.000 EL_PID=0.000 EL_FF=0.000
2026-04-20 13:45:03 [INFO] MONITOR az=350.325 el=30.150 AZ_ERR=0.000 EL_ERR=0.000 AZ_PID=0.000 EL_PID=0.000 EL_FF=0.000
2026-04-20 13:45:04 [INFO] MONITOR az=350.325 el=30.150 AZ_ERR=0.000 EL_ERR=0.000 AZ_PID=0.000 EL_PID=0.000 EL_FF=0.000
2026-04-20 13:45:05 [INFO] MONITOR az=350.325 el=30.150 AZ_ERR=0.000 EL_ERR=0.000 AZ_PID=0.000 EL_PID=0.000 EL_FF=0.000
2026-04-20 13:45:06 [INFO] MONITOR az=350.325 el=30.150 AZ_ERR=0.000 EL_ERR=0.000 AZ_PID=0.000 EL_PID=0.000 EL_FF=0.000
2026-04-20 13:45:07 [INFO] MONITOR az=350.325 el=30.150 AZ_ERR=0.000 EL_ERR=0.000 AZ_PID=0.000 EL_PID=0.000 EL_FF=0.000
2026-04-20 13:45:08 [INFO] MONITOR az=350.325 el=30.150 AZ_ERR=0.000 EL_ERR=0.000 AZ_PID=0.000 EL_PID=0.000 EL_FF=0.000
2026-04-20 13:45:09 [INFO] MONITOR az=350.325 el=30.150 AZ_ERR=0.000 EL_ERR=0.000 AZ_PID=0.000 EL_PID=0.000 EL_FF=0.000
2026-04-20 13:45:10 [INFO] MONITOR az=350.325 el=30.150 AZ_ERR=0.000 EL_ERR=0.000 AZ_PID=0.000 EL_PID=0.000 EL_FF=0.000
2026-04-20 13:45:11 [INFO] MONITOR az=350.325 el=30.150 AZ_ERR=0.000 EL_ERR=0.000 AZ_PID=0.000 EL_PID=0.000 EL_FF=0.000
2026-04-20 13:45:12 [INFO] MONITOR az=350.325 el=30.150 AZ_ERR=0.000 EL_ERR=0.000 AZ_PID=0.000 EL_PID=0.000 EL_FF=0.000
2026-04-20 13:45:13 [INFO] MONITOR az=350.325 el=30.150 AZ_ERR=0.000 EL_ERR=0.000 AZ_PID=0.000 EL_PID=0.000 EL_FF=0.000
2026-04-20 13:45:14 [INFO] MONITOR az=350.325 el=30.150 AZ_ERR=0.000 EL_ERR=0.000 AZ_PID=0.000 EL_PID=0.000 EL_FF=0.000
2026-04-20 13:45:15 [INFO] MONITOR az=350.325 el=30.150 AZ_ERR=0.000 EL_ERR=0.000 AZ_PID=0.000 EL_PID=0.000 EL_FF=0.000
2026-04-20 13:45:16 [INFO] MONITOR az=350.325 el=30.150 AZ_ERR=0.000 EL_ERR=0.000 AZ_PID=0.000 EL_PID=0.000 EL_FF=0.000
2026-04-20 13:45:17 [INFO] MONITOR az=350.325 el=30.150 AZ_ERR=0.000 EL_ERR=0.000 AZ_PID=0.000 EL_PID=0.000 EL_FF=0.000
2026-04-20 13:45:18 [INFO] MONITOR az=350.325 el=30.150 AZ_ERR=0.000 EL_ERR=0.000 AZ_PID=0.000 EL_PID=0.000 EL_FF=0.000
2026-04-20 13:45:19 [INFO] MONITOR az=350.325 el=30.150 AZ_ERR=0.000 EL_ERR=0.000 AZ_PID=0.000 EL_PID=0.000 EL_FF=0.000
2026-04-20 13:45:20 [INFO] MONITOR az=350.325 el=30.150 AZ_ERR=0.000 EL_ERR=0.000 AZ_PID=0.000 EL_PID=0.000 EL_FF=0.000
2026-04-20 13:45:21 [INFO] MONITOR az=350.325 el=30.150 AZ_ERR=0.000 EL_ERR=0.000 AZ_PID=0.000 EL_PID=0.000 EL_FF=0.000
2026-04-20 13:45:22 [INFO] MONITOR az=350.325 el=30.150 AZ_ERR=0.000 EL_ERR=0.000 AZ_PID=0.000 EL_PID=0.000 EL_FF=0.000
2026-04-20 13:45:23 [INFO] MONITOR az=350.325 el=30.150 AZ_ERR=0.000 EL_ERR=0.000 AZ_PID=0.000 EL_PID=0.000 EL_FF=0.000
2026-04-20 13:45:24 [INFO] MONITOR az=350.325 el=30.150 AZ_ERR=0.000 EL_ERR=0.000 AZ_PID=0.000 EL_PID=0.000 EL_FF=0.000
2026-04-20 13:45:25 [INFO] MONITOR az=350.325 el=30.150 AZ_ERR=0.000 EL_ERR=0.000 AZ_PID=0.000 EL_PID=0.000 EL_FF=0.000
2026-04-20 13:45:26 [INFO] MONITOR az=350.325 el=30.150 AZ_ERR=0.000 EL_ERR=0.000 AZ_PID=0.000 EL_PID=0.000 EL_FF=0.000
2026-04-20 13:45:27 [INFO] MONITOR az=350.325 el=30.150 AZ_ERR=0.000 EL_ERR=0.000 AZ_PID=0.000 EL_PID=0.000 EL_FF=0.000
2026-04-20 13:45:28 [INFO] MONITOR az=350.325 el=30.150 AZ_ERR=0.000 EL_ERR=0.000 AZ_PID=0.000 EL_PID=0.000 EL_FF=0.000
2026-04-20 13:45:29 [INFO] MONITOR az=350.325 el=30.150 AZ_ERR=0.000 EL_ERR=0.000 AZ_PID=0.000 EL_PID=0.000 EL_FF=0.000
2026-04-20 13:45:30 [INFO] MONITOR az=350.325 el=30.150 AZ_ERR=0.000 EL_ERR=0.000 AZ_PID=0.000 EL_PID=0.000 EL_FF=0.000
2026-04-20 13:45:31 [INFO] MONITOR az=350.325 el=30.150 AZ_ERR=0.000 EL_ERR=0.000 AZ_PID=0.000 EL_PID=0.000 EL_FF=0.000
2026-04-20 13:45:32 [INFO] MONITOR az=350.325 el=30.150 AZ_ERR=0.000 EL_ERR=0.000 AZ_PID=0.000 EL_PID=0.000 EL_FF=0.000
2026-04-20 13:45:33 [INFO] MONITOR az=350.325 el=30.150 AZ_ERR=0.000 EL_ERR=0.000 AZ_PID=0.000 EL_PID=0.000 EL_FF=0.000
2026-04-20 13:45:34 [INFO] MONITOR az=350.325 el=30.150 AZ_ERR=0.000 EL_ERR=0.000 AZ_PID=0.000 EL_PID=0.000 EL_FF=0.000
2026-04-20 13:45:35 [INFO] MONITOR az=350.325 el=30.150 AZ_ERR=0.000 EL_ERR=0.000 AZ_PID=0.000 EL_PID=0.000 EL_FF=0.000
2026-04-20 13:45:36 [INFO] MONITOR az=350.325 el=30.150 AZ_ERR=0.000 EL_ERR=0.000 AZ_PID=0.000 EL_PID=0.000 EL_FF=0.000
2026-04-20 13:45:37 [INFO] MONITOR az=350.325 el=30.150 AZ_ERR=0.000 EL_ERR=0.000 AZ_PID=0.000 EL_PID=0.000 EL_FF=0.000
2026-04-20 13:45:38 [INFO] MONITOR az=350.325 el=30.150 AZ_ERR=0.000 EL_ERR=0.000 AZ_PID=0.000 EL_PID=0.000 EL_FF=0.000
2026-04-20 13:45:39 [INFO] MONITOR az=350.325 el=30.150 AZ_ERR=0.000 EL_ERR=0.000 AZ_PID=0.000 EL_PID=0.000 EL_FF=0.000
2026-04-20 13:45:40 [INFO] MONITOR az=350.325 el=30.150 AZ_ERR=0.000 EL_ERR=0.000 AZ_PID=0.000 EL_PID=0.000 EL_FF=0.000
2026-04-20 13:45:41 [INFO] MONITOR az=350.325 el=30.150 AZ_ERR=0.000 EL_ERR=0.000 AZ_PID=0.000 EL_PID=0.000 EL_FF=0.000
2026-04-20 13:45:42 [INFO] MONITOR az=350.325 el=30.150 AZ_ERR=0.000 EL_ERR=0.000 AZ_PID=0.000 EL_PID=0.000 EL_FF=0.000
2026-04-20 13:45:43 [INFO] MONITOR az=350.325 el=30.150 AZ_ERR=0.000 EL_ERR=0.000 AZ_PID=0.000 EL_PID=0.000 EL_FF=0.000
2026-04-20 13:45:44 [INFO] MONITOR az=350.325 el=30.150 AZ_ERR=0.000 EL_ERR=0.000 AZ_PID=0.000 EL_PID=0.000 EL_FF=0.000
2026-04-20 13:45:45 [INFO] MONITOR az=350.325 el=30.150 AZ_ERR=0.000 EL_ERR=0.000 AZ_PID=0.000 EL_PID=0.000 EL_FF=0.000
2026-04-20 13:45:46 [INFO] MONITOR az=350.325 el=30.150 AZ_ERR=0.000 EL_ERR=0.000 AZ_PID=0.000 EL_PID=0.000 EL_FF=0.000
2026-04-20 13:45:47 [INFO] MONITOR az=350.325 el=30.150 AZ_ERR=0.000 EL_ERR=0.000 AZ_PID=0.000 EL_PID=0.000 EL_FF=0.000
2026-04-20 13:45:48 [INFO] MONITOR az=350.325 el=30.150 AZ_ERR=0.000 EL_ERR=0.000 AZ_PID=0.000 EL_PID=0.000 EL_FF=0.000
2026-04-20 13:45:49 [INFO] MONITOR az=350.325 el=30.150 AZ_ERR=0.000 EL_ERR=0.000 AZ_PID=0.000 EL_PID=0.000 EL_FF=0.000
2026-04-20 13:45:50 [INFO] MONITOR az=350.325 el=30.150 AZ_ERR=0.000 EL_ERR=0.000 AZ_PID=0.000 EL_PID=0.000 EL_FF=0.000
2026-04-20 13:45:51 [INFO] MONITOR az=350.325 el=30.150 AZ_ERR=0.000 EL_ERR=0.000 AZ_PID=0.000 EL_PID=0.000 EL_FF=0.000
2026-04-20 13:45:52 [INFO] MONITOR az=350.325 el=30.150 AZ_ERR=0.000 EL_ERR=0.000 AZ_PID=0.000 EL_PID=0.000 EL_FF=0.000
2026-04-20 13:45:53 [INFO] MONITOR az=350.325 el=30.150 AZ_ERR=0.000 EL_ERR=0.000 AZ_PID=0.000 EL_PID=0.000 EL_FF=0.000
2026-04-20 13:45:54 [INFO] MONITOR az=350.325 el=30.150 AZ_ERR=0.000 EL_ERR=0.000 AZ_PID=0.000 EL_PID=0.000 EL_FF=0.000
2026-04-20 13:45:55 [INFO] MONITOR az=350.325 el=30.150 AZ_ERR=0.000 EL_ERR=0.000 AZ_PID=0.000 EL_PID=0.000 EL_FF=0.000
2026-04-20 13:45:56 [INFO] MONITOR az=350.325 el=30.150 AZ_ERR=0.000 EL_ERR=0.000 AZ_PID=0.000 EL_PID=0.000 EL_FF=0.000
2026-04-20 13:45:57 [INFO] MONITOR az=350.325 el=30.150 AZ_ERR=0.000 EL_ERR=0.000 AZ_PID=0.000 EL_PID=0.000 EL_FF=0.000
2026-04-20 13:45:58 [INFO] MONITOR az=350.325 el=30.150 AZ_ERR=0.000 EL_ERR=0.000 AZ_PID=0.000 EL_PID=0.000 EL_FF=0.000
2026-04-20 13:45:59 [INFO] MONITOR az=350.325 el=30.150 AZ_ERR=0.000 EL_ERR=0.000 AZ_PID=0.000 EL_PID=0.000 EL_FF=0.000
2026-04-20 13:46:00 [INFO] MONITOR az=350.325 el=30.150 AZ_ERR=0.000 EL_ERR=0.000 AZ_PID=0.000 EL_PID=0.000 EL_FF=0.000
2026-04-20 13:46:01 [INFO] MONITOR az=350.325 el=30.150 AZ_ERR=0.000 EL_ERR=0.000 AZ_PID=0.000 EL_PID=0.000 EL_FF=0.000
2026-04-20 13:46:02 [INFO] MONITOR az=350.325 el=30.150 AZ_ERR=0.000 EL_ERR=0.000 AZ_PID=0.000 EL_PID=0.000 EL_FF=0.000
2026-04-20 13:46:03 [INFO] MONITOR az=350.325 el=30.150 AZ_ERR=0.000 EL_ERR=0.000 AZ_PID=0.000 EL_PID=0.000 EL_FF=0.000
2026-04-20 13:46:04 [INFO] MONITOR az=350.325 el=30.150 AZ_ERR=0.000 EL_ERR=0.000 AZ_PID=0.000 EL_PID=0.000 EL_FF=0.000
2026-04-20 13:46:05 [INFO] MONITOR az=350.325 el=30.150 AZ_ERR=0.000 EL_ERR=0.000 AZ_PID=0.000 EL_PID=0.000 EL_FF=0.000
2026-04-20 13:46:06 [INFO] MONITOR az=350.325 el=30.150 AZ_ERR=0.000 EL_ERR=0.000 AZ_PID=0.000 EL_PID=0.000 EL_FF=0.000
2026-04-20 13:46:07 [INFO] MONITOR az=350.325 el=30.150 AZ_ERR=0.000 EL_ERR=0.000 AZ_PID=0.000 EL_PID=0.000 EL_FF=0.000
2026-04-20 13:46:08 [INFO] MONITOR az=350.325 el=30.150 AZ_ERR=0.000 EL_ERR=0.000 AZ_PID=0.000 EL_PID=0.000 EL_FF=0.000
2026-04-20 13:46:09 [INFO] MONITOR az=350.325 el=30.150 AZ_ERR=0.000 EL_ERR=0.000 AZ_PID=0.000 EL_PID=0.000 EL_FF=0.000
2026-04-20 13:46:10 [INFO] MONITOR az=350.325 el=30.150 AZ_ERR=0.000 EL_ERR=0.000 AZ_PID=0.000 EL_PID=0.000 EL_FF=0.000
2026-04-20 13:46:11 [INFO] MONITOR az=350.325 el=30.150 AZ_ERR=0.000 EL_ERR=0.000 AZ_PID=0.000 EL_PID=0.000 EL_FF=0.000
2026-04-20 13:46:12 [INFO] MONITOR az=350.325 el=30.150 AZ_ERR=0.000 EL_ERR=0.000 AZ_PID=0.000 EL_PID=0.000 EL_FF=0.000
2026-04-20 13:46:13 [INFO] MONITOR az=350.325 el=30.150 AZ_ERR=0.000 EL_ERR=0.000 AZ_PID=0.000 EL_PID=0.000 EL_FF=0.000
2026-04-20 13:46:14 [INFO] MONITOR az=350.325 el=30.150 AZ_ERR=0.000 EL_ERR=0.000 AZ_PID=0.000 EL_PID=0.000 EL_FF=0.000
2026-04-20 13:46:15 [INFO] MONITOR az=350.325 el=30.150 AZ_ERR=0.000 EL_ERR=0.000 AZ_PID=0.000 EL_PID=0.000 EL_FF=0.000
2026-04-20 13:46:16 [INFO] MONITOR az=350.325 el=30.150 AZ_ERR=0.000 EL_ERR=0.000 AZ_PID=0.000 EL_PID=0.000 EL_FF=0.000
2026-04-20 13:46:17 [INFO] MONITOR az=350.325 el=30.150 AZ_ERR=0.000 EL_ERR=0.000 AZ_PID=0.000 EL_PID=0.000 EL_FF=0.000
2026-04-20 13:46:18 [INFO] MONITOR az=350.325 el=30.150 AZ_ERR=0.000 EL_ERR=0.000 AZ_PID=0.000 EL_PID=0.000 EL_FF=0.000
2026-04-20 13:46:19 [INFO] MONITOR az=350.325 el=30.150 AZ_ERR=0.000 EL_ERR=0.000 AZ_PID=0.000 EL_PID=0.000 EL_FF=0.000
2026-04-20 13:46:20 [INFO] MONITOR az=350.325 el=30.150 AZ_ERR=0.000 EL_ERR=0.000 AZ_PID=0.000 EL_PID=0.000 EL_FF=0.000
2026-04-20 13:46:21 [INFO] MONITOR az=350.325 el=30.150 AZ_ERR=0.000 EL_ERR=0.000 AZ_PID=0.000 EL_PID=0.000 EL_FF=0.000
2026-04-20 13:46:22 [INFO] MONITOR az=350.325 el=30.150 AZ_ERR=0.000 EL_ERR=0.000 AZ_PID=0.000 EL_PID=0.000 EL_FF=0.000
2026-04-20 13:46:23 [INFO] MONITOR az=350.325 el=30.150 AZ_ERR=0.000 EL_ERR=0.000 AZ_PID=0.000 EL_PID=0.000 EL_FF=0.000
2026-04-20 13:46:24 [INFO] MONITOR az=350.325 el=30.150 AZ_ERR=0.000 EL_ERR=0.000 AZ_PID=0.000 EL_PID=0.000 EL_FF=0.000
2026-04-20 13:46:25 [INFO] MONITOR az=350.325 el=30.150 AZ_ERR=0.000 EL_ERR=0.000 AZ_PID=0.000 EL_PID=0.000 EL_FF=0.000
2026-04-20 13:46:26 [INFO] MONITOR az=350.325 el=30.150 AZ_ERR=0.000 EL_ERR=0.000 AZ_PID=0.000 EL_PID=0.000 EL_FF=0.000
2026-04-20 13:46:27 [INFO] MONITOR az=350.325 el=30.150 AZ_ERR=0.000 EL_ERR=0.000 AZ_PID=0.000 EL_PID=0.000 EL_FF=0.000
2026-04-20 13:46:28 [INFO] MONITOR az=350.325 el=30.150 AZ_ERR=0.000 EL_ERR=0.000 AZ_PID=0.000 EL_PID=0.000 EL_FF=0.000
2026-04-20 13:46:29 [INFO] MONITOR az=350.325 el=30.150 AZ_ERR=0.000 EL_ERR=0.000 AZ_PID=0.000 EL_PID=0.000 EL_FF=0.000
2026-04-20 13:46:30 [INFO] MONITOR az=350.325 el=30.150 AZ_ERR=0.000 EL_ERR=0.000 AZ_PID=0.000 EL_PID=0.000 EL_FF=0.000
2026-04-20 13:46:31 [INFO] MONITOR az=350.325 el=30.150 AZ_ERR=0.000 EL_ERR=0.000 AZ_PID=0.000 EL_PID=0.000 EL_FF=0.000
2026-04-20 13:46:32 [INFO] MONITOR az=350.325 el=30.150 AZ_ERR=0.000 EL_ERR=0.000 AZ_PID=0.000 EL_PID=0.000 EL_FF=0.000
2026-04-20 13:46:33 [INFO] MONITOR az=350.325 el=30.150 AZ_ERR=0.000 EL_ERR=0.000 AZ_PID=0.000 EL_PID=0.000 EL_FF=0.000
2026-04-20 13:46:34 [INFO] MONITOR az=350.325 el=30.150 AZ_ERR=0.000 EL_ERR=0.000 AZ_PID=0.000 EL_PID=0.000 EL_FF=0.000
2026-04-20 13:46:35 [INFO] MONITOR az=350.325 el=30.150 AZ_ERR=0.000 EL_ERR=0.000 AZ_PID=0.000 EL_PID=0.000 EL_FF=0.000
2026-04-20 13:46:36 [INFO] MONITOR az=350.325 el=30.150 AZ_ERR=0.000 EL_ERR=0.000 AZ_PID=0.000 EL_PID=0.000 EL_FF=0.000
2026-04-20 13:46:37 [INFO] MONITOR az=350.325 el=30.150 AZ_ERR=0.000 EL_ERR=0.000 AZ_PID=0.000 EL_PID=0.000 EL_FF=0.000
2026-04-20 13:46:38 [INFO] MONITOR az=350.325 el=30.150 AZ_ERR=0.000 EL_ERR=0.000 AZ_PID=0.000 EL_PID=0.000 EL_FF=0.000
2026-04-20 13:46:39 [INFO] MONITOR az=350.325 el=30.150 AZ_ERR=0.000 EL_ERR=0.000 AZ_PID=0.000 EL_PID=0.000 EL_FF=0.000
2026-04-20 13:46:40 [INFO] MONITOR az=350.325 el=30.150 AZ_ERR=0.000 EL_ERR=0.000 AZ_PID=0.000 EL_PID=0.000 EL_FF=0.000
2026-04-20 13:46:41 [INFO] MONITOR az=350.325 el=30.150 AZ_ERR=0.000 EL_ERR=0.000 AZ_PID=0.000 EL_PID=0.000 EL_FF=0.000
2026-04-20 13:46:42 [INFO] MONITOR az=350.325 el=30.150 AZ_ERR=0.000 EL_ERR=0.000 AZ_PID=0.000 EL_PID=0.000 EL_FF=0.000
2026-04-20 13:46:43 [INFO] MONITOR az=350.325 el=30.150 AZ_ERR=0.000 EL_ERR=0.000 AZ_PID=0.000 EL_PID=0.000 EL_FF=0.000
2026-04-20 13:46:44 [INFO] MONITOR az=350.325 el=30.150 AZ_ERR=0.000 EL_ERR=0.000 AZ_PID=0.000 EL_PID=0.000 EL_FF=0.000
2026-04-20 13:46:45 [INFO] MONITOR az=350.325 el=30.150 AZ_ERR=0.000 EL_ERR=0.000 AZ_PID=0.000 EL_PID=0.000 EL_FF=0.000
2026-04-20 13:46:46 [INFO] MONITOR az=350.325 el=30.150 AZ_ERR=0.000 EL_ERR=0.000 AZ_PID=0.000 EL_PID=0.000 EL_FF=0.000
2026-04-20 13:46:47 [INFO] MONITOR az=350.325 el=30.150 AZ_ERR=0.000 EL_ERR=0.000 AZ_PID=0.000 EL_PID=0.000 EL_FF=0.000
2026-04-20 13:46:48 [INFO] MONITOR az=350.325 el=30.150 AZ_ERR=0.000 EL_ERR=0.000 AZ_PID=0.000 EL_PID=0.000 EL_FF=0.000
2026-04-20 13:46:49 [INFO] MONITOR az=350.325 el=30.150 AZ_ERR=0.000 EL_ERR=0.000 AZ_PID=0.000 EL_PID=0.000 EL_FF=0.000
2026-04-20 13:46:50 [INFO] MONITOR az=350.325 el=30.150 AZ_ERR=0.000 EL_ERR=0.000 AZ_PID=0.000 EL_PID=0.000 EL_FF=0.000
2026-04-20 13:46:51 [INFO] MONITOR az=350.325 el=30.150 AZ_ERR=0.000 EL_ERR=0.000 AZ_PID=0.000 EL_PID=0.000 EL_FF=0.000
2026-04-20 13:46:52 [INFO] MONITOR az=350.325 el=30.150 AZ_ERR=0.000 EL_ERR=0.000 AZ_PID=0.000 EL_PID=0.000 EL_FF=0.000
2026-04-20 13:46:53 [INFO] MONITOR az=350.325 el=30.150 AZ_ERR=0.000 EL_ERR=0.000 AZ_PID=0.000 EL_PID=0.000 EL_FF=0.000
2026-04-20 13:46:54 [INFO] MONITOR az=350.325 el=30.150 AZ_ERR=0.000 EL_ERR=0.000 AZ_PID=0.000 EL_PID=0.000 EL_FF=0.000
2026-04-20 13:46:55 [INFO] MONITOR az=350.325 el=30.150 AZ_ERR=0.000 EL_ERR=0.000 AZ_PID=0.000 EL_PID=0.000 EL_FF=0.000
2026-04-20 13:46:56 [INFO] MONITOR az=350.325 el=30.150 AZ_ERR=0.000 EL_ERR=0.000 AZ_PID=0.000 EL_PID=0.000 EL_FF=0.000
2026-04-20 13:46:57 [INFO] MONITOR az=350.325 el=30.150 AZ_ERR=0.000 EL_ERR=0.000 AZ_PID=0.000 EL_PID=0.000 EL_FF=0.000
2026-04-20 13:46:58 [INFO] MONITOR az=350.325 el=30.150 AZ_ERR=0.000 EL_ERR=0.000 AZ_PID=0.000 EL_PID=0.000 EL_FF=0.000
2026-04-20 13:46:59 [INFO] MONITOR az=350.325 el=30.150 AZ_ERR=0.000 EL_ERR=0.000 AZ_PID=0.000 EL_PID=0.000 EL_FF=0.000
2026-04-20 13:47:00 [INFO] MONITOR az=350.325 el=30.150 AZ_ERR=0.000 EL_ERR=0.000 AZ_PID=0.000 EL_PID=0.000 EL_FF=0.000
2026-04-20 13:47:01 [INFO] MONITOR az=350.325 el=30.150 AZ_ERR=0.000 EL_ERR=0.000 AZ_PID=0.000 EL_PID=0.000 EL_FF=0.000
2026-04-20 13:47:02 [INFO] MONITOR az=350.325 el=30.150 AZ_ERR=0.000 EL_ERR=0.000 AZ_PID=0.000 EL_PID=0.000 EL_FF=0.000
2026-04-20 13:47:03 [INFO] MONITOR az=350.325 el=30.150 AZ_ERR=0.000 EL_ERR=0.000 AZ_PID=0.000 EL_PID=0.000 EL_FF=0.000
2026-04-20 13:47:04 [INFO] MONITOR az=350.325 el=30.150 AZ_ERR=0.000 EL_ERR=0.000 AZ_PID=0.000 EL_PID=0.000 EL_FF=0.000
2026-04-20 13:47:05 [INFO] MONITOR az=350.325 el=30.150 AZ_ERR=0.000 EL_ERR=0.000 AZ_PID=0.000 EL_PID=0.000 EL_FF=0.000
2026-04-20 13:47:06 [INFO] MONITOR az=350.325 el=30.150 AZ_ERR=0.000 EL_ERR=0.000 AZ_PID=0.000 EL_PID=0.000 EL_FF=0.000
2026-04-20 13:47:07 [INFO] MONITOR az=350.325 el=30.150 AZ_ERR=0.000 EL_ERR=0.000 AZ_PID=0.000 EL_PID=0.000 EL_FF=0.000
2026-04-20 13:47:08 [INFO] MONITOR az=350.325 el=30.150 AZ_ERR=0.000 EL_ERR=0.000 AZ_PID=0.000 EL_PID=0.000 EL_FF=0.000
2026-04-20 13:47:09 [INFO] MONITOR az=350.325 el=30.150 AZ_ERR=0.000 EL_ERR=0.000 AZ_PID=0.000 EL_PID=0.000 EL_FF=0.000
2026-04-20 13:47:10 [INFO] MONITOR az=350.325 el=30.150 AZ_ERR=0.000 EL_ERR=0.000 AZ_PID=0.000 EL_PID=0.000 EL_FF=0.000
2026-04-20 13:47:11 [INFO] MONITOR az=350.325 el=30.150 AZ_ERR=0.000 EL_ERR=0.000 AZ_PID=0.000 EL_PID=0.000 EL_FF=0.000
2026-04-20 13:47:12 [INFO] MONITOR az=350.325 el=30.150 AZ_ERR=0.000 EL_ERR=0.000 AZ_PID=0.000 EL_PID=0.000 EL_FF=0.000
2026-04-20 13:47:13 [INFO] MONITOR az=350.325 el=30.150 AZ_ERR=0.000 EL_ERR=0.000 AZ_PID=0.000 EL_PID=0.000 EL_FF=0.000
2026-04-20 13:47:14 [INFO] MONITOR az=350.325 el=30.150 AZ_ERR=0.000 EL_ERR=0.000 AZ_PID=0.000 EL_PID=0.000 EL_FF=0.000
2026-04-20 13:47:15 [INFO] MONITOR az=350.325 el=30.150 AZ_ERR=0.000 EL_ERR=0.000 AZ_PID=0.000 EL_PID=0.000 EL_FF=0.000
2026-04-20 13:47:16 [INFO] MONITOR az=350.325 el=30.150 AZ_ERR=0.000 EL_ERR=0.000 AZ_PID=0.000 EL_PID=0.000 EL_FF=0.000
2026-04-20 13:47:17 [INFO] MONITOR az=350.325 el=30.150 AZ_ERR=0.000 EL_ERR=0.000 AZ_PID=0.000 EL_PID=0.000 EL_FF=0.000
2026-04-20 13:47:18 [INFO] MONITOR az=350.325 el=30.150 AZ_ERR=0.000 EL_ERR=0.000 AZ_PID=0.000 EL_PID=0.000 EL_FF=0.000
2026-04-20 13:47:19 [INFO] MONITOR az=350.325 el=30.150 AZ_ERR=0.000 EL_ERR=0.000 AZ_PID=0.000 EL_PID=0.000 EL_FF=0.000
2026-04-20 13:47:20 [INFO] MONITOR az=350.325 el=30.150 AZ_ERR=0.000 EL_ERR=0.000 AZ_PID=0.000 EL_PID=0.000 EL_FF=0.000
2026-04-20 13:47:21 [INFO] MONITOR az=350.325 el=30.150 AZ_ERR=0.000 EL_ERR=0.000 AZ_PID=0.000 EL_PID=0.000 EL_FF=0.000
2026-04-20 13:47:22 [INFO] MONITOR az=350.325 el=30.150 AZ_ERR=0.000 EL_ERR=0.000 AZ_PID=0.000 EL_PID=0.000 EL_FF=0.000
2026-04-20 13:47:23 [INFO] MONITOR az=350.325 el=30.150 AZ_ERR=0.000 EL_ERR=0.000 AZ_PID=0.000 EL_PID=0.000 EL_FF=0.000
2026-04-20 13:47:24 [INFO] MONITOR az=350.325 el=30.150 AZ_ERR=0.000 EL_ERR=0.000 AZ_PID=0.000 EL_PID=0.000 EL_FF=0.000
2026-04-20 13:47:25 [INFO] MONITOR az=350.325 el=30.150 AZ_ERR=0.000 EL_ERR=0.000 AZ_PID=0.000 EL_PID=0.000 EL_FF=0.000
2026-04-20 13:47:26 [INFO] MONITOR az=350.325 el=30.150 AZ_ERR=0.000 EL_ERR=0.000 AZ_PID=0.000 EL_PID=0.000 EL_FF=0.000
2026-04-20 13:47:27 [INFO] MONITOR az=350.325 el=30.150 AZ_ERR=0.000 EL_ERR=0.000 AZ_PID=0.000 EL_PID=0.000 EL_FF=0.000
2026-04-20 13:47:28 [INFO] MONITOR az=350.325 el=30.150 AZ_ERR=0.000 EL_ERR=0.000 AZ_PID=0.000 EL_PID=0.000 EL_FF=0.000
2026-04-20 13:47:29 [INFO] MONITOR az=350.325 el=30.150 AZ_ERR=0.000 EL_ERR=0.000 AZ_PID=0.000 EL_PID=0.000 EL_FF=0.000
2026-04-20 13:47:30 [INFO] MONITOR az=350.325 el=30.150 AZ_ERR=0.000 EL_ERR=0.000 AZ_PID=0.000 EL_PID=0.000 EL_FF=0.000
2026-04-20 13:47:31 [INFO] MONITOR az=350.325 el=30.150 AZ_ERR=0.000 EL_ERR=0.000 AZ_PID=0.000 EL_PID=0.000 EL_FF=0.000
2026-04-20 13:47:32 [INFO] MONITOR az=350.325 el=30.150 AZ_ERR=0.000 EL_ERR=0.000 AZ_PID=0.000 EL_PID=0.000 EL_FF=0.000
2026-04-20 13:47:33 [INFO] MONITOR az=350.325 el=30.150 AZ_ERR=0.000 EL_ERR=0.000 AZ_PID=0.000 EL_PID=0.000 EL_FF=0.000
2026-04-20 13:47:34 [INFO] MONITOR az=350.325 el=30.150 AZ_ERR=0.000 EL_ERR=0.000 AZ_PID=0.000 EL_PID=0.000 EL_FF=0.000
2026-04-20 13:47:35 [INFO] MONITOR az=350.325 el=30.150 AZ_ERR=0.000 EL_ERR=0.000 AZ_PID=0.000 EL_PID=0.000 EL_FF=0.000
2026-04-20 13:47:36 [INFO] MONITOR az=350.325 el=30.150 AZ_ERR=0.000 EL_ERR=0.000 AZ_PID=0.000 EL_PID=0.000 EL_FF=0.000
2026-04-20 13:47:37 [INFO] MONITOR az=350.325 el=30.150 AZ_ERR=0.000 EL_ERR=0.000 AZ_PID=0.000 EL_PID=0.000 EL_FF=0.000
2026-04-20 13:47:38 [INFO] MONITOR az=350.325 el=30.150 AZ_ERR=0.000 EL_ERR=0.000 AZ_PID=0.000 EL_PID=0.000 EL_FF=0.000
2026-04-20 13:47:39 [INFO] MONITOR az=350.325 el=30.150 AZ_ERR=0.000 EL_ERR=0.000 AZ_PID=0.000 EL_PID=0.000 EL_FF=0.000
2026-04-20 13:47:40 [INFO] MONITOR az=350.325 el=30.150 AZ_ERR=0.000 EL_ERR=0.000 AZ_PID=0.000 EL_PID=0.000 EL_FF=0.000
2026-04-20 13:47:41 [INFO] MONITOR az=350.325 el=30.150 AZ_ERR=0.000 EL_ERR=0.000 AZ_PID=0.000 EL_PID=0.000 EL_FF=0.000
2026-04-20 13:47:42 [INFO] MONITOR az=350.325 el=30.150 AZ_ERR=0.000 EL_ERR=0.000 AZ_PID=0.000 EL_PID=0.000 EL_FF=0.000
2026-04-20 13:47:43 [INFO] MONITOR az=350.325 el=30.150 AZ_ERR=0.000 EL_ERR=0.000 AZ_PID=0.000 EL_PID=0.000 EL_FF=0.000
2026-04-20 13:47:44 [INFO] MONITOR az=350.325 el=30.150 AZ_ERR=0.000 EL_ERR=0.000 AZ_PID=0.000 EL_PID=0.000 EL_FF=0.000
2026-04-20 13:47:45 [INFO] MONITOR az=350.325 el=30.150 AZ_ERR=0.000 EL_ERR=0.000 AZ_PID=0.000 EL_PID=0.000 EL_FF=0.000
2026-04-20 13:47:46 [INFO] MONITOR az=350.325 el=30.150 AZ_ERR=0.000 EL_ERR=0.000 AZ_PID=0.000 EL_PID=0.000 EL_FF=0.000
2026-04-20 13:47:47 [INFO] MONITOR az=350.325 el=30.150 AZ_ERR=0.000 EL_ERR=0.000 AZ_PID=0.000 EL_PID=0.000 EL_FF=0.000
2026-04-20 13:47:48 [INFO] MONITOR az=350.325 el=30.150 AZ_ERR=0.000 EL_ERR=0.000 AZ_PID=0.000 EL_PID=0.000 EL_FF=0.000
2026-04-20 13:47:49 [INFO] MONITOR az=350.325 el=30.150 AZ_ERR=0.000 EL_ERR=0.000 AZ_PID=0.000 EL_PID=0.000 EL_FF=0.000
2026-04-20 13:47:50 [INFO] MONITOR az=350.325 el=30.150 AZ_ERR=0.000 EL_ERR=0.000 AZ_PID=0.000 EL_PID=0.000 EL_FF=0.000
2026-04-20 13:47:51 [INFO] MONITOR az=350.325 el=30.150 AZ_ERR=0.000 EL_ERR=0.000 AZ_PID=0.000 EL_PID=0.000 EL_FF=0.000
2026-04-20 13:47:52 [INFO] MONITOR az=350.325 el=30.150 AZ_ERR=0.000 EL_ERR=0.000 AZ_PID=0.000 EL_PID=0.000 EL_FF=0.000
2026-04-20 13:47:53 [INFO] MONITOR az=350.325 el=30.150 AZ_ERR=0.000 EL_ERR=0.000 AZ_PID=0.000 EL_PID=0.000 EL_FF=0.000
2026-04-20 13:47:54 [INFO] MONITOR az=350.325 el=30.150 AZ_ERR=0.000 EL_ERR=0.000 AZ_PID=0.000 EL_PID=0.000 EL_FF=0.000
2026-04-20 13:47:55 [INFO] MONITOR az=350.325 el=30.150 AZ_ERR=0.000 EL_ERR=0.000 AZ_PID=0.000 EL_PID=0.000 EL_FF=0.000
2026-04-20 13:47:56 [INFO] MONITOR az=350.325 el=30.150 AZ_ERR=0.000 EL_ERR=0.000 AZ_PID=0.000 EL_PID=0.000 EL_FF=0.000
2026-04-20 13:47:57 [INFO] MONITOR az=350.325 el=30.150 AZ_ERR=0.000 EL_ERR=0.000 AZ_PID=0.000 EL_PID=0.000 EL_FF=0.000
2026-04-20 13:47:58 [INFO] MONITOR az=350.325 el=30.150 AZ_ERR=0.000 EL_ERR=0.000 AZ_PID=0.000 EL_PID=0.000 EL_FF=0.000
2026-04-20 13:47:59 [INFO] MONITOR az=350.325 el=30.150 AZ_ERR=0.000 EL_ERR=0.000 AZ_PID=0.000 EL_PID=0.000 EL_FF=0.000
2026-04-20 13:48:00 [INFO] MONITOR az=350.325 el=30.150 AZ_ERR=0.000 EL_ERR=0.000 AZ_PID=0.000 EL_PID=0.000 EL_FF=0.000
2026-04-20 13:48:01 [INFO] MONITOR az=350.325 el=30.150 AZ_ERR=0.000 EL_ERR=0.000 AZ_PID=0.000 EL_PID=0.000 EL_FF=0.000
2026-04-20 13:48:02 [INFO] MONITOR az=350.325 el=30.150 AZ_ERR=0.000 EL_ERR=0.000 AZ_PID=0.000 EL_PID=0.000 EL_FF=0.000
2026-04-20 13:48:03 [INFO] MONITOR az=350.325 el=30.150 AZ_ERR=0.000 EL_ERR=0.000 AZ_PID=0.000 EL_PID=0.000 EL_FF=0.000
2026-04-20 13:48:04 [INFO] MONITOR az=350.325 el=30.150 AZ_ERR=0.000 EL_ERR=0.000 AZ_PID=0.000 EL_PID=0.000 EL_FF=0.000
2026-04-20 13:48:05 [INFO] MONITOR az=350.325 el=30.150 AZ_ERR=0.000 EL_ERR=0.000 AZ_PID=0.000 EL_PID=0.000 EL_FF=0.000
2026-04-20 13:48:06 [INFO] MONITOR az=350.325 el=30.150 AZ_ERR=0.000 EL_ERR=0.000 AZ_PID=0.000 EL_PID=0.000 EL_FF=0.000
2026-04-20 13:48:07 [INFO] MONITOR az=350.325 el=30.150 AZ_ERR=0.000 EL_ERR=0.000 AZ_PID=0.000 EL_PID=0.000 EL_FF=0.000
2026-04-20 13:48:08 [INFO] MONITOR az=350.325 el=30.150 AZ_ERR=0.000 EL_ERR=0.000 AZ_PID=0.000 EL_PID=0.000 EL_FF=0.000
2026-04-20 13:48:09 [INFO] MONITOR az=350.325 el=30.150 AZ_ERR=0.000 EL_ERR=0.000 AZ_PID=0.000 EL_PID=0.000 EL_FF=0.000
2026-04-20 13:48:10 [INFO] MONITOR az=350.325 el=30.150 AZ_ERR=0.000 EL_ERR=0.000 AZ_PID=0.000 EL_PID=0.000 EL_FF=0.000
2026-04-20 13:48:11 [INFO] MONITOR az=350.325 el=30.150 AZ_ERR=0.000 EL_ERR=0.000 AZ_PID=0.000 EL_PID=0.000 EL_FF=0.000
2026-04-20 13:48:12 [INFO] MONITOR az=350.325 el=30.150 AZ_ERR=0.000 EL_ERR=0.000 AZ_PID=0.000 EL_PID=0.000 EL_FF=0.000
2026-04-20 13:48:13 [INFO] MONITOR az=350.325 el=30.150 AZ_ERR=0.000 EL_ERR=0.000 AZ_PID=0.000 EL_PID=0.000 EL_FF=0.000
2026-04-20 13:48:14 [INFO] MONITOR az=350.325 el=30.150 AZ_ERR=0.000 EL_ERR=0.000 AZ_PID=0.000 EL_PID=0.000 EL_FF=0.000
2026-04-20 13:48:15 [INFO] MONITOR az=350.325 el=30.150 AZ_ERR=0.000 EL_ERR=0.000 AZ_PID=0.000 EL_PID=0.000 EL_FF=0.000
2026-04-20 13:48:16 [INFO] MONITOR az=350.325 el=30.150 AZ_ERR=0.000 EL_ERR=0.000 AZ_PID=0.000 EL_PID=0.000 EL_FF=0.000
2026-04-20 13:48:17 [INFO] MONITOR az=350.325 el=30.150 AZ_ERR=0.000 EL_ERR=0.000 AZ_PID=0.000 EL_PID=0.000 EL_FF=0.000
2026-04-20 13:48:18 [INFO] MONITOR az=350.325 el=30.150 AZ_ERR=0.000 EL_ERR=0.000 AZ_PID=0.000 EL_PID=0.000 EL_FF=0.000
2026-04-20 13:48:19 [INFO] MONITOR az=350.325 el=30.150 AZ_ERR=0.000 EL_ERR=0.000 AZ_PID=0.000 EL_PID=0.000 EL_FF=0.000
2026-04-20 13:48:20 [INFO] MONITOR az=350.325 el=30.150 AZ_ERR=0.000 EL_ERR=0.000 AZ_PID=0.000 EL_PID=0.000 EL_FF=0.000
2026-04-20 13:48:21 [INFO] MONITOR az=350.325 el=30.150 AZ_ERR=0.000 EL_ERR=0.000 AZ_PID=0.000 EL_PID=0.000 EL_FF=0.000
2026-04-20 13:48:22 [INFO] MONITOR az=350.325 el=30.150 AZ_ERR=0.000 EL_ERR=0.000 AZ_PID=0.000 EL_PID=0.000 EL_FF=0.000
2026-04-20 13:48:23 [INFO] MONITOR az=350.325 el=30.150 AZ_ERR=0.000 EL_ERR=0.000 AZ_PID=0.000 EL_PID=0.000 EL_FF=0.000
2026-04-20 13:48:24 [INFO] MONITOR az=350.325 el=30.150 AZ_ERR=0.000 EL_ERR=0.000 AZ_PID=0.000 EL_PID=0.000 EL_FF=0.000
2026-04-20 13:48:25 [INFO] MONITOR az=350.325 el=30.150 AZ_ERR=0.000 EL_ERR=0.000 AZ_PID=0.000 EL_PID=0.000 EL_FF=0.000
2026-04-20 13:48:26 [INFO] MONITOR az=350.325 el=30.150 AZ_ERR=0.000 EL_ERR=0.000 AZ_PID=0.000 EL_PID=0.000 EL_FF=0.000
2026-04-20 13:48:27 [INFO] MONITOR az=350.325 el=30.150 AZ_ERR=0.000 EL_ERR=0.000 AZ_PID=0.000 EL_PID=0.000 EL_FF=0.000
2026-04-20 13:48:28 [INFO] MONITOR az=350.325 el=30.150 AZ_ERR=0.000 EL_ERR=0.000 AZ_PID=0.000 EL_PID=0.000 EL_FF=0.000
2026-04-20 13:48:29 [INFO] MONITOR az=350.325 el=30.150 AZ_ERR=0.000 EL_ERR=0.000 AZ_PID=0.000 EL_PID=0.000 EL_FF=0.000
2026-04-20 13:48:30 [INFO] MONITOR az=350.325 el=30.150 AZ_ERR=0.000 EL_ERR=0.000 AZ_PID=0.000 EL_PID=0.000 EL_FF=0.000
2026-04-20 13:48:31 [INFO] MONITOR az=350.325 el=30.150 AZ_ERR=0.000 EL_ERR=0.000 AZ_PID=0.000 EL_PID=0.000 EL_FF=0.000
2026-04-20 13:48:32 [INFO] MONITOR az=350.325 el=30.150 AZ_ERR=0.000 EL_ERR=0.000 AZ_PID=0.000 EL_PID=0.000 EL_FF=0.000
2026-04-20 13:48:33 [INFO] MONITOR az=350.325 el=30.150 AZ_ERR=0.000 EL_ERR=0.000 AZ_PID=0.000 EL_PID=0.000 EL_FF=0.000
2026-04-20 13:48:34 [INFO] MONITOR az=350.325 el=30.150 AZ_ERR=0.000 EL_ERR=0.000 AZ_PID=0.000 EL_PID=0.000 EL_FF=0.000
2026-04-20 13:48:35 [INFO] MONITOR az=350.325 el=30.150 AZ_ERR=0.000 EL_ERR=0.000 AZ_PID=0.000 EL_PID=0.000 EL_FF=0.000
2026-04-20 13:48:36 [INFO] MONITOR az=350.325 el=30.150 AZ_ERR=0.000 EL_ERR=0.000 AZ_PID=0.000 EL_PID=0.000 EL_FF=0.000
2026-04-20 13:48:37 [INFO] MONITOR az=350.325 el=30.150 AZ_ERR=0.000 EL_ERR=0.000 AZ_PID=0.000 EL_PID=0.000 EL_FF=0.000
2026-04-20 13:48:38 [INFO] MONITOR az=350.325 el=30.150 AZ_ERR=0.000 EL_ERR=0.000 AZ_PID=0.000 EL_PID=0.000 EL_FF=0.000
2026-04-20 13:48:39 [INFO] MONITOR az=350.325 el=30.150 AZ_ERR=0.000 EL_ERR=0.000 AZ_PID=0.000 EL_PID=0.000 EL_FF=0.000
2026-04-20 13:48:40 [INFO] MONITOR az=350.325 el=30.150 AZ_ERR=0.000 EL_ERR=0.000 AZ_PID=0.000 EL_PID=0.000 EL_FF=0.000
2026-04-20 13:48:41 [INFO] MONITOR az=350.325 el=30.150 AZ_ERR=0.000 EL_ERR=0.000 AZ_PID=0.000 EL_PID=0.000 EL_FF=0.000
2026-04-20 13:48:42 [INFO] MONITOR az=350.325 el=30.150 AZ_ERR=0.000 EL_ERR=0.000 AZ_PID=0.000 EL_PID=0.000 EL_FF=0.000
2026-04-20 13:48:43 [INFO] MONITOR az=350.325 el=30.150 AZ_ERR=0.000 EL_ERR=0.000 AZ_PID=0.000 EL_PID=0.000 EL_FF=0.000
2026-04-20 13:48:44 [INFO] MONITOR az=350.325 el=30.150 AZ_ERR=0.000 EL_ERR=0.000 AZ_PID=0.000 EL_PID=0.000 EL_FF=0.000
2026-04-20 13:48:45 [INFO] MONITOR az=350.325 el=30.150 AZ_ERR=0.000 EL_ERR=0.000 AZ_PID=0.000 EL_PID=0.000 EL_FF=0.000
2026-04-20 13:48:46 [INFO] MONITOR az=350.325 el=30.150 AZ_ERR=0.000 EL_ERR=0.000 AZ_PID=0.000 EL_PID=0.000 EL_FF=0.000
2026-04-20 13:48:47 [INFO] MONITOR az=350.325 el=30.150 AZ_ERR=0.000 EL_ERR=0.000 AZ_PID=0.000 EL_PID=0.000 EL_FF=0.000
2026-04-20 13:48:48 [INFO] MONITOR az=350.325 el=30.150 AZ_ERR=0.000 EL_ERR=0.000 AZ_PID=0.000 EL_PID=0.000 EL_FF=0.000
2026-04-20 13:48:49 [INFO] MONITOR az=350.325 el=30.150 AZ_ERR=0.000 EL_ERR=0.000 AZ_PID=0.000 EL_PID=0.000 EL_FF=0.000
2026-04-20 13:48:50 [INFO] MONITOR az=350.325 el=30.150 AZ_ERR=0.000 EL_ERR=0.000 AZ_PID=0.000 EL_PID=0.000 EL_FF=0.000
2026-04-20 13:48:51 [INFO] MONITOR az=350.325 el=30.150 AZ_ERR=0.000 EL_ERR=0.000 AZ_PID=0.000 EL_PID=0.000 EL_FF=0.000
2026-04-20 13:48:52 [INFO] MONITOR az=350.325 el=30.150 AZ_ERR=0.000 EL_ERR=0.000 AZ_PID=0.000 EL_PID=0.000 EL_FF=0.000
2026-04-20 13:48:53 [INFO] MONITOR az=350.325 el=30.150 AZ_ERR=0.000 EL_ERR=0.000 AZ_PID=0.000 EL_PID=0.000 EL_FF=0.000
2026-04-20 13:48:54 [INFO] MONITOR az=350.325 el=30.150 AZ_ERR=0.000 EL_ERR=0.000 AZ_PID=0.000 EL_PID=0.000 EL_FF=0.000
2026-04-20 13:48:55 [INFO] MONITOR az=350.325 el=30.150 AZ_ERR=0.000 EL_ERR=0.000 AZ_PID=0.000 EL_PID=0.000 EL_FF=0.000
2026-04-20 13:48:56 [INFO] MONITOR az=350.325 el=30.150 AZ_ERR=0.000 EL_ERR=0.000 AZ_PID=0.000 EL_PID=0.000 EL_FF=0.000
2026-04-20 13:48:57 [INFO] MONITOR az=350.325 el=30.150 AZ_ERR=0.000 EL_ERR=0.000 AZ_PID=0.000 EL_PID=0.000 EL_FF=0.000
2026-04-20 13:48:58 [INFO] MONITOR az=350.325 el=30.150 AZ_ERR=0.000 EL_ERR=0.000 AZ_PID=0.000 EL_PID=0.000 EL_FF=0.000
2026-04-20 13:48:59 [INFO] MONITOR az=350.325 el=30.150 AZ_ERR=0.000 EL_ERR=0.000 AZ_PID=0.000 EL_PID=0.000 EL_FF=0.000
2026-04-20 13:49:00 [INFO] MONITOR az=350.325 el=30.150 AZ_ERR=0.000 EL_ERR=0.000 AZ_PID=0.000 EL_PID=0.000 EL_FF=0.000
2026-04-20 13:49:01 [INFO] MONITOR az=350.325 el=30.150 AZ_ERR=0.000 EL_ERR=0.000 AZ_PID=0.000 EL_PID=0.000 EL_FF=0.000
2026-04-20 13:49:02 [INFO] MONITOR az=350.325 el=30.150 AZ_ERR=0.000 EL_ERR=0.000 AZ_PID=0.000 EL_PID=0.000 EL_FF=0.000
2026-04-20 13:49:03 [INFO] MONITOR az=350.325 el=30.150 AZ_ERR=0.000 EL_ERR=0.000 AZ_PID=0.000 EL_PID=0.000 EL_FF=0.000
2026-04-20 13:49:04 [INFO] MONITOR az=350.325 el=30.150 AZ_ERR=0.000 EL_ERR=0.000 AZ_PID=0.000 EL_PID=0.000 EL_FF=0.000
2026-04-20 13:49:05 [INFO] MONITOR az=350.325 el=30.150 AZ_ERR=0.000 EL_ERR=0.000 AZ_PID=0.000 EL_PID=0.000 EL_FF=0.000
2026-04-20 13:49:06 [INFO] MONITOR az=350.325 el=30.150 AZ_ERR=0.000 EL_ERR=0.000 AZ_PID=0.000 EL_PID=0.000 EL_FF=0.000
2026-04-20 13:49:07 [INFO] MONITOR az=350.325 el=30.150 AZ_ERR=0.000 EL_ERR=0.000 AZ_PID=0.000 EL_PID=0.000 EL_FF=0.000
2026-04-20 13:49:08 [INFO] MONITOR az=350.325 el=30.150 AZ_ERR=0.000 EL_ERR=0.000 AZ_PID=0.000 EL_PID=0.000 EL_FF=0.000
2026-04-20 13:49:09 [INFO] MONITOR az=350.325 el=30.150 AZ_ERR=0.000 EL_ERR=0.000 AZ_PID=0.000 EL_PID=0.000 EL_FF=0.000
2026-04-20 13:49:10 [INFO] MONITOR az=350.325 el=30.150 AZ_ERR=0.000 EL_ERR=0.000 AZ_PID=0.000 EL_PID=0.000 EL_FF=0.000
2026-04-20 13:49:11 [INFO] MONITOR az=350.325 el=30.150 AZ_ERR=0.000 EL_ERR=0.000 AZ_PID=0.000 EL_PID=0.000 EL_FF=0.000
2026-04-20 13:49:12 [INFO] MONITOR az=350.325 el=30.150 AZ_ERR=0.000 EL_ERR=0.000 AZ_PID=0.000 EL_PID=0.000 EL_FF=0.000
2026-04-20 13:49:13 [INFO] MONITOR az=350.325 el=30.150 AZ_ERR=0.000 EL_ERR=0.000 AZ_PID=0.000 EL_PID=0.000 EL_FF=0.000
2026-04-20 13:49:14 [INFO] MONITOR az=350.325 el=30.150 AZ_ERR=0.000 EL_ERR=0.000 AZ_PID=0.000 EL_PID=0.000 EL_FF=0.000
2026-04-20 13:49:15 [INFO] MONITOR az=350.325 el=30.150 AZ_ERR=0.000 EL_ERR=0.000 AZ_PID=0.000 EL_PID=0.000 EL_FF=0.000
2026-04-20 13:49:16 [INFO] MONITOR az=350.325 el=30.150 AZ_ERR=0.000 EL_ERR=0.000 AZ_PID=0.000 EL_PID=0.000 EL_FF=0.000
2026-04-20 13:49:17 [INFO] MONITOR az=350.325 el=30.150 AZ_ERR=0.000 EL_ERR=0.000 AZ_PID=0.000 EL_PID=0.000 EL_FF=0.000
2026-04-20 13:49:18 [INFO] MONITOR az=350.325 el=30.150 AZ_ERR=0.000 EL_ERR=0.000 AZ_PID=0.000 EL_PID=0.000 EL_FF=0.000
2026-04-20 13:49:19 [INFO] MONITOR az=350.325 el=30.150 AZ_ERR=0.000 EL_ERR=0.000 AZ_PID=0.000 EL_PID=0.000 EL_FF=0.000
2026-04-20 13:49:20 [INFO] MONITOR az=350.325 el=30.150 AZ_ERR=0.000 EL_ERR=0.000 AZ_PID=0.000 EL_PID=0.000 EL_FF=0.000
2026-04-20 13:49:22 [INFO] MONITOR az=350.325 el=30.150 AZ_ERR=0.000 EL_ERR=0.000 AZ_PID=0.000 EL_PID=0.000 EL_FF=0.000
2026-04-20 13:49:23 [INFO] MONITOR az=350.325 el=30.150 AZ_ERR=0.000 EL_ERR=0.000 AZ_PID=0.000 EL_PID=0.000 EL_FF=0.000
2026-04-20 13:49:24 [INFO] MONITOR az=350.325 el=30.150 AZ_ERR=0.000 EL_ERR=0.000 AZ_PID=0.000 EL_PID=0.000 EL_FF=0.000
2026-04-20 13:49:25 [INFO] MONITOR az=350.325 el=30.150 AZ_ERR=0.000 EL_ERR=0.000 AZ_PID=0.000 EL_PID=0.000 EL_FF=0.000
2026-04-20 13:49:26 [INFO] MONITOR az=350.325 el=30.150 AZ_ERR=0.000 EL_ERR=0.000 AZ_PID=0.000 EL_PID=0.000 EL_FF=0.000
2026-04-20 13:49:27 [INFO] MONITOR az=350.325 el=30.150 AZ_ERR=0.000 EL_ERR=0.000 AZ_PID=0.000 EL_PID=0.000 EL_FF=0.000
2026-04-20 13:49:28 [INFO] MONITOR az=350.325 el=30.150 AZ_ERR=0.000 EL_ERR=0.000 AZ_PID=0.000 EL_PID=0.000 EL_FF=0.000
2026-04-20 13:49:29 [INFO] MONITOR az=350.325 el=30.150 AZ_ERR=0.000 EL_ERR=0.000 AZ_PID=0.000 EL_PID=0.000 EL_FF=0.000
2026-04-20 13:49:30 [INFO] MONITOR az=350.325 el=30.150 AZ_ERR=0.000 EL_ERR=0.000 AZ_PID=0.000 EL_PID=0.000 EL_FF=0.000
2026-04-20 13:49:31 [INFO] MONITOR az=350.325 el=30.150 AZ_ERR=0.000 EL_ERR=0.000 AZ_PID=0.000 EL_PID=0.000 EL_FF=0.000
2026-04-20 13:49:32 [INFO] MONITOR az=350.325 el=30.150 AZ_ERR=0.000 EL_ERR=0.000 AZ_PID=0.000 EL_PID=0.000 EL_FF=0.000
2026-04-20 13:49:33 [INFO] MONITOR az=350.325 el=30.150 AZ_ERR=0.000 EL_ERR=0.000 AZ_PID=0.000 EL_PID=0.000 EL_FF=0.000
2026-04-20 13:49:34 [INFO] MONITOR az=350.325 el=30.150 AZ_ERR=0.000 EL_ERR=0.000 AZ_PID=0.000 EL_PID=0.000 EL_FF=0.000
2026-04-20 13:49:35 [INFO] MONITOR az=350.325 el=30.150 AZ_ERR=0.000 EL_ERR=0.000 AZ_PID=0.000 EL_PID=0.000 EL_FF=0.000
2026-04-20 13:49:36 [INFO] MONITOR az=350.325 el=30.150 AZ_ERR=0.000 EL_ERR=0.000 AZ_PID=0.000 EL_PID=0.000 EL_FF=0.000
2026-04-20 13:49:37 [INFO] MONITOR az=350.325 el=30.150 AZ_ERR=0.000 EL_ERR=0.000 AZ_PID=0.000 EL_PID=0.000 EL_FF=0.000
2026-04-20 13:49:38 [INFO] MONITOR az=350.325 el=30.150 AZ_ERR=0.000 EL_ERR=0.000 AZ_PID=0.000 EL_PID=0.000 EL_FF=0.000
2026-04-20 13:49:39 [INFO] MONITOR az=350.325 el=30.150 AZ_ERR=0.000 EL_ERR=0.000 AZ_PID=0.000 EL_PID=0.000 EL_FF=0.000
2026-04-20 13:49:40 [INFO] MONITOR az=350.325 el=30.150 AZ_ERR=0.000 EL_ERR=0.000 AZ_PID=0.000 EL_PID=0.000 EL_FF=0.000
2026-04-20 13:49:41 [INFO] MONITOR az=350.325 el=30.150 AZ_ERR=0.000 EL_ERR=0.000 AZ_PID=0.000 EL_PID=0.000 EL_FF=0.000
2026-04-20 13:49:42 [INFO] MONITOR az=350.325 el=30.150 AZ_ERR=0.000 EL_ERR=0.000 AZ_PID=0.000 EL_PID=0.000 EL_FF=0.000
2026-04-20 13:49:43 [INFO] MONITOR az=350.325 el=30.150 AZ_ERR=0.000 EL_ERR=0.000 AZ_PID=0.000 EL_PID=0.000 EL_FF=0.000
2026-04-20 13:49:44 [INFO] MONITOR az=350.325 el=30.150 AZ_ERR=0.000 EL_ERR=0.000 AZ_PID=0.000 EL_PID=0.000 EL_FF=0.000
2026-04-20 13:49:45 [INFO] MONITOR az=350.325 el=30.150 AZ_ERR=0.000 EL_ERR=0.000 AZ_PID=0.000 EL_PID=0.000 EL_FF=0.000
2026-04-20 13:49:46 [INFO] MONITOR az=350.325 el=30.150 AZ_ERR=0.000 EL_ERR=0.000 AZ_PID=0.000 EL_PID=0.000 EL_FF=0.000
2026-04-20 13:49:47 [INFO] MONITOR az=350.325 el=30.150 AZ_ERR=0.000 EL_ERR=0.000 AZ_PID=0.000 EL_PID=0.000 EL_FF=0.000
2026-04-20 13:49:48 [INFO] MONITOR az=350.325 el=30.150 AZ_ERR=0.000 EL_ERR=0.000 AZ_PID=0.000 EL_PID=0.000 EL_FF=0.000
2026-04-20 13:49:49 [INFO] MONITOR az=350.325 el=30.150 AZ_ERR=0.000 EL_ERR=0.000 AZ_PID=0.000 EL_PID=0.000 EL_FF=0.000
2026-04-20 13:49:50 [INFO] MONITOR az=350.325 el=30.150 AZ_ERR=0.000 EL_ERR=0.000 AZ_PID=0.000 EL_PID=0.000 EL_FF=0.000
2026-04-20 13:49:51 [INFO] MONITOR az=350.325 el=30.150 AZ_ERR=0.000 EL_ERR=0.000 AZ_PID=0.000 EL_PID=0.000 EL_FF=0.000
2026-04-20 13:49:52 [INFO] MONITOR az=350.325 el=30.150 AZ_ERR=0.000 EL_ERR=0.000 AZ_PID=0.000 EL_PID=0.000 EL_FF=0.000
2026-04-20 13:49:53 [INFO] MONITOR az=350.325 el=30.150 AZ_ERR=0.000 EL_ERR=0.000 AZ_PID=0.000 EL_PID=0.000 EL_FF=0.000
2026-04-20 13:49:54 [INFO] MONITOR az=350.325 el=30.150 AZ_ERR=0.000 EL_ERR=0.000 AZ_PID=0.000 EL_PID=0.000 EL_FF=0.000
2026-04-20 13:49:55 [INFO] MONITOR az=350.325 el=30.150 AZ_ERR=0.000 EL_ERR=0.000 AZ_PID=0.000 EL_PID=0.000 EL_FF=0.000
2026-04-20 13:49:56 [INFO] MONITOR az=350.325 el=30.150 AZ_ERR=0.000 EL_ERR=0.000 AZ_PID=0.000 EL_PID=0.000 EL_FF=0.000
2026-04-20 13:49:57 [INFO] MONITOR az=350.325 el=30.150 AZ_ERR=0.000 EL_ERR=0.000 AZ_PID=0.000 EL_PID=0.000 EL_FF=0.000
2026-04-20 13:49:58 [INFO] MONITOR az=350.325 el=30.150 AZ_ERR=0.000 EL_ERR=0.000 AZ_PID=0.000 EL_PID=0.000 EL_FF=0.000
2026-04-20 13:49:59 [INFO] MONITOR az=350.325 el=30.150 AZ_ERR=0.000 EL_ERR=0.000 AZ_PID=0.000 EL_PID=0.000 EL_FF=0.000
2026-04-20 13:50:00 [INFO] MONITOR az=350.325 el=30.150 AZ_ERR=0.000 EL_ERR=0.000 AZ_PID=0.000 EL_PID=0.000 EL_FF=0.000
2026-04-20 13:50:01 [INFO] MONITOR az=350.325 el=30.150 AZ_ERR=0.000 EL_ERR=0.000 AZ_PID=0.000 EL_PID=0.000 EL_FF=0.000
2026-04-20 13:50:02 [INFO] MONITOR az=350.325 el=30.150 AZ_ERR=0.000 EL_ERR=0.000 AZ_PID=0.000 EL_PID=0.000 EL_FF=0.000
2026-04-20 13:50:03 [INFO] MONITOR az=350.325 el=30.150 AZ_ERR=0.000 EL_ERR=0.000 AZ_PID=0.000 EL_PID=0.000 EL_FF=0.000
2026-04-20 13:50:04 [INFO] MONITOR az=350.325 el=30.150 AZ_ERR=0.000 EL_ERR=0.000 AZ_PID=0.000 EL_PID=0.000 EL_FF=0.000
2026-04-20 13:50:05 [INFO] MONITOR az=350.325 el=30.150 AZ_ERR=0.000 EL_ERR=0.000 AZ_PID=0.000 EL_PID=0.000 EL_FF=0.000
2026-04-20 13:50:06 [INFO] MONITOR az=350.325 el=30.150 AZ_ERR=0.000 EL_ERR=0.000 AZ_PID=0.000 EL_PID=0.000 EL_FF=0.000
2026-04-20 13:50:07 [INFO] MONITOR az=350.325 el=30.150 AZ_ERR=0.000 EL_ERR=0.000 AZ_PID=0.000 EL_PID=0.000 EL_FF=0.000
2026-04-20 13:50:08 [INFO] MONITOR az=350.325 el=30.150 AZ_ERR=0.000 EL_ERR=0.000 AZ_PID=0.000 EL_PID=0.000 EL_FF=0.000
2026-04-20 13:50:09 [INFO] MONITOR az=350.325 el=30.150 AZ_ERR=0.000 EL_ERR=0.000 AZ_PID=0.000 EL_PID=0.000 EL_FF=0.000
2026-04-20 13:50:10 [INFO] MONITOR az=350.325 el=30.150 AZ_ERR=0.000 EL_ERR=0.000 AZ_PID=0.000 EL_PID=0.000 EL_FF=0.000
2026-04-20 13:50:11 [INFO] MONITOR az=350.325 el=30.150 AZ_ERR=0.000 EL_ERR=0.000 AZ_PID=0.000 EL_PID=0.000 EL_FF=0.000
2026-04-20 13:50:12 [INFO] MONITOR az=350.325 el=30.150 AZ_ERR=0.000 EL_ERR=0.000 AZ_PID=0.000 EL_PID=0.000 EL_FF=0.000
2026-04-20 13:50:13 [INFO] MONITOR az=350.325 el=30.150 AZ_ERR=0.000 EL_ERR=0.000 AZ_PID=0.000 EL_PID=0.000 EL_FF=0.000
2026-04-20 13:50:14 [INFO] MONITOR az=350.325 el=30.150 AZ_ERR=0.000 EL_ERR=0.000 AZ_PID=0.000 EL_PID=0.000 EL_FF=0.000
2026-04-20 13:50:15 [INFO] MONITOR az=350.325 el=30.150 AZ_ERR=0.000 EL_ERR=0.000 AZ_PID=0.000 EL_PID=0.000 EL_FF=0.000
2026-04-20 13:50:16 [INFO] MONITOR az=350.325 el=30.150 AZ_ERR=0.000 EL_ERR=0.000 AZ_PID=0.000 EL_PID=0.000 EL_FF=0.000
2026-04-20 13:50:17 [INFO] MONITOR az=350.325 el=30.150 AZ_ERR=0.000 EL_ERR=0.000 AZ_PID=0.000 EL_PID=0.000 EL_FF=0.000
2026-04-20 13:50:18 [INFO] MONITOR az=350.325 el=30.150 AZ_ERR=0.000 EL_ERR=0.000 AZ_PID=0.000 EL_PID=0.000 EL_FF=0.000
2026-04-20 13:50:19 [INFO] MONITOR az=350.325 el=30.150 AZ_ERR=0.000 EL_ERR=0.000 AZ_PID=0.000 EL_PID=0.000 EL_FF=0.000
2026-04-20 13:50:20 [INFO] MONITOR az=350.325 el=30.150 AZ_ERR=0.000 EL_ERR=0.000 AZ_PID=0.000 EL_PID=0.000 EL_FF=0.000
2026-04-20 13:50:21 [INFO] MONITOR az=350.325 el=30.150 AZ_ERR=0.000 EL_ERR=0.000 AZ_PID=0.000 EL_PID=0.000 EL_FF=0.000
2026-04-20 13:50:22 [INFO] MONITOR az=350.325 el=30.150 AZ_ERR=0.000 EL_ERR=0.000 AZ_PID=0.000 EL_PID=0.000 EL_FF=0.000
2026-04-20 13:50:23 [INFO] MONITOR az=350.325 el=30.150 AZ_ERR=0.000 EL_ERR=0.000 AZ_PID=0.000 EL_PID=0.000 EL_FF=0.000
2026-04-20 13:50:24 [INFO] MONITOR az=350.325 el=30.150 AZ_ERR=0.000 EL_ERR=0.000 AZ_PID=0.000 EL_PID=0.000 EL_FF=0.000
2026-04-20 13:50:25 [INFO] MONITOR az=350.325 el=30.150 AZ_ERR=0.000 EL_ERR=0.000 AZ_PID=0.000 EL_PID=0.000 EL_FF=0.000
2026-04-20 13:50:26 [INFO] MONITOR az=350.325 el=30.150 AZ_ERR=0.000 EL_ERR=0.000 AZ_PID=0.000 EL_PID=0.000 EL_FF=0.000
2026-04-20 13:50:27 [INFO] MONITOR az=350.325 el=30.150 AZ_ERR=0.000 EL_ERR=0.000 AZ_PID=0.000 EL_PID=0.000 EL_FF=0.000
2026-04-20 13:50:28 [INFO] MONITOR az=350.325 el=30.150 AZ_ERR=0.000 EL_ERR=0.000 AZ_PID=0.000 EL_PID=0.000 EL_FF=0.000
2026-04-20 13:50:29 [INFO] MONITOR az=350.325 el=30.150 AZ_ERR=0.000 EL_ERR=0.000 AZ_PID=0.000 EL_PID=0.000 EL_FF=0.000
2026-04-20 13:50:30 [INFO] MONITOR az=350.325 el=30.150 AZ_ERR=0.000 EL_ERR=0.000 AZ_PID=0.000 EL_PID=0.000 EL_FF=0.000
2026-04-20 13:50:31 [INFO] MONITOR az=350.325 el=30.150 AZ_ERR=0.000 EL_ERR=0.000 AZ_PID=0.000 EL_PID=0.000 EL_FF=0.000
2026-04-20 13:50:32 [INFO] MONITOR az=350.325 el=30.150 AZ_ERR=0.000 EL_ERR=0.000 AZ_PID=0.000 EL_PID=0.000 EL_FF=0.000
2026-04-20 13:50:33 [INFO] MONITOR az=350.325 el=30.150 AZ_ERR=0.000 EL_ERR=0.000 AZ_PID=0.000 EL_PID=0.000 EL_FF=0.000
2026-04-20 13:50:34 [INFO] MONITOR az=350.325 el=30.150 AZ_ERR=0.000 EL_ERR=0.000 AZ_PID=0.000 EL_PID=0.000 EL_FF=0.000
2026-04-20 13:50:35 [INFO] MONITOR az=350.325 el=30.150 AZ_ERR=0.000 EL_ERR=0.000 AZ_PID=0.000 EL_PID=0.000 EL_FF=0.000
2026-04-20 13:50:36 [INFO] MONITOR az=350.325 el=30.150 AZ_ERR=0.000 EL_ERR=0.000 AZ_PID=0.000 EL_PID=0.000 EL_FF=0.000
2026-04-20 13:50:37 [INFO] MONITOR az=350.325 el=30.150 AZ_ERR=0.000 EL_ERR=0.000 AZ_PID=0.000 EL_PID=0.000 EL_FF=0.000
2026-04-20 13:50:38 [INFO] MONITOR az=350.325 el=30.150 AZ_ERR=0.000 EL_ERR=0.000 AZ_PID=0.000 EL_PID=0.000 EL_FF=0.000
2026-04-20 13:50:39 [INFO] MONITOR az=350.325 el=30.150 AZ_ERR=0.000 EL_ERR=0.000 AZ_PID=0.000 EL_PID=0.000 EL_FF=0.000
2026-04-20 13:50:40 [INFO] MONITOR az=350.325 el=30.150 AZ_ERR=0.000 EL_ERR=0.000 AZ_PID=0.000 EL_PID=0.000 EL_FF=0.000
2026-04-20 13:50:41 [INFO] MONITOR az=350.325 el=30.150 AZ_ERR=0.000 EL_ERR=0.000 AZ_PID=0.000 EL_PID=0.000 EL_FF=0.000
2026-04-20 13:50:42 [INFO] MONITOR az=350.325 el=30.150 AZ_ERR=0.000 EL_ERR=0.000 AZ_PID=0.000 EL_PID=0.000 EL_FF=0.000
2026-04-20 13:50:43 [INFO] MONITOR az=350.325 el=30.150 AZ_ERR=0.000 EL_ERR=0.000 AZ_PID=0.000 EL_PID=0.000 EL_FF=0.000
2026-04-20 13:50:44 [INFO] MONITOR az=350.325 el=30.150 AZ_ERR=0.000 EL_ERR=0.000 AZ_PID=0.000 EL_PID=0.000 EL_FF=0.000
2026-04-20 13:50:45 [INFO] MONITOR az=350.325 el=30.150 AZ_ERR=0.000 EL_ERR=0.000 AZ_PID=0.000 EL_PID=0.000 EL_FF=0.000
2026-04-20 13:50:46 [INFO] MONITOR az=350.325 el=30.150 AZ_ERR=0.000 EL_ERR=0.000 AZ_PID=0.000 EL_PID=0.000 EL_FF=0.000
2026-04-20 13:50:47 [INFO] MONITOR az=350.325 el=30.150 AZ_ERR=0.000 EL_ERR=0.000 AZ_PID=0.000 EL_PID=0.000 EL_FF=0.000
2026-04-20 13:50:48 [INFO] MONITOR az=350.325 el=30.150 AZ_ERR=0.000 EL_ERR=0.000 AZ_PID=0.000 EL_PID=0.000 EL_FF=0.000
2026-04-20 13:50:49 [INFO] MONITOR az=350.325 el=30.150 AZ_ERR=0.000 EL_ERR=0.000 AZ_PID=0.000 EL_PID=0.000 EL_FF=0.000
2026-04-20 13:50:50 [INFO] MONITOR az=350.325 el=30.150 AZ_ERR=0.000 EL_ERR=0.000 AZ_PID=0.000 EL_PID=0.000 EL_FF=0.000
2026-04-20 13:50:51 [INFO] MONITOR az=350.325 el=30.150 AZ_ERR=0.000 EL_ERR=0.000 AZ_PID=0.000 EL_PID=0.000 EL_FF=0.000
2026-04-20 13:50:52 [INFO] MONITOR az=350.325 el=30.150 AZ_ERR=0.000 EL_ERR=0.000 AZ_PID=0.000 EL_PID=0.000 EL_FF=0.000
2026-04-20 13:50:53 [INFO] MONITOR az=350.325 el=30.150 AZ_ERR=0.000 EL_ERR=0.000 AZ_PID=0.000 EL_PID=0.000 EL_FF=0.000
2026-04-20 13:50:54 [INFO] MONITOR az=350.325 el=30.150 AZ_ERR=0.000 EL_ERR=0.000 AZ_PID=0.000 EL_PID=0.000 EL_FF=0.000
2026-04-20 13:50:55 [INFO] MONITOR az=350.325 el=30.150 AZ_ERR=0.000 EL_ERR=0.000 AZ_PID=0.000 EL_PID=0.000 EL_FF=0.000
2026-04-20 13:50:56 [INFO] MONITOR az=350.325 el=30.150 AZ_ERR=0.000 EL_ERR=0.000 AZ_PID=0.000 EL_PID=0.000 EL_FF=0.000
2026-04-20 13:50:57 [INFO] MONITOR az=350.325 el=30.150 AZ_ERR=0.000 EL_ERR=0.000 AZ_PID=0.000 EL_PID=0.000 EL_FF=0.000
2026-04-20 13:50:58 [INFO] MONITOR az=350.325 el=30.150 AZ_ERR=0.000 EL_ERR=0.000 AZ_PID=0.000 EL_PID=0.000 EL_FF=0.000
2026-04-20 13:50:59 [INFO] MONITOR az=350.325 el=30.150 AZ_ERR=0.000 EL_ERR=0.000 AZ_PID=0.000 EL_PID=0.000 EL_FF=0.000
2026-04-20 13:51:00 [INFO] MONITOR az=350.325 el=30.150 AZ_ERR=0.000 EL_ERR=0.000 AZ_PID=0.000 EL_PID=0.000 EL_FF=0.000
2026-04-20 13:51:01 [INFO] MONITOR az=350.325 el=30.150 AZ_ERR=0.000 EL_ERR=0.000 AZ_PID=0.000 EL_PID=0.000 EL_FF=0.000
2026-04-20 13:51:02 [INFO] MONITOR az=350.325 el=30.150 AZ_ERR=0.000 EL_ERR=0.000 AZ_PID=0.000 EL_PID=0.000 EL_FF=0.000
2026-04-20 13:51:03 [INFO] MONITOR az=350.325 el=30.150 AZ_ERR=0.000 EL_ERR=0.000 AZ_PID=0.000 EL_PID=0.000 EL_FF=0.000
2026-04-20 13:51:04 [INFO] MONITOR az=350.325 el=30.150 AZ_ERR=0.000 EL_ERR=0.000 AZ_PID=0.000 EL_PID=0.000 EL_FF=0.000
2026-04-20 13:51:05 [INFO] MONITOR az=350.325 el=30.150 AZ_ERR=0.000 EL_ERR=0.000 AZ_PID=0.000 EL_PID=0.000 EL_FF=0.000
2026-04-20 13:51:06 [INFO] MONITOR az=350.325 el=30.150 AZ_ERR=0.000 EL_ERR=0.000 AZ_PID=0.000 EL_PID=0.000 EL_FF=0.000
2026-04-20 13:51:07 [INFO] MONITOR az=350.325 el=30.150 AZ_ERR=0.000 EL_ERR=0.000 AZ_PID=0.000 EL_PID=0.000 EL_FF=0.000
2026-04-20 13:51:08 [INFO] MONITOR az=350.325 el=30.150 AZ_ERR=0.000 EL_ERR=0.000 AZ_PID=0.000 EL_PID=0.000 EL_FF=0.000
2026-04-20 13:51:09 [INFO] MONITOR az=350.325 el=30.150 AZ_ERR=0.000 EL_ERR=0.000 AZ_PID=0.000 EL_PID=0.000 EL_FF=0.000
2026-04-20 13:51:10 [INFO] MONITOR az=350.325 el=30.150 AZ_ERR=0.000 EL_ERR=0.000 AZ_PID=0.000 EL_PID=0.000 EL_FF=0.000
2026-04-20 13:51:11 [INFO] MONITOR az=350.325 el=30.150 AZ_ERR=0.000 EL_ERR=0.000 AZ_PID=0.000 EL_PID=0.000 EL_FF=0.000
2026-04-20 13:51:12 [INFO] MONITOR az=350.325 el=30.150 AZ_ERR=0.000 EL_ERR=0.000 AZ_PID=0.000 EL_PID=0.000 EL_FF=0.000
2026-04-20 13:51:13 [INFO] MONITOR az=350.325 el=30.150 AZ_ERR=0.000 EL_ERR=0.000 AZ_PID=0.000 EL_PID=0.000 EL_FF=0.000
2026-04-20 13:51:14 [INFO] MONITOR az=350.325 el=30.150 AZ_ERR=0.000 EL_ERR=0.000 AZ_PID=0.000 EL_PID=0.000 EL_FF=0.000
2026-04-20 13:51:15 [INFO] MONITOR az=350.325 el=30.150 AZ_ERR=0.000 EL_ERR=0.000 AZ_PID=0.000 EL_PID=0.000 EL_FF=0.000
2026-04-20 13:51:16 [INFO] MONITOR az=350.325 el=30.150 AZ_ERR=0.000 EL_ERR=0.000 AZ_PID=0.000 EL_PID=0.000 EL_FF=0.000
2026-04-20 13:51:17 [INFO] MONITOR az=350.325 el=30.150 AZ_ERR=0.000 EL_ERR=0.000 AZ_PID=0.000 EL_PID=0.000 EL_FF=0.000
2026-04-20 13:51:18 [INFO] MONITOR az=350.325 el=30.150 AZ_ERR=0.000 EL_ERR=0.000 AZ_PID=0.000 EL_PID=0.000 EL_FF=0.000
2026-04-20 13:51:19 [INFO] MONITOR az=350.325 el=30.150 AZ_ERR=0.000 EL_ERR=0.000 AZ_PID=0.000 EL_PID=0.000 EL_FF=0.000
2026-04-20 13:51:20 [INFO] MONITOR az=350.325 el=30.150 AZ_ERR=0.000 EL_ERR=0.000 AZ_PID=0.000 EL_PID=0.000 EL_FF=0.000
2026-04-20 13:51:21 [INFO] MONITOR az=350.325 el=30.150 AZ_ERR=0.000 EL_ERR=0.000 AZ_PID=0.000 EL_PID=0.000 EL_FF=0.000
2026-04-20 13:51:22 [INFO] MONITOR az=350.325 el=30.150 AZ_ERR=0.000 EL_ERR=0.000 AZ_PID=0.000 EL_PID=0.000 EL_FF=0.000
2026-04-20 13:51:23 [INFO] MONITOR az=350.325 el=30.150 AZ_ERR=0.000 EL_ERR=0.000 AZ_PID=0.000 EL_PID=0.000 EL_FF=0.000
2026-04-20 13:51:24 [INFO] MONITOR az=350.325 el=30.150 AZ_ERR=0.000 EL_ERR=0.000 AZ_PID=0.000 EL_PID=0.000 EL_FF=0.000
2026-04-20 13:51:25 [INFO] MONITOR az=350.325 el=30.150 AZ_ERR=0.000 EL_ERR=0.000 AZ_PID=0.000 EL_PID=0.000 EL_FF=0.000
2026-04-20 13:51:26 [INFO] MONITOR az=350.325 el=30.150 AZ_ERR=0.000 EL_ERR=0.000 AZ_PID=0.000 EL_PID=0.000 EL_FF=0.000
2026-04-20 13:51:27 [INFO] MONITOR az=350.325 el=30.150 AZ_ERR=0.000 EL_ERR=0.000 AZ_PID=0.000 EL_PID=0.000 EL_FF=0.000
2026-04-20 13:51:28 [INFO] MONITOR az=350.325 el=30.150 AZ_ERR=0.000 EL_ERR=0.000 AZ_PID=0.000 EL_PID=0.000 EL_FF=0.000
2026-04-20 13:51:29 [INFO] MONITOR az=350.325 el=30.150 AZ_ERR=0.000 EL_ERR=0.000 AZ_PID=0.000 EL_PID=0.000 EL_FF=0.000
2026-04-20 13:51:30 [INFO] MONITOR az=350.325 el=30.150 AZ_ERR=0.000 EL_ERR=0.000 AZ_PID=0.000 EL_PID=0.000 EL_FF=0.000
2026-04-20 13:51:31 [INFO] MONITOR az=350.325 el=30.150 AZ_ERR=0.000 EL_ERR=0.000 AZ_PID=0.000 EL_PID=0.000 EL_FF=0.000
2026-04-20 13:51:32 [INFO] MONITOR az=350.325 el=30.150 AZ_ERR=0.000 EL_ERR=0.000 AZ_PID=0.000 EL_PID=0.000 EL_FF=0.000
2026-04-20 13:51:33 [INFO] MONITOR az=350.325 el=30.150 AZ_ERR=0.000 EL_ERR=0.000 AZ_PID=0.000 EL_PID=0.000 EL_FF=0.000
2026-04-20 13:51:34 [INFO] MONITOR az=350.325 el=30.150 AZ_ERR=0.000 EL_ERR=0.000 AZ_PID=0.000 EL_PID=0.000 EL_FF=0.000
2026-04-20 13:51:35 [INFO] MONITOR az=350.325 el=30.150 AZ_ERR=0.000 EL_ERR=0.000 AZ_PID=0.000 EL_PID=0.000 EL_FF=0.000
2026-04-20 13:51:36 [INFO] MONITOR az=350.325 el=30.150 AZ_ERR=0.000 EL_ERR=0.000 AZ_PID=0.000 EL_PID=0.000 EL_FF=0.000
2026-04-20 13:51:37 [INFO] MONITOR az=350.325 el=30.150 AZ_ERR=0.000 EL_ERR=0.000 AZ_PID=0.000 EL_PID=0.000 EL_FF=0.000
2026-04-20 13:51:38 [INFO] MONITOR az=350.325 el=30.150 AZ_ERR=0.000 EL_ERR=0.000 AZ_PID=0.000 EL_PID=0.000 EL_FF=0.000
2026-04-20 13:51:39 [INFO] MONITOR az=350.325 el=30.150 AZ_ERR=0.000 EL_ERR=0.000 AZ_PID=0.000 EL_PID=0.000 EL_FF=0.000
2026-04-20 13:51:40 [INFO] MONITOR az=350.325 el=30.150 AZ_ERR=0.000 EL_ERR=0.000 AZ_PID=0.000 EL_PID=0.000 EL_FF=0.000
2026-04-20 13:51:41 [INFO] MONITOR az=350.325 el=30.150 AZ_ERR=0.000 EL_ERR=0.000 AZ_PID=0.000 EL_PID=0.000 EL_FF=0.000
2026-04-20 13:51:42 [INFO] MONITOR az=350.325 el=30.150 AZ_ERR=0.000 EL_ERR=0.000 AZ_PID=0.000 EL_PID=0.000 EL_FF=0.000
2026-04-20 13:51:43 [INFO] MONITOR az=350.325 el=30.150 AZ_ERR=0.000 EL_ERR=0.000 AZ_PID=0.000 EL_PID=0.000 EL_FF=0.000
2026-04-20 13:51:44 [INFO] MONITOR az=350.325 el=30.150 AZ_ERR=0.000 EL_ERR=0.000 AZ_PID=0.000 EL_PID=0.000 EL_FF=0.000
2026-04-20 13:51:45 [INFO] MONITOR az=350.325 el=30.150 AZ_ERR=0.000 EL_ERR=0.000 AZ_PID=0.000 EL_PID=0.000 EL_FF=0.000
2026-04-20 13:51:46 [INFO] MONITOR az=350.325 el=30.150 AZ_ERR=0.000 EL_ERR=0.000 AZ_PID=0.000 EL_PID=0.000 EL_FF=0.000
2026-04-20 13:51:47 [INFO] MONITOR az=350.325 el=30.150 AZ_ERR=0.000 EL_ERR=0.000 AZ_PID=0.000 EL_PID=0.000 EL_FF=0.000
2026-04-20 13:51:48 [INFO] MONITOR az=350.325 el=30.150 AZ_ERR=0.000 EL_ERR=0.000 AZ_PID=0.000 EL_PID=0.000 EL_FF=0.000
2026-04-20 13:51:49 [INFO] MONITOR az=350.325 el=30.150 AZ_ERR=0.000 EL_ERR=0.000 AZ_PID=0.000 EL_PID=0.000 EL_FF=0.000
2026-04-20 13:51:50 [INFO] MONITOR az=350.325 el=30.150 AZ_ERR=0.000 EL_ERR=0.000 AZ_PID=0.000 EL_PID=0.000 EL_FF=0.000
2026-04-20 13:51:51 [INFO] MONITOR az=350.325 el=30.150 AZ_ERR=0.000 EL_ERR=0.000 AZ_PID=0.000 EL_PID=0.000 EL_FF=0.000
2026-04-20 13:51:52 [INFO] MONITOR az=350.325 el=30.150 AZ_ERR=0.000 EL_ERR=0.000 AZ_PID=0.000 EL_PID=0.000 EL_FF=0.000
2026-04-20 13:51:53 [INFO] MONITOR az=350.325 el=30.150 AZ_ERR=0.000 EL_ERR=0.000 AZ_PID=0.000 EL_PID=0.000 EL_FF=0.000
2026-04-20 13:51:54 [INFO] MONITOR az=350.325 el=30.150 AZ_ERR=0.000 EL_ERR=0.000 AZ_PID=0.000 EL_PID=0.000 EL_FF=0.000
2026-04-20 13:51:55 [INFO] MONITOR az=350.325 el=30.150 AZ_ERR=0.000 EL_ERR=0.000 AZ_PID=0.000 EL_PID=0.000 EL_FF=0.000
2026-04-20 13:51:56 [INFO] MONITOR az=350.325 el=30.150 AZ_ERR=0.000 EL_ERR=0.000 AZ_PID=0.000 EL_PID=0.000 EL_FF=0.000
2026-04-20 13:51:57 [INFO] MONITOR az=350.325 el=30.150 AZ_ERR=0.000 EL_ERR=0.000 AZ_PID=0.000 EL_PID=0.000 EL_FF=0.000
2026-04-20 13:51:58 [INFO] MONITOR az=350.325 el=30.150 AZ_ERR=0.000 EL_ERR=0.000 AZ_PID=0.000 EL_PID=0.000 EL_FF=0.000
2026-04-20 13:51:59 [INFO] MONITOR az=350.325 el=30.150 AZ_ERR=0.000 EL_ERR=0.000 AZ_PID=0.000 EL_PID=0.000 EL_FF=0.000
2026-04-20 13:52:00 [INFO] MONITOR az=350.325 el=30.150 AZ_ERR=0.000 EL_ERR=0.000 AZ_PID=0.000 EL_PID=0.000 EL_FF=0.000
2026-04-20 13:52:01 [INFO] MONITOR az=350.325 el=30.150 AZ_ERR=0.000 EL_ERR=0.000 AZ_PID=0.000 EL_PID=0.000 EL_FF=0.000
2026-04-20 13:52:02 [INFO] MONITOR az=350.325 el=30.150 AZ_ERR=0.000 EL_ERR=0.000 AZ_PID=0.000 EL_PID=0.000 EL_FF=0.000
2026-04-20 13:52:03 [INFO] MONITOR az=350.325 el=30.150 AZ_ERR=0.000 EL_ERR=0.000 AZ_PID=0.000 EL_PID=0.000 EL_FF=0.000
2026-04-20 13:52:04 [INFO] MONITOR az=350.325 el=30.150 AZ_ERR=0.000 EL_ERR=0.000 AZ_PID=0.000 EL_PID=0.000 EL_FF=0.000
2026-04-20 13:52:05 [INFO] MONITOR az=350.325 el=30.150 AZ_ERR=0.000 EL_ERR=0.000 AZ_PID=0.000 EL_PID=0.000 EL_FF=0.000
2026-04-20 13:52:06 [INFO] MONITOR az=350.325 el=30.150 AZ_ERR=0.000 EL_ERR=0.000 AZ_PID=0.000 EL_PID=0.000 EL_FF=0.000
2026-04-20 13:52:07 [INFO] MONITOR az=350.325 el=30.150 AZ_ERR=0.000 EL_ERR=0.000 AZ_PID=0.000 EL_PID=0.000 EL_FF=0.000
2026-04-20 13:52:08 [INFO] MONITOR az=350.325 el=30.150 AZ_ERR=0.000 EL_ERR=0.000 AZ_PID=0.000 EL_PID=0.000 EL_FF=0.000
2026-04-20 13:52:09 [INFO] MONITOR az=350.325 el=30.150 AZ_ERR=0.000 EL_ERR=0.000 AZ_PID=0.000 EL_PID=0.000 EL_FF=0.000
2026-04-20 13:52:10 [INFO] MONITOR az=350.325 el=30.150 AZ_ERR=0.000 EL_ERR=0.000 AZ_PID=0.000 EL_PID=0.000 EL_FF=0.000
2026-04-20 13:52:11 [INFO] MONITOR az=350.325 el=30.150 AZ_ERR=0.000 EL_ERR=0.000 AZ_PID=0.000 EL_PID=0.000 EL_FF=0.000
2026-04-20 13:52:12 [INFO] MONITOR az=350.325 el=30.150 AZ_ERR=0.000 EL_ERR=0.000 AZ_PID=0.000 EL_PID=0.000 EL_FF=0.000
2026-04-20 13:52:13 [INFO] MONITOR az=350.325 el=30.150 AZ_ERR=0.000 EL_ERR=0.000 AZ_PID=0.000 EL_PID=0.000 EL_FF=0.000
2026-04-20 13:52:14 [INFO] MONITOR az=350.325 el=30.150 AZ_ERR=0.000 EL_ERR=0.000 AZ_PID=0.000 EL_PID=0.000 EL_FF=0.000
2026-04-20 13:52:15 [INFO] MONITOR az=350.325 el=30.150 AZ_ERR=0.000 EL_ERR=0.000 AZ_PID=0.000 EL_PID=0.000 EL_FF=0.000
2026-04-20 13:52:16 [INFO] MONITOR az=350.325 el=30.150 AZ_ERR=0.000 EL_ERR=0.000 AZ_PID=0.000 EL_PID=0.000 EL_FF=0.000
2026-04-20 13:52:17 [INFO] MONITOR az=350.325 el=30.150 AZ_ERR=0.000 EL_ERR=0.000 AZ_PID=0.000 EL_PID=0.000 EL_FF=0.000
2026-04-20 13:52:18 [INFO] MONITOR az=350.325 el=30.150 AZ_ERR=0.000 EL_ERR=0.000 AZ_PID=0.000 EL_PID=0.000 EL_FF=0.000
2026-04-20 13:52:19 [INFO] MONITOR az=350.325 el=30.150 AZ_ERR=0.000 EL_ERR=0.000 AZ_PID=0.000 EL_PID=0.000 EL_FF=0.000
2026-04-20 13:52:20 [INFO] MONITOR az=350.325 el=30.150 AZ_ERR=0.000 EL_ERR=0.000 AZ_PID=0.000 EL_PID=0.000 EL_FF=0.000
2026-04-20 13:52:21 [INFO] MONITOR az=350.325 el=30.150 AZ_ERR=0.000 EL_ERR=0.000 AZ_PID=0.000 EL_PID=0.000 EL_FF=0.000
2026-04-20 13:52:22 [INFO] MONITOR az=350.325 el=30.150 AZ_ERR=0.000 EL_ERR=0.000 AZ_PID=0.000 EL_PID=0.000 EL_FF=0.000
2026-04-20 13:52:23 [INFO] MONITOR az=350.325 el=30.150 AZ_ERR=0.000 EL_ERR=0.000 AZ_PID=0.000 EL_PID=0.000 EL_FF=0.000
2026-04-20 13:52:24 [INFO] MONITOR az=350.325 el=30.150 AZ_ERR=0.000 EL_ERR=0.000 AZ_PID=0.000 EL_PID=0.000 EL_FF=0.000
2026-04-20 13:52:25 [INFO] MONITOR az=350.325 el=30.150 AZ_ERR=0.000 EL_ERR=0.000 AZ_PID=0.000 EL_PID=0.000 EL_FF=0.000
2026-04-20 13:52:26 [INFO] MONITOR az=350.325 el=30.150 AZ_ERR=0.000 EL_ERR=0.000 AZ_PID=0.000 EL_PID=0.000 EL_FF=0.000
2026-04-20 13:52:27 [INFO] MONITOR az=350.325 el=30.150 AZ_ERR=0.000 EL_ERR=0.000 AZ_PID=0.000 EL_PID=0.000 EL_FF=0.000
2026-04-20 13:52:28 [INFO] MONITOR az=350.325 el=30.150 AZ_ERR=0.000 EL_ERR=0.000 AZ_PID=0.000 EL_PID=0.000 EL_FF=0.000
2026-04-20 13:52:29 [INFO] MONITOR az=350.325 el=30.150 AZ_ERR=0.000 EL_ERR=0.000 AZ_PID=0.000 EL_PID=0.000 EL_FF=0.000
2026-04-20 13:52:30 [INFO] MONITOR az=350.325 el=30.150 AZ_ERR=0.000 EL_ERR=0.000 AZ_PID=0.000 EL_PID=0.000 EL_FF=0.000
2026-04-20 13:52:31 [INFO] MONITOR az=350.325 el=30.150 AZ_ERR=0.000 EL_ERR=0.000 AZ_PID=0.000 EL_PID=0.000 EL_FF=0.000
2026-04-20 13:52:32 [INFO] MONITOR az=350.325 el=30.150 AZ_ERR=0.000 EL_ERR=0.000 AZ_PID=0.000 EL_PID=0.000 EL_FF=0.000
2026-04-20 13:52:33 [INFO] MONITOR az=350.325 el=30.150 AZ_ERR=0.000 EL_ERR=0.000 AZ_PID=0.000 EL_PID=0.000 EL_FF=0.000
2026-04-20 13:52:34 [INFO] MONITOR az=350.325 el=30.150 AZ_ERR=0.000 EL_ERR=0.000 AZ_PID=0.000 EL_PID=0.000 EL_FF=0.000
2026-04-20 13:52:35 [INFO] MONITOR az=350.325 el=30.150 AZ_ERR=0.000 EL_ERR=0.000 AZ_PID=0.000 EL_PID=0.000 EL_FF=0.000
2026-04-20 13:52:36 [INFO] MONITOR az=350.325 el=30.150 AZ_ERR=0.000 EL_ERR=0.000 AZ_PID=0.000 EL_PID=0.000 EL_FF=0.000
2026-04-20 13:52:37 [INFO] MONITOR az=350.325 el=30.150 AZ_ERR=0.000 EL_ERR=0.000 AZ_PID=0.000 EL_PID=0.000 EL_FF=0.000
2026-04-20 13:52:38 [INFO] MONITOR az=350.325 el=30.150 AZ_ERR=0.000 EL_ERR=0.000 AZ_PID=0.000 EL_PID=0.000 EL_FF=0.000
2026-04-20 13:52:39 [INFO] MONITOR az=350.325 el=30.150 AZ_ERR=0.000 EL_ERR=0.000 AZ_PID=0.000 EL_PID=0.000 EL_FF=0.000
2026-04-20 13:52:40 [INFO] MONITOR az=350.325 el=30.150 AZ_ERR=0.000 EL_ERR=0.000 AZ_PID=0.000 EL_PID=0.000 EL_FF=0.000
2026-04-20 13:52:41 [INFO] MONITOR az=350.325 el=30.150 AZ_ERR=0.000 EL_ERR=0.000 AZ_PID=0.000 EL_PID=0.000 EL_FF=0.000
2026-04-20 13:52:42 [INFO] MONITOR az=350.325 el=30.150 AZ_ERR=0.000 EL_ERR=0.000 AZ_PID=0.000 EL_PID=0.000 EL_FF=0.000
2026-04-20 13:52:43 [INFO] MONITOR az=350.325 el=30.150 AZ_ERR=0.000 EL_ERR=0.000 AZ_PID=0.000 EL_PID=0.000 EL_FF=0.000
2026-04-20 13:52:44 [INFO] MONITOR az=350.325 el=30.150 AZ_ERR=0.000 EL_ERR=0.000 AZ_PID=0.000 EL_PID=0.000 EL_FF=0.000
2026-04-20 13:52:45 [INFO] MONITOR az=350.325 el=30.150 AZ_ERR=0.000 EL_ERR=0.000 AZ_PID=0.000 EL_PID=0.000 EL_FF=0.000
2026-04-20 13:52:46 [INFO] MONITOR az=350.325 el=30.150 AZ_ERR=0.000 EL_ERR=0.000 AZ_PID=0.000 EL_PID=0.000 EL_FF=0.000
2026-04-20 13:52:47 [INFO] MONITOR az=350.325 el=30.150 AZ_ERR=0.000 EL_ERR=0.000 AZ_PID=0.000 EL_PID=0.000 EL_FF=0.000
2026-04-20 13:52:48 [INFO] MONITOR az=350.325 el=30.150 AZ_ERR=0.000 EL_ERR=0.000 AZ_PID=0.000 EL_PID=0.000 EL_FF=0.000
2026-04-20 13:52:49 [INFO] MONITOR az=350.325 el=30.150 AZ_ERR=0.000 EL_ERR=0.000 AZ_PID=0.000 EL_PID=0.000 EL_FF=0.000
2026-04-20 13:52:50 [INFO] MONITOR az=350.325 el=30.150 AZ_ERR=0.000 EL_ERR=0.000 AZ_PID=0.000 EL_PID=0.000 EL_FF=0.000
2026-04-20 13:52:51 [INFO] MONITOR az=350.325 el=30.150 AZ_ERR=0.000 EL_ERR=0.000 AZ_PID=0.000 EL_PID=0.000 EL_FF=0.000
2026-04-20 13:52:52 [INFO] MONITOR az=350.325 el=30.150 AZ_ERR=0.000 EL_ERR=0.000 AZ_PID=0.000 EL_PID=0.000 EL_FF=0.000
2026-04-20 13:52:53 [INFO] MONITOR az=350.325 el=30.150 AZ_ERR=0.000 EL_ERR=0.000 AZ_PID=0.000 EL_PID=0.000 EL_FF=0.000
2026-04-20 13:52:54 [INFO] MONITOR az=350.325 el=30.150 AZ_ERR=0.000 EL_ERR=0.000 AZ_PID=0.000 EL_PID=0.000 EL_FF=0.000
2026-04-20 13:52:55 [INFO] MONITOR az=350.325 el=30.150 AZ_ERR=0.000 EL_ERR=0.000 AZ_PID=0.000 EL_PID=0.000 EL_FF=0.000
2026-04-20 13:52:56 [INFO] MONITOR az=350.325 el=30.150 AZ_ERR=0.000 EL_ERR=0.000 AZ_PID=0.000 EL_PID=0.000 EL_FF=0.000
2026-04-20 13:52:57 [INFO] MONITOR az=350.325 el=30.150 AZ_ERR=0.000 EL_ERR=0.000 AZ_PID=0.000 EL_PID=0.000 EL_FF=0.000
2026-04-20 13:52:58 [INFO] MONITOR az=350.325 el=30.150 AZ_ERR=0.000 EL_ERR=0.000 AZ_PID=0.000 EL_PID=0.000 EL_FF=0.000
2026-04-20 13:52:59 [INFO] MONITOR az=350.325 el=30.150 AZ_ERR=0.000 EL_ERR=0.000 AZ_PID=0.000 EL_PID=0.000 EL_FF=0.000
2026-04-20 13:53:00 [INFO] MONITOR az=350.325 el=30.150 AZ_ERR=0.000 EL_ERR=0.000 AZ_PID=0.000 EL_PID=0.000 EL_FF=0.000
2026-04-20 13:53:01 [INFO] MONITOR az=350.325 el=30.150 AZ_ERR=0.000 EL_ERR=0.000 AZ_PID=0.000 EL_PID=0.000 EL_FF=0.000
2026-04-20 13:53:02 [INFO] MONITOR az=350.325 el=30.150 AZ_ERR=0.000 EL_ERR=0.000 AZ_PID=0.000 EL_PID=0.000 EL_FF=0.000
2026-04-20 13:53:03 [INFO] MONITOR az=350.325 el=30.150 AZ_ERR=0.000 EL_ERR=0.000 AZ_PID=0.000 EL_PID=0.000 EL_FF=0.000
2026-04-20 13:53:04 [INFO] MONITOR az=350.325 el=30.150 AZ_ERR=0.000 EL_ERR=0.000 AZ_PID=0.000 EL_PID=0.000 EL_FF=0.000
2026-04-20 13:53:05 [INFO] MONITOR az=350.325 el=30.150 AZ_ERR=0.000 EL_ERR=0.000 AZ_PID=0.000 EL_PID=0.000 EL_FF=0.000
2026-04-20 13:53:06 [INFO] MONITOR az=350.325 el=30.150 AZ_ERR=0.000 EL_ERR=0.000 AZ_PID=0.000 EL_PID=0.000 EL_FF=0.000
2026-04-20 13:53:07 [INFO] MONITOR az=350.325 el=30.150 AZ_ERR=0.000 EL_ERR=0.000 AZ_PID=0.000 EL_PID=0.000 EL_FF=0.000
2026-04-20 13:53:08 [INFO] MONITOR az=350.325 el=30.150 AZ_ERR=0.000 EL_ERR=0.000 AZ_PID=0.000 EL_PID=0.000 EL_FF=0.000
2026-04-20 13:53:09 [INFO] MONITOR az=350.325 el=30.150 AZ_ERR=0.000 EL_ERR=0.000 AZ_PID=0.000 EL_PID=0.000 EL_FF=0.000
2026-04-20 13:53:10 [INFO] MONITOR az=350.325 el=30.150 AZ_ERR=0.000 EL_ERR=0.000 AZ_PID=0.000 EL_PID=0.000 EL_FF=0.000
2026-04-20 13:53:11 [INFO] MONITOR az=350.325 el=30.150 AZ_ERR=0.000 EL_ERR=0.000 AZ_PID=0.000 EL_PID=0.000 EL_FF=0.000
2026-04-20 13:53:12 [INFO] MONITOR az=350.325 el=30.150 AZ_ERR=0.000 EL_ERR=0.000 AZ_PID=0.000 EL_PID=0.000 EL_FF=0.000
2026-04-20 13:53:13 [INFO] MONITOR az=350.325 el=30.150 AZ_ERR=0.000 EL_ERR=0.000 AZ_PID=0.000 EL_PID=0.000 EL_FF=0.000
2026-04-20 13:53:14 [INFO] MONITOR az=350.325 el=30.150 AZ_ERR=0.000 EL_ERR=0.000 AZ_PID=0.000 EL_PID=0.000 EL_FF=0.000
2026-04-20 13:53:15 [INFO] MONITOR az=350.325 el=30.150 AZ_ERR=0.000 EL_ERR=0.000 AZ_PID=0.000 EL_PID=0.000 EL_FF=0.000
2026-04-20 13:53:16 [INFO] MONITOR az=350.325 el=30.150 AZ_ERR=0.000 EL_ERR=0.000 AZ_PID=0.000 EL_PID=0.000 EL_FF=0.000
2026-04-20 13:53:17 [INFO] MONITOR az=350.325 el=30.150 AZ_ERR=0.000 EL_ERR=0.000 AZ_PID=0.000 EL_PID=0.000 EL_FF=0.000
2026-04-20 13:53:18 [INFO] MONITOR az=350.325 el=30.150 AZ_ERR=0.000 EL_ERR=0.000 AZ_PID=0.000 EL_PID=0.000 EL_FF=0.000
2026-04-20 13:53:19 [INFO] MONITOR az=350.325 el=30.150 AZ_ERR=0.000 EL_ERR=0.000 AZ_PID=0.000 EL_PID=0.000 EL_FF=0.000
2026-04-20 13:53:20 [INFO] MONITOR az=350.325 el=30.150 AZ_ERR=0.000 EL_ERR=0.000 AZ_PID=0.000 EL_PID=0.000 EL_FF=0.000
2026-04-20 13:53:21 [INFO] MONITOR az=350.325 el=30.150 AZ_ERR=0.000 EL_ERR=0.000 AZ_PID=0.000 EL_PID=0.000 EL_FF=0.000
2026-04-20 13:53:22 [INFO] MONITOR az=350.325 el=30.150 AZ_ERR=0.000 EL_ERR=0.000 AZ_PID=0.000 EL_PID=0.000 EL_FF=0.000
2026-04-20 13:53:23 [INFO] MONITOR az=350.325 el=30.150 AZ_ERR=0.000 EL_ERR=0.000 AZ_PID=0.000 EL_PID=0.000 EL_FF=0.000
2026-04-20 13:53:24 [INFO] MONITOR az=350.325 el=30.150 AZ_ERR=0.000 EL_ERR=0.000 AZ_PID=0.000 EL_PID=0.000 EL_FF=0.000
2026-04-20 13:53:25 [INFO] MONITOR az=350.325 el=30.150 AZ_ERR=0.000 EL_ERR=0.000 AZ_PID=0.000 EL_PID=0.000 EL_FF=0.000
2026-04-20 13:53:26 [INFO] MONITOR az=350.325 el=30.150 AZ_ERR=0.000 EL_ERR=0.000 AZ_PID=0.000 EL_PID=0.000 EL_FF=0.000
2026-04-20 13:53:27 [INFO] MONITOR az=350.325 el=30.150 AZ_ERR=0.000 EL_ERR=0.000 AZ_PID=0.000 EL_PID=0.000 EL_FF=0.000
2026-04-20 13:53:28 [INFO] MONITOR az=350.325 el=30.150 AZ_ERR=0.000 EL_ERR=0.000 AZ_PID=0.000 EL_PID=0.000 EL_FF=0.000
2026-04-20 13:53:29 [INFO] MONITOR az=350.325 el=30.150 AZ_ERR=0.000 EL_ERR=0.000 AZ_PID=0.000 EL_PID=0.000 EL_FF=0.000
2026-04-20 13:53:30 [INFO] MONITOR az=350.325 el=30.150 AZ_ERR=0.000 EL_ERR=0.000 AZ_PID=0.000 EL_PID=0.000 EL_FF=0.000
2026-04-20 13:53:31 [INFO] MONITOR az=350.325 el=30.150 AZ_ERR=0.000 EL_ERR=0.000 AZ_PID=0.000 EL_PID=0.000 EL_FF=0.000
2026-04-20 13:53:32 [INFO] MONITOR az=350.325 el=30.150 AZ_ERR=0.000 EL_ERR=0.000 AZ_PID=0.000 EL_PID=0.000 EL_FF=0.000
2026-04-20 13:53:33 [INFO] MONITOR az=350.325 el=30.150 AZ_ERR=0.000 EL_ERR=0.000 AZ_PID=0.000 EL_PID=0.000 EL_FF=0.000
2026-04-20 13:53:34 [INFO] MONITOR az=350.325 el=30.150 AZ_ERR=0.000 EL_ERR=0.000 AZ_PID=0.000 EL_PID=0.000 EL_FF=0.000
2026-04-20 13:53:35 [INFO] MONITOR az=350.325 el=30.150 AZ_ERR=0.000 EL_ERR=0.000 AZ_PID=0.000 EL_PID=0.000 EL_FF=0.000
2026-04-20 13:53:36 [INFO] MONITOR az=350.325 el=30.150 AZ_ERR=0.000 EL_ERR=0.000 AZ_PID=0.000 EL_PID=0.000 EL_FF=0.000
2026-04-20 13:53:37 [INFO] MONITOR az=350.325 el=30.150 AZ_ERR=0.000 EL_ERR=0.000 AZ_PID=0.000 EL_PID=0.000 EL_FF=0.000
2026-04-20 13:53:38 [INFO] MONITOR az=350.325 el=30.150 AZ_ERR=0.000 EL_ERR=0.000 AZ_PID=0.000 EL_PID=0.000 EL_FF=0.000
2026-04-20 13:53:39 [INFO] MONITOR az=350.325 el=30.150 AZ_ERR=0.000 EL_ERR=0.000 AZ_PID=0.000 EL_PID=0.000 EL_FF=0.000
2026-04-20 13:53:40 [INFO] MONITOR az=350.325 el=30.150 AZ_ERR=0.000 EL_ERR=0.000 AZ_PID=0.000 EL_PID=0.000 EL_FF=0.000
2026-04-20 13:53:41 [INFO] MONITOR az=350.325 el=30.150 AZ_ERR=0.000 EL_ERR=0.000 AZ_PID=0.000 EL_PID=0.000 EL_FF=0.000
2026-04-20 13:53:42 [INFO] MONITOR az=350.325 el=30.150 AZ_ERR=0.000 EL_ERR=0.000 AZ_PID=0.000 EL_PID=0.000 EL_FF=0.000
2026-04-20 13:53:43 [INFO] MONITOR az=350.325 el=30.150 AZ_ERR=0.000 EL_ERR=0.000 AZ_PID=0.000 EL_PID=0.000 EL_FF=0.000
2026-04-20 13:53:44 [INFO] MONITOR az=350.325 el=30.150 AZ_ERR=0.000 EL_ERR=0.000 AZ_PID=0.000 EL_PID=0.000 EL_FF=0.000
2026-04-20 13:53:45 [INFO] MONITOR az=350.325 el=30.150 AZ_ERR=0.000 EL_ERR=0.000 AZ_PID=0.000 EL_PID=0.000 EL_FF=0.000
2026-04-20 13:53:46 [INFO] MONITOR az=350.325 el=30.150 AZ_ERR=0.000 EL_ERR=0.000 AZ_PID=0.000 EL_PID=0.000 EL_FF=0.000
2026-04-20 13:53:47 [INFO] MONITOR az=350.325 el=30.150 AZ_ERR=0.000 EL_ERR=0.000 AZ_PID=0.000 EL_PID=0.000 EL_FF=0.000
2026-04-20 13:53:48 [INFO] MONITOR az=350.325 el=30.150 AZ_ERR=0.000 EL_ERR=0.000 AZ_PID=0.000 EL_PID=0.000 EL_FF=0.000
2026-04-20 13:53:49 [INFO] MONITOR az=350.325 el=30.150 AZ_ERR=0.000 EL_ERR=0.000 AZ_PID=0.000 EL_PID=0.000 EL_FF=0.000
2026-04-20 13:53:51 [INFO] MONITOR az=350.325 el=30.150 AZ_ERR=0.000 EL_ERR=0.000 AZ_PID=0.000 EL_PID=0.000 EL_FF=0.000
2026-04-20 13:53:52 [INFO] MONITOR az=350.325 el=30.150 AZ_ERR=0.000 EL_ERR=0.000 AZ_PID=0.000 EL_PID=0.000 EL_FF=0.000
2026-04-20 13:53:53 [INFO] MONITOR az=350.325 el=30.150 AZ_ERR=0.000 EL_ERR=0.000 AZ_PID=0.000 EL_PID=0.000 EL_FF=0.000
2026-04-20 13:53:54 [INFO] MONITOR az=350.325 el=30.150 AZ_ERR=0.000 EL_ERR=0.000 AZ_PID=0.000 EL_PID=0.000 EL_FF=0.000
2026-04-20 13:53:55 [INFO] MONITOR az=350.325 el=30.150 AZ_ERR=0.000 EL_ERR=0.000 AZ_PID=0.000 EL_PID=0.000 EL_FF=0.000
2026-04-20 13:53:56 [INFO] MONITOR az=350.325 el=30.150 AZ_ERR=0.000 EL_ERR=0.000 AZ_PID=0.000 EL_PID=0.000 EL_FF=0.000
2026-04-20 13:53:57 [INFO] MONITOR az=350.325 el=30.150 AZ_ERR=0.000 EL_ERR=0.000 AZ_PID=0.000 EL_PID=0.000 EL_FF=0.000
2026-04-20 13:53:58 [INFO] MONITOR az=350.325 el=30.150 AZ_ERR=0.000 EL_ERR=0.000 AZ_PID=0.000 EL_PID=0.000 EL_FF=0.000
2026-04-20 13:53:59 [INFO] MONITOR az=350.325 el=30.150 AZ_ERR=0.000 EL_ERR=0.000 AZ_PID=0.000 EL_PID=0.000 EL_FF=0.000
2026-04-20 13:54:00 [INFO] MONITOR az=350.325 el=30.150 AZ_ERR=0.000 EL_ERR=0.000 AZ_PID=0.000 EL_PID=0.000 EL_FF=0.000
2026-04-20 13:54:01 [INFO] MONITOR az=350.325 el=30.150 AZ_ERR=0.000 EL_ERR=0.000 AZ_PID=0.000 EL_PID=0.000 EL_FF=0.000
2026-04-20 13:54:02 [INFO] MONITOR az=350.325 el=30.150 AZ_ERR=0.000 EL_ERR=0.000 AZ_PID=0.000 EL_PID=0.000 EL_FF=0.000
2026-04-20 13:54:03 [INFO] MONITOR az=350.325 el=30.150 AZ_ERR=0.000 EL_ERR=0.000 AZ_PID=0.000 EL_PID=0.000 EL_FF=0.000
2026-04-20 13:54:04 [INFO] MONITOR az=350.325 el=30.150 AZ_ERR=0.000 EL_ERR=0.000 AZ_PID=0.000 EL_PID=0.000 EL_FF=0.000
2026-04-20 13:54:05 [INFO] MONITOR az=350.325 el=30.150 AZ_ERR=0.000 EL_ERR=0.000 AZ_PID=0.000 EL_PID=0.000 EL_FF=0.000
2026-04-20 13:54:06 [INFO] MONITOR az=350.325 el=30.150 AZ_ERR=0.000 EL_ERR=0.000 AZ_PID=0.000 EL_PID=0.000 EL_FF=0.000
2026-04-20 13:54:07 [INFO] MONITOR az=350.325 el=30.150 AZ_ERR=0.000 EL_ERR=0.000 AZ_PID=0.000 EL_PID=0.000 EL_FF=0.000
2026-04-20 13:54:08 [INFO] MONITOR az=350.325 el=30.150 AZ_ERR=0.000 EL_ERR=0.000 AZ_PID=0.000 EL_PID=0.000 EL_FF=0.000
2026-04-20 13:54:09 [INFO] MONITOR az=350.325 el=30.150 AZ_ERR=0.000 EL_ERR=0.000 AZ_PID=0.000 EL_PID=0.000 EL_FF=0.000
2026-04-20 13:54:10 [INFO] MONITOR az=350.325 el=30.150 AZ_ERR=0.000 EL_ERR=0.000 AZ_PID=0.000 EL_PID=0.000 EL_FF=0.000
2026-04-20 13:54:11 [INFO] MONITOR az=350.325 el=30.150 AZ_ERR=0.000 EL_ERR=0.000 AZ_PID=0.000 EL_PID=0.000 EL_FF=0.000
2026-04-20 13:54:12 [INFO] MONITOR az=350.325 el=30.150 AZ_ERR=0.000 EL_ERR=0.000 AZ_PID=0.000 EL_PID=0.000 EL_FF=0.000
2026-04-20 13:54:13 [INFO] MONITOR az=350.325 el=30.150 AZ_ERR=0.000 EL_ERR=0.000 AZ_PID=0.000 EL_PID=0.000 EL_FF=0.000
2026-04-20 13:54:14 [INFO] MONITOR az=350.325 el=30.150 AZ_ERR=0.000 EL_ERR=0.000 AZ_PID=0.000 EL_PID=0.000 EL_FF=0.000
2026-04-20 13:54:15 [INFO] MONITOR az=350.325 el=30.150 AZ_ERR=0.000 EL_ERR=0.000 AZ_PID=0.000 EL_PID=0.000 EL_FF=0.000
2026-04-20 13:54:16 [INFO] MONITOR az=350.325 el=30.150 AZ_ERR=0.000 EL_ERR=0.000 AZ_PID=0.000 EL_PID=0.000 EL_FF=0.000
2026-04-20 13:54:17 [INFO] MONITOR az=350.325 el=30.150 AZ_ERR=0.000 EL_ERR=0.000 AZ_PID=0.000 EL_PID=0.000 EL_FF=0.000
2026-04-20 13:54:18 [INFO] MONITOR az=350.325 el=30.150 AZ_ERR=0.000 EL_ERR=0.000 AZ_PID=0.000 EL_PID=0.000 EL_FF=0.000
2026-04-20 13:54:19 [INFO] MONITOR az=350.325 el=30.150 AZ_ERR=0.000 EL_ERR=0.000 AZ_PID=0.000 EL_PID=0.000 EL_FF=0.000
2026-04-20 13:54:20 [INFO] MONITOR az=350.325 el=30.150 AZ_ERR=0.000 EL_ERR=0.000 AZ_PID=0.000 EL_PID=0.000 EL_FF=0.000
2026-04-20 13:54:21 [INFO] MONITOR az=350.325 el=30.150 AZ_ERR=0.000 EL_ERR=0.000 AZ_PID=0.000 EL_PID=0.000 EL_FF=0.000
2026-04-20 13:54:22 [INFO] MONITOR az=350.325 el=30.150 AZ_ERR=0.000 EL_ERR=0.000 AZ_PID=0.000 EL_PID=0.000 EL_FF=0.000
2026-04-20 13:54:23 [INFO] MONITOR az=350.325 el=30.150 AZ_ERR=0.000 EL_ERR=0.000 AZ_PID=0.000 EL_PID=0.000 EL_FF=0.000
2026-04-20 13:54:24 [INFO] MONITOR az=350.325 el=30.150 AZ_ERR=0.000 EL_ERR=0.000 AZ_PID=0.000 EL_PID=0.000 EL_FF=0.000
2026-04-20 13:54:25 [INFO] MONITOR az=350.325 el=30.150 AZ_ERR=0.000 EL_ERR=0.000 AZ_PID=0.000 EL_PID=0.000 EL_FF=0.000
2026-04-20 13:54:26 [INFO] MONITOR az=350.325 el=30.150 AZ_ERR=0.000 EL_ERR=0.000 AZ_PID=0.000 EL_PID=0.000 EL_FF=0.000
2026-04-20 13:54:27 [INFO] MONITOR az=350.325 el=30.150 AZ_ERR=0.000 EL_ERR=0.000 AZ_PID=0.000 EL_PID=0.000 EL_FF=0.000
2026-04-20 13:54:28 [INFO] MONITOR az=350.325 el=30.150 AZ_ERR=0.000 EL_ERR=0.000 AZ_PID=0.000 EL_PID=0.000 EL_FF=0.000
2026-04-20 13:54:29 [INFO] MONITOR az=350.325 el=30.150 AZ_ERR=0.000 EL_ERR=0.000 AZ_PID=0.000 EL_PID=0.000 EL_FF=0.000
2026-04-20 13:54:30 [INFO] MONITOR az=350.325 el=30.150 AZ_ERR=0.000 EL_ERR=0.000 AZ_PID=0.000 EL_PID=0.000 EL_FF=0.000
2026-04-20 13:54:31 [INFO] MONITOR az=350.325 el=30.150 AZ_ERR=0.000 EL_ERR=0.000 AZ_PID=0.000 EL_PID=0.000 EL_FF=0.000
2026-04-20 13:54:32 [INFO] MONITOR az=350.325 el=30.150 AZ_ERR=0.000 EL_ERR=0.000 AZ_PID=0.000 EL_PID=0.000 EL_FF=0.000
2026-04-20 13:54:33 [INFO] MONITOR az=350.325 el=30.150 AZ_ERR=0.000 EL_ERR=0.000 AZ_PID=0.000 EL_PID=0.000 EL_FF=0.000
2026-04-20 13:54:34 [INFO] MONITOR az=350.325 el=30.150 AZ_ERR=0.000 EL_ERR=0.000 AZ_PID=0.000 EL_PID=0.000 EL_FF=0.000
2026-04-20 13:54:35 [INFO] MONITOR az=350.325 el=30.150 AZ_ERR=0.000 EL_ERR=0.000 AZ_PID=0.000 EL_PID=0.000 EL_FF=0.000
2026-04-20 13:54:36 [INFO] MONITOR az=350.325 el=30.150 AZ_ERR=0.000 EL_ERR=0.000 AZ_PID=0.000 EL_PID=0.000 EL_FF=0.000
2026-04-20 13:54:37 [INFO] MONITOR az=350.325 el=30.150 AZ_ERR=0.000 EL_ERR=0.000 AZ_PID=0.000 EL_PID=0.000 EL_FF=0.000
2026-04-20 13:54:38 [INFO] MONITOR az=350.325 el=30.150 AZ_ERR=0.000 EL_ERR=0.000 AZ_PID=0.000 EL_PID=0.000 EL_FF=0.000
2026-04-20 13:54:39 [INFO] MONITOR az=350.325 el=30.150 AZ_ERR=0.000 EL_ERR=0.000 AZ_PID=0.000 EL_PID=0.000 EL_FF=0.000
2026-04-20 13:54:40 [INFO] MONITOR az=350.325 el=30.150 AZ_ERR=0.000 EL_ERR=0.000 AZ_PID=0.000 EL_PID=0.000 EL_FF=0.000
2026-04-20 13:54:41 [INFO] MONITOR az=350.325 el=30.150 AZ_ERR=0.000 EL_ERR=0.000 AZ_PID=0.000 EL_PID=0.000 EL_FF=0.000
2026-04-20 13:54:42 [INFO] MONITOR az=350.325 el=30.150 AZ_ERR=0.000 EL_ERR=0.000 AZ_PID=0.000 EL_PID=0.000 EL_FF=0.000
2026-04-20 13:54:43 [INFO] MONITOR az=350.325 el=30.150 AZ_ERR=0.000 EL_ERR=0.000 AZ_PID=0.000 EL_PID=0.000 EL_FF=0.000
2026-04-20 13:54:44 [INFO] MONITOR az=350.325 el=30.150 AZ_ERR=0.000 EL_ERR=0.000 AZ_PID=0.000 EL_PID=0.000 EL_FF=0.000
2026-04-20 13:54:45 [INFO] MONITOR az=350.325 el=30.150 AZ_ERR=0.000 EL_ERR=0.000 AZ_PID=0.000 EL_PID=0.000 EL_FF=0.000
2026-04-20 13:54:46 [INFO] MONITOR az=350.325 el=30.150 AZ_ERR=0.000 EL_ERR=0.000 AZ_PID=0.000 EL_PID=0.000 EL_FF=0.000
2026-04-20 13:54:47 [INFO] MONITOR az=350.325 el=30.150 AZ_ERR=0.000 EL_ERR=0.000 AZ_PID=0.000 EL_PID=0.000 EL_FF=0.000
2026-04-20 13:54:48 [INFO] MONITOR az=350.325 el=30.150 AZ_ERR=0.000 EL_ERR=0.000 AZ_PID=0.000 EL_PID=0.000 EL_FF=0.000
2026-04-20 13:54:49 [INFO] MONITOR az=350.325 el=30.150 AZ_ERR=0.000 EL_ERR=0.000 AZ_PID=0.000 EL_PID=0.000 EL_FF=0.000
2026-04-20 13:54:50 [INFO] MONITOR az=350.325 el=30.150 AZ_ERR=0.000 EL_ERR=0.000 AZ_PID=0.000 EL_PID=0.000 EL_FF=0.000
2026-04-20 13:54:51 [INFO] MONITOR az=350.325 el=30.150 AZ_ERR=0.000 EL_ERR=0.000 AZ_PID=0.000 EL_PID=0.000 EL_FF=0.000
2026-04-20 13:54:52 [INFO] MONITOR az=350.325 el=30.150 AZ_ERR=0.000 EL_ERR=0.000 AZ_PID=0.000 EL_PID=0.000 EL_FF=0.000
2026-04-20 13:54:53 [INFO] MONITOR az=350.325 el=30.150 AZ_ERR=0.000 EL_ERR=0.000 AZ_PID=0.000 EL_PID=0.000 EL_FF=0.000
2026-04-20 13:54:54 [INFO] MONITOR az=350.325 el=30.150 AZ_ERR=0.000 EL_ERR=0.000 AZ_PID=0.000 EL_PID=0.000 EL_FF=0.000
2026-04-20 13:54:55 [INFO] MONITOR az=350.325 el=30.150 AZ_ERR=0.000 EL_ERR=0.000 AZ_PID=0.000 EL_PID=0.000 EL_FF=0.000
2026-04-20 13:54:56 [INFO] MONITOR az=350.325 el=30.150 AZ_ERR=0.000 EL_ERR=0.000 AZ_PID=0.000 EL_PID=0.000 EL_FF=0.000
2026-04-20 13:54:57 [INFO] MONITOR az=350.325 el=30.150 AZ_ERR=0.000 EL_ERR=0.000 AZ_PID=0.000 EL_PID=0.000 EL_FF=0.000
2026-04-20 13:54:58 [INFO] MONITOR az=350.325 el=30.150 AZ_ERR=0.000 EL_ERR=0.000 AZ_PID=0.000 EL_PID=0.000 EL_FF=0.000
2026-04-20 13:54:59 [INFO] MONITOR az=350.325 el=30.150 AZ_ERR=0.000 EL_ERR=0.000 AZ_PID=0.000 EL_PID=0.000 EL_FF=0.000
2026-04-20 13:55:00 [INFO] MONITOR az=350.325 el=30.150 AZ_ERR=0.000 EL_ERR=0.000 AZ_PID=0.000 EL_PID=0.000 EL_FF=0.000
2026-04-20 13:55:01 [INFO] MONITOR az=350.325 el=30.150 AZ_ERR=0.000 EL_ERR=0.000 AZ_PID=0.000 EL_PID=0.000 EL_FF=0.000
2026-04-20 13:55:02 [INFO] MONITOR az=350.325 el=30.150 AZ_ERR=0.000 EL_ERR=0.000 AZ_PID=0.000 EL_PID=0.000 EL_FF=0.000
2026-04-20 13:55:03 [INFO] MONITOR az=350.325 el=30.150 AZ_ERR=0.000 EL_ERR=0.000 AZ_PID=0.000 EL_PID=0.000 EL_FF=0.000
2026-04-20 13:55:04 [INFO] MONITOR az=350.325 el=30.150 AZ_ERR=0.000 EL_ERR=0.000 AZ_PID=0.000 EL_PID=0.000 EL_FF=0.000
2026-04-20 13:55:05 [INFO] MONITOR az=350.325 el=30.150 AZ_ERR=0.000 EL_ERR=0.000 AZ_PID=0.000 EL_PID=0.000 EL_FF=0.000
2026-04-20 13:55:06 [INFO] MONITOR az=350.325 el=30.150 AZ_ERR=0.000 EL_ERR=0.000 AZ_PID=0.000 EL_PID=0.000 EL_FF=0.000
2026-04-20 13:55:07 [INFO] MONITOR az=350.325 el=30.150 AZ_ERR=0.000 EL_ERR=0.000 AZ_PID=0.000 EL_PID=0.000 EL_FF=0.000
2026-04-20 13:55:08 [INFO] MONITOR az=350.325 el=30.150 AZ_ERR=0.000 EL_ERR=0.000 AZ_PID=0.000 EL_PID=0.000 EL_FF=0.000
2026-04-20 13:55:09 [INFO] MONITOR az=350.325 el=30.150 AZ_ERR=0.000 EL_ERR=0.000 AZ_PID=0.000 EL_PID=0.000 EL_FF=0.000
2026-04-20 13:55:10 [INFO] MONITOR az=350.325 el=30.150 AZ_ERR=0.000 EL_ERR=0.000 AZ_PID=0.000 EL_PID=0.000 EL_FF=0.000
2026-04-20 13:55:11 [INFO] MONITOR az=350.325 el=30.150 AZ_ERR=0.000 EL_ERR=0.000 AZ_PID=0.000 EL_PID=0.000 EL_FF=0.000
2026-04-20 13:55:12 [INFO] MONITOR az=350.325 el=30.150 AZ_ERR=0.000 EL_ERR=0.000 AZ_PID=0.000 EL_PID=0.000 EL_FF=0.000
2026-04-20 13:55:13 [INFO] MONITOR az=350.325 el=30.150 AZ_ERR=0.000 EL_ERR=0.000 AZ_PID=0.000 EL_PID=0.000 EL_FF=0.000
2026-04-20 13:55:14 [INFO] MONITOR az=350.325 el=30.150 AZ_ERR=0.000 EL_ERR=0.000 AZ_PID=0.000 EL_PID=0.000 EL_FF=0.000
2026-04-20 13:55:15 [INFO] MONITOR az=350.325 el=30.150 AZ_ERR=0.000 EL_ERR=0.000 AZ_PID=0.000 EL_PID=0.000 EL_FF=0.000
2026-04-20 13:55:16 [INFO] MONITOR az=350.325 el=30.150 AZ_ERR=0.000 EL_ERR=0.000 AZ_PID=0.000 EL_PID=0.000 EL_FF=0.000
2026-04-20 13:55:17 [INFO] MONITOR az=350.325 el=30.150 AZ_ERR=0.000 EL_ERR=0.000 AZ_PID=0.000 EL_PID=0.000 EL_FF=0.000
2026-04-20 13:55:18 [INFO] MONITOR az=350.325 el=30.150 AZ_ERR=0.000 EL_ERR=0.000 AZ_PID=0.000 EL_PID=0.000 EL_FF=0.000
2026-04-20 13:55:19 [INFO] MONITOR az=350.325 el=30.150 AZ_ERR=0.000 EL_ERR=0.000 AZ_PID=0.000 EL_PID=0.000 EL_FF=0.000
2026-04-20 13:55:20 [INFO] MONITOR az=350.325 el=30.150 AZ_ERR=0.000 EL_ERR=0.000 AZ_PID=0.000 EL_PID=0.000 EL_FF=0.000
2026-04-20 13:55:21 [INFO] MONITOR az=350.325 el=30.150 AZ_ERR=0.000 EL_ERR=0.000 AZ_PID=0.000 EL_PID=0.000 EL_FF=0.000
2026-04-20 13:55:22 [INFO] MONITOR az=350.325 el=30.150 AZ_ERR=0.000 EL_ERR=0.000 AZ_PID=0.000 EL_PID=0.000 EL_FF=0.000
2026-04-20 13:55:23 [INFO] MONITOR az=350.325 el=30.150 AZ_ERR=0.000 EL_ERR=0.000 AZ_PID=0.000 EL_PID=0.000 EL_FF=0.000
2026-04-20 13:55:24 [INFO] MONITOR az=350.325 el=30.150 AZ_ERR=0.000 EL_ERR=0.000 AZ_PID=0.000 EL_PID=0.000 EL_FF=0.000
2026-04-20 13:55:25 [INFO] MONITOR az=350.325 el=30.150 AZ_ERR=0.000 EL_ERR=0.000 AZ_PID=0.000 EL_PID=0.000 EL_FF=0.000
2026-04-20 13:55:26 [INFO] MONITOR az=350.325 el=30.150 AZ_ERR=0.000 EL_ERR=0.000 AZ_PID=0.000 EL_PID=0.000 EL_FF=0.000
2026-04-20 13:55:27 [INFO] MONITOR az=350.325 el=30.150 AZ_ERR=0.000 EL_ERR=0.000 AZ_PID=0.000 EL_PID=0.000 EL_FF=0.000
2026-04-20 13:55:28 [INFO] MONITOR az=350.325 el=30.150 AZ_ERR=0.000 EL_ERR=0.000 AZ_PID=0.000 EL_PID=0.000 EL_FF=0.000
2026-04-20 13:55:29 [INFO] MONITOR az=350.325 el=30.150 AZ_ERR=0.000 EL_ERR=0.000 AZ_PID=0.000 EL_PID=0.000 EL_FF=0.000
2026-04-20 13:55:30 [INFO] MONITOR az=350.325 el=30.150 AZ_ERR=0.000 EL_ERR=0.000 AZ_PID=0.000 EL_PID=0.000 EL_FF=0.000
2026-04-20 13:55:31 [INFO] MONITOR az=350.325 el=30.150 AZ_ERR=0.000 EL_ERR=0.000 AZ_PID=0.000 EL_PID=0.000 EL_FF=0.000
2026-04-20 13:55:32 [INFO] MONITOR az=350.325 el=30.150 AZ_ERR=0.000 EL_ERR=0.000 AZ_PID=0.000 EL_PID=0.000 EL_FF=0.000
2026-04-20 13:55:33 [INFO] MONITOR az=350.325 el=30.150 AZ_ERR=0.000 EL_ERR=0.000 AZ_PID=0.000 EL_PID=0.000 EL_FF=0.000
2026-04-20 13:55:34 [INFO] MONITOR az=350.325 el=30.150 AZ_ERR=0.000 EL_ERR=0.000 AZ_PID=0.000 EL_PID=0.000 EL_FF=0.000
2026-04-20 13:55:35 [INFO] MONITOR az=350.325 el=30.150 AZ_ERR=0.000 EL_ERR=0.000 AZ_PID=0.000 EL_PID=0.000 EL_FF=0.000
2026-04-20 13:55:36 [INFO] MONITOR az=350.325 el=30.150 AZ_ERR=0.000 EL_ERR=0.000 AZ_PID=0.000 EL_PID=0.000 EL_FF=0.000
2026-04-20 13:55:37 [INFO] MONITOR az=350.325 el=30.150 AZ_ERR=0.000 EL_ERR=0.000 AZ_PID=0.000 EL_PID=0.000 EL_FF=0.000
2026-04-20 13:55:38 [INFO] MONITOR az=350.325 el=30.150 AZ_ERR=0.000 EL_ERR=0.000 AZ_PID=0.000 EL_PID=0.000 EL_FF=0.000
2026-04-20 13:55:39 [INFO] MONITOR az=350.325 el=30.150 AZ_ERR=0.000 EL_ERR=0.000 AZ_PID=0.000 EL_PID=0.000 EL_FF=0.000
2026-04-20 13:55:40 [INFO] MONITOR az=350.325 el=30.150 AZ_ERR=0.000 EL_ERR=0.000 AZ_PID=0.000 EL_PID=0.000 EL_FF=0.000
2026-04-20 13:55:41 [INFO] MONITOR az=350.325 el=30.150 AZ_ERR=0.000 EL_ERR=0.000 AZ_PID=0.000 EL_PID=0.000 EL_FF=0.000
2026-04-20 13:55:42 [INFO] MONITOR az=350.325 el=30.150 AZ_ERR=0.000 EL_ERR=0.000 AZ_PID=0.000 EL_PID=0.000 EL_FF=0.000
2026-04-20 13:55:43 [INFO] MONITOR az=350.325 el=30.150 AZ_ERR=0.000 EL_ERR=0.000 AZ_PID=0.000 EL_PID=0.000 EL_FF=0.000
2026-04-20 13:55:44 [INFO] MONITOR az=350.325 el=30.150 AZ_ERR=0.000 EL_ERR=0.000 AZ_PID=0.000 EL_PID=0.000 EL_FF=0.000
2026-04-20 13:55:45 [INFO] MONITOR az=350.325 el=30.150 AZ_ERR=0.000 EL_ERR=0.000 AZ_PID=0.000 EL_PID=0.000 EL_FF=0.000
2026-04-20 13:55:46 [INFO] MONITOR az=350.325 el=30.150 AZ_ERR=0.000 EL_ERR=0.000 AZ_PID=0.000 EL_PID=0.000 EL_FF=0.000
2026-04-20 13:55:47 [INFO] MONITOR az=350.325 el=30.150 AZ_ERR=0.000 EL_ERR=0.000 AZ_PID=0.000 EL_PID=0.000 EL_FF=0.000
2026-04-20 13:55:48 [INFO] MONITOR az=350.325 el=30.150 AZ_ERR=0.000 EL_ERR=0.000 AZ_PID=0.000 EL_PID=0.000 EL_FF=0.000
2026-04-20 13:55:49 [INFO] MONITOR az=350.325 el=30.150 AZ_ERR=0.000 EL_ERR=0.000 AZ_PID=0.000 EL_PID=0.000 EL_FF=0.000
2026-04-20 13:55:50 [INFO] MONITOR az=350.325 el=30.150 AZ_ERR=0.000 EL_ERR=0.000 AZ_PID=0.000 EL_PID=0.000 EL_FF=0.000
2026-04-20 13:55:51 [INFO] MONITOR az=350.325 el=30.150 AZ_ERR=0.000 EL_ERR=0.000 AZ_PID=0.000 EL_PID=0.000 EL_FF=0.000
2026-04-20 13:55:52 [INFO] MONITOR az=350.325 el=30.150 AZ_ERR=0.000 EL_ERR=0.000 AZ_PID=0.000 EL_PID=0.000 EL_FF=0.000
2026-04-20 13:55:53 [INFO] MONITOR az=350.325 el=30.150 AZ_ERR=0.000 EL_ERR=0.000 AZ_PID=0.000 EL_PID=0.000 EL_FF=0.000
2026-04-20 13:55:54 [INFO] MONITOR az=350.325 el=30.150 AZ_ERR=0.000 EL_ERR=0.000 AZ_PID=0.000 EL_PID=0.000 EL_FF=0.000
2026-04-20 13:55:55 [INFO] MONITOR az=350.325 el=30.150 AZ_ERR=0.000 EL_ERR=0.000 AZ_PID=0.000 EL_PID=0.000 EL_FF=0.000
2026-04-20 13:55:56 [INFO] MONITOR az=350.325 el=30.150 AZ_ERR=0.000 EL_ERR=0.000 AZ_PID=0.000 EL_PID=0.000 EL_FF=0.000
2026-04-20 13:55:57 [INFO] MONITOR az=350.325 el=30.150 AZ_ERR=0.000 EL_ERR=0.000 AZ_PID=0.000 EL_PID=0.000 EL_FF=0.000
2026-04-20 13:55:58 [INFO] MONITOR az=350.325 el=30.150 AZ_ERR=0.000 EL_ERR=0.000 AZ_PID=0.000 EL_PID=0.000 EL_FF=0.000
2026-04-20 13:55:59 [INFO] MONITOR az=350.325 el=30.150 AZ_ERR=0.000 EL_ERR=0.000 AZ_PID=0.000 EL_PID=0.000 EL_FF=0.000
2026-04-20 13:56:00 [INFO] MONITOR az=350.325 el=30.150 AZ_ERR=0.000 EL_ERR=0.000 AZ_PID=0.000 EL_PID=0.000 EL_FF=0.000
2026-04-20 13:56:01 [INFO] MONITOR az=350.325 el=30.150 AZ_ERR=0.000 EL_ERR=0.000 AZ_PID=0.000 EL_PID=0.000 EL_FF=0.000
2026-04-20 13:56:02 [INFO] MONITOR az=350.325 el=30.150 AZ_ERR=0.000 EL_ERR=0.000 AZ_PID=0.000 EL_PID=0.000 EL_FF=0.000
2026-04-20 13:56:03 [INFO] MONITOR az=350.325 el=30.150 AZ_ERR=0.000 EL_ERR=0.000 AZ_PID=0.000 EL_PID=0.000 EL_FF=0.000
2026-04-20 13:56:04 [INFO] MONITOR az=350.325 el=30.150 AZ_ERR=0.000 EL_ERR=0.000 AZ_PID=0.000 EL_PID=0.000 EL_FF=0.000
2026-04-20 13:56:05 [INFO] MONITOR az=350.325 el=30.150 AZ_ERR=0.000 EL_ERR=0.000 AZ_PID=0.000 EL_PID=0.000 EL_FF=0.000
2026-04-20 13:56:06 [INFO] MONITOR az=350.325 el=30.150 AZ_ERR=0.000 EL_ERR=0.000 AZ_PID=0.000 EL_PID=0.000 EL_FF=0.000
2026-04-20 13:56:07 [INFO] MONITOR az=350.325 el=30.150 AZ_ERR=0.000 EL_ERR=0.000 AZ_PID=0.000 EL_PID=0.000 EL_FF=0.000
2026-04-20 13:56:08 [INFO] MONITOR az=350.325 el=30.150 AZ_ERR=0.000 EL_ERR=0.000 AZ_PID=0.000 EL_PID=0.000 EL_FF=0.000
2026-04-20 13:56:09 [INFO] MONITOR az=350.325 el=30.150 AZ_ERR=0.000 EL_ERR=0.000 AZ_PID=0.000 EL_PID=0.000 EL_FF=0.000
2026-04-20 13:56:10 [INFO] MONITOR az=350.325 el=30.150 AZ_ERR=0.000 EL_ERR=0.000 AZ_PID=0.000 EL_PID=0.000 EL_FF=0.000
2026-04-20 13:56:11 [INFO] MONITOR az=350.325 el=30.150 AZ_ERR=0.000 EL_ERR=0.000 AZ_PID=0.000 EL_PID=0.000 EL_FF=0.000
2026-04-20 13:56:12 [INFO] MONITOR az=350.325 el=30.150 AZ_ERR=0.000 EL_ERR=0.000 AZ_PID=0.000 EL_PID=0.000 EL_FF=0.000
2026-04-20 13:56:13 [INFO] MONITOR az=350.325 el=30.150 AZ_ERR=0.000 EL_ERR=0.000 AZ_PID=0.000 EL_PID=0.000 EL_FF=0.000
2026-04-20 13:56:14 [INFO] MONITOR az=350.325 el=30.150 AZ_ERR=0.000 EL_ERR=0.000 AZ_PID=0.000 EL_PID=0.000 EL_FF=0.000
2026-04-20 13:56:15 [INFO] MONITOR az=350.325 el=30.150 AZ_ERR=0.000 EL_ERR=0.000 AZ_PID=0.000 EL_PID=0.000 EL_FF=0.000
2026-04-20 13:56:16 [INFO] MONITOR az=350.325 el=30.150 AZ_ERR=0.000 EL_ERR=0.000 AZ_PID=0.000 EL_PID=0.000 EL_FF=0.000
2026-04-20 13:56:17 [INFO] MONITOR az=350.325 el=30.150 AZ_ERR=0.000 EL_ERR=0.000 AZ_PID=0.000 EL_PID=0.000 EL_FF=0.000
2026-04-20 13:56:18 [INFO] MONITOR az=350.325 el=30.150 AZ_ERR=0.000 EL_ERR=0.000 AZ_PID=0.000 EL_PID=0.000 EL_FF=0.000
2026-04-20 13:56:19 [INFO] MONITOR az=350.325 el=30.150 AZ_ERR=0.000 EL_ERR=0.000 AZ_PID=0.000 EL_PID=0.000 EL_FF=0.000
2026-04-20 13:56:20 [INFO] MONITOR az=350.325 el=30.150 AZ_ERR=0.000 EL_ERR=0.000 AZ_PID=0.000 EL_PID=0.000 EL_FF=0.000
2026-04-20 13:56:21 [INFO] MONITOR az=350.325 el=30.150 AZ_ERR=0.000 EL_ERR=0.000 AZ_PID=0.000 EL_PID=0.000 EL_FF=0.000
2026-04-20 13:56:22 [INFO] MONITOR az=350.325 el=30.150 AZ_ERR=0.000 EL_ERR=0.000 AZ_PID=0.000 EL_PID=0.000 EL_FF=0.000
2026-04-20 13:56:23 [INFO] MONITOR az=350.325 el=30.150 AZ_ERR=0.000 EL_ERR=0.000 AZ_PID=0.000 EL_PID=0.000 EL_FF=0.000
2026-04-20 13:56:24 [INFO] MONITOR az=350.325 el=30.150 AZ_ERR=0.000 EL_ERR=0.000 AZ_PID=0.000 EL_PID=0.000 EL_FF=0.000
2026-04-20 13:56:25 [INFO] MONITOR az=350.325 el=30.150 AZ_ERR=0.000 EL_ERR=0.000 AZ_PID=0.000 EL_PID=0.000 EL_FF=0.000
2026-04-20 13:56:26 [INFO] MONITOR az=350.325 el=30.150 AZ_ERR=0.000 EL_ERR=0.000 AZ_PID=0.000 EL_PID=0.000 EL_FF=0.000
2026-04-20 13:56:27 [INFO] MONITOR az=350.325 el=30.150 AZ_ERR=0.000 EL_ERR=0.000 AZ_PID=0.000 EL_PID=0.000 EL_FF=0.000
2026-04-20 13:56:28 [INFO] MONITOR az=350.325 el=30.150 AZ_ERR=0.000 EL_ERR=0.000 AZ_PID=0.000 EL_PID=0.000 EL_FF=0.000
2026-04-20 13:56:29 [INFO] MONITOR az=350.325 el=30.150 AZ_ERR=0.000 EL_ERR=0.000 AZ_PID=0.000 EL_PID=0.000 EL_FF=0.000
2026-04-20 13:56:30 [INFO] MONITOR az=350.325 el=30.150 AZ_ERR=0.000 EL_ERR=0.000 AZ_PID=0.000 EL_PID=0.000 EL_FF=0.000
2026-04-20 13:56:31 [INFO] MONITOR az=350.325 el=30.150 AZ_ERR=0.000 EL_ERR=0.000 AZ_PID=0.000 EL_PID=0.000 EL_FF=0.000
2026-04-20 13:56:32 [INFO] MONITOR az=350.325 el=30.150 AZ_ERR=0.000 EL_ERR=0.000 AZ_PID=0.000 EL_PID=0.000 EL_FF=0.000
2026-04-20 13:56:33 [INFO] MONITOR az=350.325 el=30.150 AZ_ERR=0.000 EL_ERR=0.000 AZ_PID=0.000 EL_PID=0.000 EL_FF=0.000
2026-04-20 13:56:34 [INFO] MONITOR az=350.325 el=30.150 AZ_ERR=0.000 EL_ERR=0.000 AZ_PID=0.000 EL_PID=0.000 EL_FF=0.000
2026-04-20 13:56:35 [INFO] MONITOR az=350.325 el=30.150 AZ_ERR=0.000 EL_ERR=0.000 AZ_PID=0.000 EL_PID=0.000 EL_FF=0.000
2026-04-20 13:56:36 [INFO] MONITOR az=350.325 el=30.150 AZ_ERR=0.000 EL_ERR=0.000 AZ_PID=0.000 EL_PID=0.000 EL_FF=0.000
2026-04-20 13:56:37 [INFO] MONITOR az=350.325 el=30.150 AZ_ERR=0.000 EL_ERR=0.000 AZ_PID=0.000 EL_PID=0.000 EL_FF=0.000
2026-04-20 13:56:38 [INFO] MONITOR az=350.325 el=30.150 AZ_ERR=0.000 EL_ERR=0.000 AZ_PID=0.000 EL_PID=0.000 EL_FF=0.000
2026-04-20 13:56:39 [INFO] MONITOR az=350.325 el=30.150 AZ_ERR=0.000 EL_ERR=0.000 AZ_PID=0.000 EL_PID=0.000 EL_FF=0.000
2026-04-20 13:56:40 [INFO] MONITOR az=350.325 el=30.150 AZ_ERR=0.000 EL_ERR=0.000 AZ_PID=0.000 EL_PID=0.000 EL_FF=0.000
2026-04-20 13:56:41 [INFO] MONITOR az=350.325 el=30.150 AZ_ERR=0.000 EL_ERR=0.000 AZ_PID=0.000 EL_PID=0.000 EL_FF=0.000
2026-04-20 13:56:42 [INFO] MONITOR az=350.325 el=30.150 AZ_ERR=0.000 EL_ERR=0.000 AZ_PID=0.000 EL_PID=0.000 EL_FF=0.000
2026-04-20 13:56:43 [INFO] MONITOR az=350.325 el=30.150 AZ_ERR=0.000 EL_ERR=0.000 AZ_PID=0.000 EL_PID=0.000 EL_FF=0.000
2026-04-20 13:56:44 [INFO] MONITOR az=350.325 el=30.150 AZ_ERR=0.000 EL_ERR=0.000 AZ_PID=0.000 EL_PID=0.000 EL_FF=0.000
2026-04-20 13:56:45 [INFO] MONITOR az=350.325 el=30.150 AZ_ERR=0.000 EL_ERR=0.000 AZ_PID=0.000 EL_PID=0.000 EL_FF=0.000
2026-04-20 13:56:46 [INFO] MONITOR az=350.325 el=30.150 AZ_ERR=0.000 EL_ERR=0.000 AZ_PID=0.000 EL_PID=0.000 EL_FF=0.000
2026-04-20 13:56:47 [INFO] MONITOR az=350.325 el=30.150 AZ_ERR=0.000 EL_ERR=0.000 AZ_PID=0.000 EL_PID=0.000 EL_FF=0.000
2026-04-20 13:56:48 [INFO] MONITOR az=350.325 el=30.150 AZ_ERR=0.000 EL_ERR=0.000 AZ_PID=0.000 EL_PID=0.000 EL_FF=0.000
2026-04-20 13:56:49 [INFO] MONITOR az=350.325 el=30.150 AZ_ERR=0.000 EL_ERR=0.000 AZ_PID=0.000 EL_PID=0.000 EL_FF=0.000
2026-04-20 13:56:50 [INFO] MONITOR az=350.325 el=30.150 AZ_ERR=0.000 EL_ERR=0.000 AZ_PID=0.000 EL_PID=0.000 EL_FF=0.000
2026-04-20 13:56:51 [INFO] MONITOR az=350.325 el=30.150 AZ_ERR=0.000 EL_ERR=0.000 AZ_PID=0.000 EL_PID=0.000 EL_FF=0.000
2026-04-20 13:56:52 [INFO] MONITOR az=350.325 el=30.150 AZ_ERR=0.000 EL_ERR=0.000 AZ_PID=0.000 EL_PID=0.000 EL_FF=0.000
2026-04-20 13:56:53 [INFO] MONITOR az=350.325 el=30.150 AZ_ERR=0.000 EL_ERR=0.000 AZ_PID=0.000 EL_PID=0.000 EL_FF=0.000
2026-04-20 13:56:54 [INFO] MONITOR az=350.325 el=30.150 AZ_ERR=0.000 EL_ERR=0.000 AZ_PID=0.000 EL_PID=0.000 EL_FF=0.000
2026-04-20 13:56:55 [INFO] MONITOR az=350.325 el=30.150 AZ_ERR=0.000 EL_ERR=0.000 AZ_PID=0.000 EL_PID=0.000 EL_FF=0.000
2026-04-20 13:56:56 [INFO] MONITOR az=350.325 el=30.150 AZ_ERR=0.000 EL_ERR=0.000 AZ_PID=0.000 EL_PID=0.000 EL_FF=0.000
2026-04-20 13:56:57 [INFO] MONITOR az=350.325 el=30.150 AZ_ERR=0.000 EL_ERR=0.000 AZ_PID=0.000 EL_PID=0.000 EL_FF=0.000
2026-04-20 13:56:58 [INFO] MONITOR az=350.325 el=30.150 AZ_ERR=0.000 EL_ERR=0.000 AZ_PID=0.000 EL_PID=0.000 EL_FF=0.000
2026-04-20 13:56:59 [INFO] MONITOR az=350.325 el=30.150 AZ_ERR=0.000 EL_ERR=0.000 AZ_PID=0.000 EL_PID=0.000 EL_FF=0.000
2026-04-20 13:57:00 [INFO] MONITOR az=350.325 el=30.150 AZ_ERR=0.000 EL_ERR=0.000 AZ_PID=0.000 EL_PID=0.000 EL_FF=0.000
2026-04-20 13:57:01 [INFO] MONITOR az=350.325 el=30.150 AZ_ERR=0.000 EL_ERR=0.000 AZ_PID=0.000 EL_PID=0.000 EL_FF=0.000
2026-04-20 13:57:02 [INFO] MONITOR az=350.325 el=30.150 AZ_ERR=0.000 EL_ERR=0.000 AZ_PID=0.000 EL_PID=0.000 EL_FF=0.000
2026-04-20 13:57:03 [INFO] MONITOR az=350.325 el=30.150 AZ_ERR=0.000 EL_ERR=0.000 AZ_PID=0.000 EL_PID=0.000 EL_FF=0.000
2026-04-20 13:57:04 [INFO] MONITOR az=350.325 el=30.150 AZ_ERR=0.000 EL_ERR=0.000 AZ_PID=0.000 EL_PID=0.000 EL_FF=0.000
2026-04-20 13:57:05 [INFO] MONITOR az=350.325 el=30.150 AZ_ERR=0.000 EL_ERR=0.000 AZ_PID=0.000 EL_PID=0.000 EL_FF=0.000
2026-04-20 13:57:06 [INFO] MONITOR az=350.325 el=30.150 AZ_ERR=0.000 EL_ERR=0.000 AZ_PID=0.000 EL_PID=0.000 EL_FF=0.000
2026-04-20 13:57:07 [INFO] MONITOR az=350.325 el=30.150 AZ_ERR=0.000 EL_ERR=0.000 AZ_PID=0.000 EL_PID=0.000 EL_FF=0.000
2026-04-20 13:57:08 [INFO] MONITOR az=350.325 el=30.150 AZ_ERR=0.000 EL_ERR=0.000 AZ_PID=0.000 EL_PID=0.000 EL_FF=0.000
2026-04-20 13:57:09 [INFO] MONITOR az=350.325 el=30.150 AZ_ERR=0.000 EL_ERR=0.000 AZ_PID=0.000 EL_PID=0.000 EL_FF=0.000
2026-04-20 13:57:10 [INFO] MONITOR az=350.325 el=30.150 AZ_ERR=0.000 EL_ERR=0.000 AZ_PID=0.000 EL_PID=0.000 EL_FF=0.000
2026-04-20 13:57:11 [INFO] MONITOR az=350.325 el=30.150 AZ_ERR=0.000 EL_ERR=0.000 AZ_PID=0.000 EL_PID=0.000 EL_FF=0.000
2026-04-20 13:57:12 [INFO] MONITOR az=350.325 el=30.150 AZ_ERR=0.000 EL_ERR=0.000 AZ_PID=0.000 EL_PID=0.000 EL_FF=0.000
2026-04-20 13:57:13 [INFO] MONITOR az=350.325 el=30.150 AZ_ERR=0.000 EL_ERR=0.000 AZ_PID=0.000 EL_PID=0.000 EL_FF=0.000
2026-04-20 13:57:14 [INFO] MONITOR az=350.325 el=30.150 AZ_ERR=0.000 EL_ERR=0.000 AZ_PID=0.000 EL_PID=0.000 EL_FF=0.000
2026-04-20 13:57:15 [INFO] MONITOR az=350.325 el=30.150 AZ_ERR=0.000 EL_ERR=0.000 AZ_PID=0.000 EL_PID=0.000 EL_FF=0.000
2026-04-20 13:57:16 [INFO] MONITOR az=350.325 el=30.150 AZ_ERR=0.000 EL_ERR=0.000 AZ_PID=0.000 EL_PID=0.000 EL_FF=0.000
2026-04-20 13:57:17 [INFO] MONITOR az=350.325 el=30.150 AZ_ERR=0.000 EL_ERR=0.000 AZ_PID=0.000 EL_PID=0.000 EL_FF=0.000
2026-04-20 13:57:18 [INFO] MONITOR az=350.325 el=30.150 AZ_ERR=0.000 EL_ERR=0.000 AZ_PID=0.000 EL_PID=0.000 EL_FF=0.000
2026-04-20 13:57:19 [INFO] MONITOR az=350.325 el=30.150 AZ_ERR=0.000 EL_ERR=0.000 AZ_PID=0.000 EL_PID=0.000 EL_FF=0.000
2026-04-20 13:57:20 [INFO] MONITOR az=350.325 el=30.150 AZ_ERR=0.000 EL_ERR=0.000 AZ_PID=0.000 EL_PID=0.000 EL_FF=0.000
2026-04-20 13:57:21 [INFO] MONITOR az=350.325 el=30.150 AZ_ERR=0.000 EL_ERR=0.000 AZ_PID=0.000 EL_PID=0.000 EL_FF=0.000
2026-04-20 13:57:22 [INFO] MONITOR az=350.325 el=30.150 AZ_ERR=0.000 EL_ERR=0.000 AZ_PID=0.000 EL_PID=0.000 EL_FF=0.000
2026-04-20 13:57:23 [INFO] MONITOR az=350.325 el=30.150 AZ_ERR=0.000 EL_ERR=0.000 AZ_PID=0.000 EL_PID=0.000 EL_FF=0.000
2026-04-20 13:57:24 [INFO] MONITOR az=350.325 el=30.150 AZ_ERR=0.000 EL_ERR=0.000 AZ_PID=0.000 EL_PID=0.000 EL_FF=0.000
2026-04-20 13:57:25 [INFO] MONITOR az=350.325 el=30.150 AZ_ERR=0.000 EL_ERR=0.000 AZ_PID=0.000 EL_PID=0.000 EL_FF=0.000
2026-04-20 13:57:26 [INFO] MONITOR az=350.325 el=30.150 AZ_ERR=0.000 EL_ERR=0.000 AZ_PID=0.000 EL_PID=0.000 EL_FF=0.000
2026-04-20 13:57:27 [INFO] MONITOR az=350.325 el=30.150 AZ_ERR=0.000 EL_ERR=0.000 AZ_PID=0.000 EL_PID=0.000 EL_FF=0.000
2026-04-20 13:57:28 [INFO] MONITOR az=350.325 el=30.150 AZ_ERR=0.000 EL_ERR=0.000 AZ_PID=0.000 EL_PID=0.000 EL_FF=0.000
2026-04-20 13:57:29 [INFO] MONITOR az=350.325 el=30.150 AZ_ERR=0.000 EL_ERR=0.000 AZ_PID=0.000 EL_PID=0.000 EL_FF=0.000
2026-04-20 13:57:30 [INFO] MONITOR az=350.325 el=30.150 AZ_ERR=0.000 EL_ERR=0.000 AZ_PID=0.000 EL_PID=0.000 EL_FF=0.000
2026-04-20 13:57:31 [INFO] MONITOR az=350.325 el=30.150 AZ_ERR=0.000 EL_ERR=0.000 AZ_PID=0.000 EL_PID=0.000 EL_FF=0.000
2026-04-20 13:57:32 [INFO] MONITOR az=350.325 el=30.150 AZ_ERR=0.000 EL_ERR=0.000 AZ_PID=0.000 EL_PID=0.000 EL_FF=0.000
2026-04-20 13:57:33 [INFO] MONITOR az=350.325 el=30.150 AZ_ERR=0.000 EL_ERR=0.000 AZ_PID=0.000 EL_PID=0.000 EL_FF=0.000
2026-04-20 13:57:34 [INFO] MONITOR az=350.325 el=30.150 AZ_ERR=0.000 EL_ERR=0.000 AZ_PID=0.000 EL_PID=0.000 EL_FF=0.000
2026-04-20 13:57:35 [INFO] MONITOR az=350.325 el=30.150 AZ_ERR=0.000 EL_ERR=0.000 AZ_PID=0.000 EL_PID=0.000 EL_FF=0.000
2026-04-20 13:57:36 [INFO] MONITOR az=350.325 el=30.150 AZ_ERR=0.000 EL_ERR=0.000 AZ_PID=0.000 EL_PID=0.000 EL_FF=0.000
2026-04-20 13:57:37 [INFO] MONITOR az=350.325 el=30.150 AZ_ERR=0.000 EL_ERR=0.000 AZ_PID=0.000 EL_PID=0.000 EL_FF=0.000
2026-04-20 13:57:38 [INFO] MONITOR az=350.325 el=30.150 AZ_ERR=0.000 EL_ERR=0.000 AZ_PID=0.000 EL_PID=0.000 EL_FF=0.000
2026-04-20 13:57:39 [INFO] MONITOR az=350.325 el=30.150 AZ_ERR=0.000 EL_ERR=0.000 AZ_PID=0.000 EL_PID=0.000 EL_FF=0.000
2026-04-20 13:57:40 [INFO] MONITOR az=350.325 el=30.150 AZ_ERR=0.000 EL_ERR=0.000 AZ_PID=0.000 EL_PID=0.000 EL_FF=0.000
2026-04-20 13:57:41 [INFO] MONITOR az=350.325 el=30.150 AZ_ERR=0.000 EL_ERR=0.000 AZ_PID=0.000 EL_PID=0.000 EL_FF=0.000
2026-04-20 13:57:42 [INFO] MONITOR az=350.325 el=30.150 AZ_ERR=0.000 EL_ERR=0.000 AZ_PID=0.000 EL_PID=0.000 EL_FF=0.000
2026-04-20 13:57:43 [INFO] MONITOR az=350.325 el=30.150 AZ_ERR=0.000 EL_ERR=0.000 AZ_PID=0.000 EL_PID=0.000 EL_FF=0.000
2026-04-20 13:57:44 [INFO] MONITOR az=350.325 el=30.150 AZ_ERR=0.000 EL_ERR=0.000 AZ_PID=0.000 EL_PID=0.000 EL_FF=0.000
2026-04-20 13:57:45 [INFO] MONITOR az=350.325 el=30.150 AZ_ERR=0.000 EL_ERR=0.000 AZ_PID=0.000 EL_PID=0.000 EL_FF=0.000
2026-04-20 13:57:46 [INFO] MONITOR az=350.325 el=30.150 AZ_ERR=0.000 EL_ERR=0.000 AZ_PID=0.000 EL_PID=0.000 EL_FF=0.000
2026-04-20 13:57:47 [INFO] MONITOR az=350.325 el=30.150 AZ_ERR=0.000 EL_ERR=0.000 AZ_PID=0.000 EL_PID=0.000 EL_FF=0.000
2026-04-20 13:57:48 [INFO] MONITOR az=350.325 el=30.150 AZ_ERR=0.000 EL_ERR=0.000 AZ_PID=0.000 EL_PID=0.000 EL_FF=0.000
2026-04-20 13:57:49 [INFO] MONITOR az=350.325 el=30.150 AZ_ERR=0.000 EL_ERR=0.000 AZ_PID=0.000 EL_PID=0.000 EL_FF=0.000
2026-04-20 13:57:50 [INFO] MONITOR az=350.325 el=30.150 AZ_ERR=0.000 EL_ERR=0.000 AZ_PID=0.000 EL_PID=0.000 EL_FF=0.000
2026-04-20 13:57:51 [INFO] MONITOR az=350.325 el=30.150 AZ_ERR=0.000 EL_ERR=0.000 AZ_PID=0.000 EL_PID=0.000 EL_FF=0.000
2026-04-20 13:57:52 [INFO] MONITOR az=350.325 el=30.150 AZ_ERR=0.000 EL_ERR=0.000 AZ_PID=0.000 EL_PID=0.000 EL_FF=0.000
2026-04-20 13:57:53 [INFO] MONITOR az=350.325 el=30.150 AZ_ERR=0.000 EL_ERR=0.000 AZ_PID=0.000 EL_PID=0.000 EL_FF=0.000
2026-04-20 14:05:03 [INFO] MONITOR az=350.325 el=30.150 AZ_ERR=0.000 EL_ERR=0.000 AZ_PID=0.000 EL_PID=0.000 EL_FF=0.000
2026-04-20 14:05:04 [INFO] MONITOR az=350.325 el=30.150 AZ_ERR=0.000 EL_ERR=0.000 AZ_PID=0.000 EL_PID=0.000 EL_FF=0.000
2026-04-20 14:05:05 [INFO] MONITOR az=350.325 el=30.150 AZ_ERR=0.000 EL_ERR=0.000 AZ_PID=0.000 EL_PID=0.000 EL_FF=0.000
2026-04-20 14:05:06 [INFO] MONITOR az=350.325 el=30.150 AZ_ERR=0.000 EL_ERR=0.000 AZ_PID=0.000 EL_PID=0.000 EL_FF=0.000
2026-04-20 14:05:07 [INFO] MONITOR az=350.325 el=30.150 AZ_ERR=0.000 EL_ERR=0.000 AZ_PID=0.000 EL_PID=0.000 EL_FF=0.000
2026-04-20 14:05:08 [INFO] MONITOR az=350.325 el=30.150 AZ_ERR=0.000 EL_ERR=0.000 AZ_PID=0.000 EL_PID=0.000 EL_FF=0.000
2026-04-20 14:05:09 [INFO] MONITOR az=350.325 el=30.150 AZ_ERR=0.000 EL_ERR=0.000 AZ_PID=0.000 EL_PID=0.000 EL_FF=0.000
2026-04-20 14:05:10 [INFO] MONITOR az=350.325 el=30.150 AZ_ERR=0.000 EL_ERR=0.000 AZ_PID=0.000 EL_PID=0.000 EL_FF=0.000
2026-04-20 14:05:11 [INFO] MONITOR az=350.325 el=30.150 AZ_ERR=0.000 EL_ERR=0.000 AZ_PID=0.000 EL_PID=0.000 EL_FF=0.000
2026-04-20 14:05:12 [INFO] MONITOR az=350.325 el=30.150 AZ_ERR=0.000 EL_ERR=0.000 AZ_PID=0.000 EL_PID=0.000 EL_FF=0.000
2026-04-20 14:05:13 [INFO] MONITOR az=350.325 el=30.150 AZ_ERR=0.000 EL_ERR=0.000 AZ_PID=0.000 EL_PID=0.000 EL_FF=0.000
2026-04-20 14:05:14 [INFO] MONITOR az=350.325 el=30.150 AZ_ERR=0.000 EL_ERR=0.000 AZ_PID=0.000 EL_PID=0.000 EL_FF=0.000
2026-04-20 14:05:15 [INFO] MONITOR az=350.325 el=30.150 AZ_ERR=0.000 EL_ERR=0.000 AZ_PID=0.000 EL_PID=0.000 EL_FF=0.000
2026-04-20 14:05:16 [INFO] MONITOR az=350.325 el=30.150 AZ_ERR=0.000 EL_ERR=0.000 AZ_PID=0.000 EL_PID=0.000 EL_FF=0.000
2026-04-20 14:05:17 [INFO] MONITOR az=350.325 el=30.150 AZ_ERR=0.000 EL_ERR=0.000 AZ_PID=0.000 EL_PID=0.000 EL_FF=0.000
2026-04-20 14:05:18 [INFO] MONITOR az=350.325 el=30.150 AZ_ERR=0.000 EL_ERR=0.000 AZ_PID=0.000 EL_PID=0.000 EL_FF=0.000
2026-04-20 14:05:19 [INFO] MONITOR az=350.325 el=30.150 AZ_ERR=0.000 EL_ERR=0.000 AZ_PID=0.000 EL_PID=0.000 EL_FF=0.000
2026-04-20 14:05:20 [INFO] MONITOR az=350.325 el=30.150 AZ_ERR=0.000 EL_ERR=0.000 AZ_PID=0.000 EL_PID=0.000 EL_FF=0.000
2026-04-20 14:05:21 [INFO] MONITOR az=350.325 el=30.150 AZ_ERR=0.000 EL_ERR=0.000 AZ_PID=0.000 EL_PID=0.000 EL_FF=0.000
2026-04-20 14:05:22 [INFO] MONITOR az=350.325 el=30.150 AZ_ERR=0.000 EL_ERR=0.000 AZ_PID=0.000 EL_PID=0.000 EL_FF=0.000
2026-04-20 14:05:23 [INFO] MONITOR az=350.325 el=30.150 AZ_ERR=0.000 EL_ERR=0.000 AZ_PID=0.000 EL_PID=0.000 EL_FF=0.000
2026-04-20 14:05:24 [INFO] MONITOR az=350.325 el=30.150 AZ_ERR=0.000 EL_ERR=0.000 AZ_PID=0.000 EL_PID=0.000 EL_FF=0.000
2026-04-20 14:05:25 [INFO] MONITOR az=350.325 el=30.150 AZ_ERR=0.000 EL_ERR=0.000 AZ_PID=0.000 EL_PID=0.000 EL_FF=0.000
2026-04-20 14:05:26 [INFO] MONITOR az=350.325 el=30.150 AZ_ERR=0.000 EL_ERR=0.000 AZ_PID=0.000 EL_PID=0.000 EL_FF=0.000
2026-04-20 14:05:27 [INFO] MONITOR az=350.325 el=30.150 AZ_ERR=0.000 EL_ERR=0.000 AZ_PID=0.000 EL_PID=0.000 EL_FF=0.000
2026-04-20 14:05:28 [INFO] MONITOR az=350.325 el=30.150 AZ_ERR=0.000 EL_ERR=0.000 AZ_PID=0.000 EL_PID=0.000 EL_FF=0.000
2026-04-20 14:05:29 [INFO] MONITOR az=350.325 el=30.150 AZ_ERR=0.000 EL_ERR=0.000 AZ_PID=0.000 EL_PID=0.000 EL_FF=0.000
2026-04-20 14:05:30 [INFO] MONITOR az=350.325 el=30.150 AZ_ERR=0.000 EL_ERR=0.000 AZ_PID=0.000 EL_PID=0.000 EL_FF=0.000
2026-04-20 14:05:31 [INFO] MONITOR az=350.325 el=30.150 AZ_ERR=0.000 EL_ERR=0.000 AZ_PID=0.000 EL_PID=0.000 EL_FF=0.000
2026-04-20 14:05:32 [INFO] MONITOR az=350.325 el=30.150 AZ_ERR=0.000 EL_ERR=0.000 AZ_PID=0.000 EL_PID=0.000 EL_FF=0.000
2026-04-20 14:05:33 [INFO] MONITOR az=350.325 el=30.150 AZ_ERR=0.000 EL_ERR=0.000 AZ_PID=0.000 EL_PID=0.000 EL_FF=0.000
2026-04-20 14:05:34 [INFO] MONITOR az=350.325 el=30.150 AZ_ERR=0.000 EL_ERR=0.000 AZ_PID=0.000 EL_PID=0.000 EL_FF=0.000
2026-04-20 14:05:35 [INFO] MONITOR az=350.325 el=30.150 AZ_ERR=0.000 EL_ERR=0.000 AZ_PID=0.000 EL_PID=0.000 EL_FF=0.000
2026-04-20 14:05:36 [INFO] MONITOR az=350.325 el=30.150 AZ_ERR=0.000 EL_ERR=0.000 AZ_PID=0.000 EL_PID=0.000 EL_FF=0.000
2026-04-20 14:05:37 [INFO] MONITOR az=350.325 el=30.150 AZ_ERR=0.000 EL_ERR=0.000 AZ_PID=0.000 EL_PID=0.000 EL_FF=0.000
2026-04-20 14:05:38 [INFO] MONITOR az=350.325 el=30.150 AZ_ERR=0.000 EL_ERR=0.000 AZ_PID=0.000 EL_PID=0.000 EL_FF=0.000
2026-04-20 14:05:39 [INFO] MONITOR az=350.325 el=30.150 AZ_ERR=0.000 EL_ERR=0.000 AZ_PID=0.000 EL_PID=0.000 EL_FF=0.000
2026-04-20 14:05:40 [INFO] MONITOR az=350.325 el=30.150 AZ_ERR=0.000 EL_ERR=0.000 AZ_PID=0.000 EL_PID=0.000 EL_FF=0.000
2026-04-20 14:05:41 [INFO] MONITOR az=350.325 el=30.150 AZ_ERR=0.000 EL_ERR=0.000 AZ_PID=0.000 EL_PID=0.000 EL_FF=0.000
2026-04-20 14:05:42 [INFO] MONITOR az=350.325 el=30.150 AZ_ERR=0.000 EL_ERR=0.000 AZ_PID=0.000 EL_PID=0.000 EL_FF=0.000
2026-04-20 14:05:43 [INFO] MONITOR az=350.325 el=30.150 AZ_ERR=0.000 EL_ERR=0.000 AZ_PID=0.000 EL_PID=0.000 EL_FF=0.000
2026-04-20 14:05:44 [INFO] MONITOR az=350.325 el=30.150 AZ_ERR=0.000 EL_ERR=0.000 AZ_PID=0.000 EL_PID=0.000 EL_FF=0.000
2026-04-20 14:05:45 [INFO] MONITOR az=350.325 el=30.150 AZ_ERR=0.000 EL_ERR=0.000 AZ_PID=0.000 EL_PID=0.000 EL_FF=0.000
2026-04-20 14:05:46 [INFO] MONITOR az=350.325 el=30.150 AZ_ERR=0.000 EL_ERR=0.000 AZ_PID=0.000 EL_PID=0.000 EL_FF=0.000
2026-04-20 14:05:47 [INFO] MONITOR az=350.325 el=30.150 AZ_ERR=0.000 EL_ERR=0.000 AZ_PID=0.000 EL_PID=0.000 EL_FF=0.000
2026-04-20 14:05:48 [INFO] MONITOR az=350.325 el=30.150 AZ_ERR=0.000 EL_ERR=0.000 AZ_PID=0.000 EL_PID=0.000 EL_FF=0.000
2026-04-20 14:05:49 [INFO] MONITOR az=350.325 el=30.150 AZ_ERR=0.000 EL_ERR=0.000 AZ_PID=0.000 EL_PID=0.000 EL_FF=0.000
2026-04-20 14:05:50 [INFO] MONITOR az=350.325 el=30.150 AZ_ERR=0.000 EL_ERR=0.000 AZ_PID=0.000 EL_PID=0.000 EL_FF=0.000
2026-04-20 14:05:51 [INFO] MONITOR az=350.325 el=30.150 AZ_ERR=0.000 EL_ERR=0.000 AZ_PID=0.000 EL_PID=0.000 EL_FF=0.000
2026-04-20 14:05:52 [INFO] MONITOR az=350.325 el=30.150 AZ_ERR=0.000 EL_ERR=0.000 AZ_PID=0.000 EL_PID=0.000 EL_FF=0.000
2026-04-20 14:05:53 [INFO] MONITOR az=350.325 el=30.150 AZ_ERR=0.000 EL_ERR=0.000 AZ_PID=0.000 EL_PID=0.000 EL_FF=0.000
2026-04-20 14:05:54 [INFO] MONITOR az=350.325 el=30.150 AZ_ERR=0.000 EL_ERR=0.000 AZ_PID=0.000 EL_PID=0.000 EL_FF=0.000
2026-04-20 14:05:55 [INFO] MONITOR az=350.325 el=30.150 AZ_ERR=0.000 EL_ERR=0.000 AZ_PID=0.000 EL_PID=0.000 EL_FF=0.000
2026-04-20 14:05:56 [INFO] MONITOR az=350.325 el=30.150 AZ_ERR=0.000 EL_ERR=0.000 AZ_PID=0.000 EL_PID=0.000 EL_FF=0.000
2026-04-20 14:05:57 [INFO] MONITOR az=350.325 el=30.150 AZ_ERR=0.000 EL_ERR=0.000 AZ_PID=0.000 EL_PID=0.000 EL_FF=0.000
2026-04-20 14:05:58 [INFO] MONITOR az=350.325 el=30.150 AZ_ERR=0.000 EL_ERR=0.000 AZ_PID=0.000 EL_PID=0.000 EL_FF=0.000
2026-04-20 14:05:59 [INFO] MONITOR az=350.325 el=30.150 AZ_ERR=0.000 EL_ERR=0.000 AZ_PID=0.000 EL_PID=0.000 EL_FF=0.000
2026-04-20 14:06:00 [INFO] MONITOR az=350.325 el=30.150 AZ_ERR=0.000 EL_ERR=0.000 AZ_PID=0.000 EL_PID=0.000 EL_FF=0.000
2026-04-20 14:06:01 [INFO] MONITOR az=350.325 el=30.150 AZ_ERR=0.000 EL_ERR=0.000 AZ_PID=0.000 EL_PID=0.000 EL_FF=0.000
2026-04-20 14:06:02 [INFO] MONITOR az=350.325 el=30.150 AZ_ERR=0.000 EL_ERR=0.000 AZ_PID=0.000 EL_PID=0.000 EL_FF=0.000
2026-04-20 14:06:03 [INFO] MONITOR az=350.325 el=30.150 AZ_ERR=0.000 EL_ERR=0.000 AZ_PID=0.000 EL_PID=0.000 EL_FF=0.000
2026-04-20 14:06:04 [INFO] MONITOR az=350.325 el=30.150 AZ_ERR=0.000 EL_ERR=0.000 AZ_PID=0.000 EL_PID=0.000 EL_FF=0.000
2026-04-20 14:06:05 [INFO] MONITOR az=350.325 el=30.150 AZ_ERR=0.000 EL_ERR=0.000 AZ_PID=0.000 EL_PID=0.000 EL_FF=0.000
2026-04-20 14:06:06 [INFO] MONITOR az=350.325 el=30.150 AZ_ERR=0.000 EL_ERR=0.000 AZ_PID=0.000 EL_PID=0.000 EL_FF=0.000
2026-04-20 14:06:07 [INFO] MONITOR az=350.325 el=30.150 AZ_ERR=0.000 EL_ERR=0.000 AZ_PID=0.000 EL_PID=0.000 EL_FF=0.000
2026-04-20 14:06:08 [INFO] MONITOR az=350.325 el=30.150 AZ_ERR=0.000 EL_ERR=0.000 AZ_PID=0.000 EL_PID=0.000 EL_FF=0.000
2026-04-20 14:06:09 [INFO] MONITOR az=350.325 el=30.150 AZ_ERR=0.000 EL_ERR=0.000 AZ_PID=0.000 EL_PID=0.000 EL_FF=0.000
2026-04-20 14:06:10 [INFO] MONITOR az=350.325 el=30.150 AZ_ERR=0.000 EL_ERR=0.000 AZ_PID=0.000 EL_PID=0.000 EL_FF=0.000
2026-04-20 14:06:11 [INFO] MONITOR az=350.325 el=30.150 AZ_ERR=0.000 EL_ERR=0.000 AZ_PID=0.000 EL_PID=0.000 EL_FF=0.000
2026-04-20 14:06:12 [INFO] MONITOR az=350.325 el=30.150 AZ_ERR=0.000 EL_ERR=0.000 AZ_PID=0.000 EL_PID=0.000 EL_FF=0.000
2026-04-20 14:06:13 [INFO] MONITOR az=350.325 el=30.150 AZ_ERR=0.000 EL_ERR=0.000 AZ_PID=0.000 EL_PID=0.000 EL_FF=0.000
2026-04-20 14:06:14 [INFO] MONITOR az=350.325 el=30.150 AZ_ERR=0.000 EL_ERR=0.000 AZ_PID=0.000 EL_PID=0.000 EL_FF=0.000
2026-04-20 14:06:15 [INFO] MONITOR az=350.325 el=30.150 AZ_ERR=0.000 EL_ERR=0.000 AZ_PID=0.000 EL_PID=0.000 EL_FF=0.000
2026-04-20 14:06:16 [INFO] MONITOR az=350.325 el=30.150 AZ_ERR=0.000 EL_ERR=0.000 AZ_PID=0.000 EL_PID=0.000 EL_FF=0.000
2026-04-20 14:06:17 [INFO] MONITOR az=350.325 el=30.150 AZ_ERR=0.000 EL_ERR=0.000 AZ_PID=0.000 EL_PID=0.000 EL_FF=0.000
2026-04-20 14:06:18 [INFO] MONITOR az=350.325 el=30.150 AZ_ERR=0.000 EL_ERR=0.000 AZ_PID=0.000 EL_PID=0.000 EL_FF=0.000
2026-04-20 14:06:19 [INFO] MONITOR az=350.325 el=30.150 AZ_ERR=0.000 EL_ERR=0.000 AZ_PID=0.000 EL_PID=0.000 EL_FF=0.000
2026-04-20 14:06:20 [INFO] MONITOR az=350.325 el=30.150 AZ_ERR=0.000 EL_ERR=0.000 AZ_PID=0.000 EL_PID=0.000 EL_FF=0.000
2026-04-20 14:06:21 [INFO] MONITOR az=350.325 el=30.150 AZ_ERR=0.000 EL_ERR=0.000 AZ_PID=0.000 EL_PID=0.000 EL_FF=0.000
2026-04-20 14:06:22 [INFO] MONITOR az=350.325 el=30.150 AZ_ERR=0.000 EL_ERR=0.000 AZ_PID=0.000 EL_PID=0.000 EL_FF=0.000
2026-04-20 14:06:23 [INFO] MONITOR az=350.325 el=30.150 AZ_ERR=0.000 EL_ERR=0.000 AZ_PID=0.000 EL_PID=0.000 EL_FF=0.000
2026-04-20 14:06:24 [INFO] MONITOR az=350.325 el=30.150 AZ_ERR=0.000 EL_ERR=0.000 AZ_PID=0.000 EL_PID=0.000 EL_FF=0.000
2026-04-20 14:06:25 [INFO] MONITOR az=350.325 el=30.150 AZ_ERR=0.000 EL_ERR=0.000 AZ_PID=0.000 EL_PID=0.000 EL_FF=0.000
2026-04-20 14:06:26 [INFO] MONITOR az=350.325 el=30.150 AZ_ERR=0.000 EL_ERR=0.000 AZ_PID=0.000 EL_PID=0.000 EL_FF=0.000
2026-04-20 14:06:27 [INFO] MONITOR az=350.325 el=30.150 AZ_ERR=0.000 EL_ERR=0.000 AZ_PID=0.000 EL_PID=0.000 EL_FF=0.000
2026-04-20 14:06:28 [INFO] MONITOR az=350.325 el=30.150 AZ_ERR=0.000 EL_ERR=0.000 AZ_PID=0.000 EL_PID=0.000 EL_FF=0.000
2026-04-20 14:06:29 [INFO] MONITOR az=350.325 el=30.150 AZ_ERR=0.000 EL_ERR=0.000 AZ_PID=0.000 EL_PID=0.000 EL_FF=0.000
2026-04-20 14:06:30 [INFO] MONITOR az=350.325 el=30.150 AZ_ERR=0.000 EL_ERR=0.000 AZ_PID=0.000 EL_PID=0.000 EL_FF=0.000
2026-04-20 14:06:31 [INFO] MONITOR az=350.325 el=30.150 AZ_ERR=0.000 EL_ERR=0.000 AZ_PID=0.000 EL_PID=0.000 EL_FF=0.000
2026-04-20 14:06:32 [INFO] MONITOR az=350.325 el=30.150 AZ_ERR=0.000 EL_ERR=0.000 AZ_PID=0.000 EL_PID=0.000 EL_FF=0.000
2026-04-20 14:06:33 [INFO] MONITOR az=350.325 el=30.150 AZ_ERR=0.000 EL_ERR=0.000 AZ_PID=0.000 EL_PID=0.000 EL_FF=0.000
2026-04-20 14:06:34 [INFO] MONITOR az=350.325 el=30.150 AZ_ERR=0.000 EL_ERR=0.000 AZ_PID=0.000 EL_PID=0.000 EL_FF=0.000
2026-04-20 14:06:35 [INFO] MONITOR az=350.325 el=30.150 AZ_ERR=0.000 EL_ERR=0.000 AZ_PID=0.000 EL_PID=0.000 EL_FF=0.000
2026-04-20 14:06:36 [INFO] MONITOR az=350.325 el=30.150 AZ_ERR=0.000 EL_ERR=0.000 AZ_PID=0.000 EL_PID=0.000 EL_FF=0.000
2026-04-20 14:06:37 [INFO] MONITOR az=350.325 el=30.150 AZ_ERR=0.000 EL_ERR=0.000 AZ_PID=0.000 EL_PID=0.000 EL_FF=0.000
2026-04-20 14:06:38 [INFO] MONITOR az=350.325 el=30.150 AZ_ERR=0.000 EL_ERR=0.000 AZ_PID=0.000 EL_PID=0.000 EL_FF=0.000
2026-04-20 14:06:39 [INFO] MONITOR az=350.325 el=30.150 AZ_ERR=0.000 EL_ERR=0.000 AZ_PID=0.000 EL_PID=0.000 EL_FF=0.000
2026-04-20 14:06:40 [INFO] MONITOR az=350.325 el=30.150 AZ_ERR=0.000 EL_ERR=0.000 AZ_PID=0.000 EL_PID=0.000 EL_FF=0.000
2026-04-20 14:06:41 [INFO] MONITOR az=350.325 el=30.150 AZ_ERR=0.000 EL_ERR=0.000 AZ_PID=0.000 EL_PID=0.000 EL_FF=0.000
2026-04-20 14:06:42 [INFO] MONITOR az=350.325 el=30.150 AZ_ERR=0.000 EL_ERR=0.000 AZ_PID=0.000 EL_PID=0.000 EL_FF=0.000
2026-04-20 14:06:43 [INFO] MONITOR az=350.325 el=30.150 AZ_ERR=0.000 EL_ERR=0.000 AZ_PID=0.000 EL_PID=0.000 EL_FF=0.000
2026-04-20 14:06:44 [INFO] MONITOR az=350.325 el=30.150 AZ_ERR=0.000 EL_ERR=0.000 AZ_PID=0.000 EL_PID=0.000 EL_FF=0.000
2026-04-20 14:06:45 [INFO] MONITOR az=350.325 el=30.150 AZ_ERR=0.000 EL_ERR=0.000 AZ_PID=0.000 EL_PID=0.000 EL_FF=0.000
2026-04-20 14:06:46 [INFO] MONITOR az=350.325 el=30.150 AZ_ERR=0.000 EL_ERR=0.000 AZ_PID=0.000 EL_PID=0.000 EL_FF=0.000
2026-04-20 14:06:47 [INFO] MONITOR az=350.325 el=30.150 AZ_ERR=0.000 EL_ERR=0.000 AZ_PID=0.000 EL_PID=0.000 EL_FF=0.000
2026-04-20 14:06:48 [INFO] MONITOR az=350.325 el=30.150 AZ_ERR=0.000 EL_ERR=0.000 AZ_PID=0.000 EL_PID=0.000 EL_FF=0.000
2026-04-20 14:06:49 [INFO] MONITOR az=350.325 el=30.150 AZ_ERR=0.000 EL_ERR=0.000 AZ_PID=0.000 EL_PID=0.000 EL_FF=0.000
2026-04-20 14:06:50 [INFO] MONITOR az=350.325 el=30.150 AZ_ERR=0.000 EL_ERR=0.000 AZ_PID=0.000 EL_PID=0.000 EL_FF=0.000
2026-04-20 14:06:51 [INFO] MONITOR az=350.325 el=30.150 AZ_ERR=0.000 EL_ERR=0.000 AZ_PID=0.000 EL_PID=0.000 EL_FF=0.000
2026-04-20 14:06:52 [INFO] MONITOR az=350.325 el=30.150 AZ_ERR=0.000 EL_ERR=0.000 AZ_PID=0.000 EL_PID=0.000 EL_FF=0.000
2026-04-20 14:06:53 [INFO] MONITOR az=350.325 el=30.150 AZ_ERR=0.000 EL_ERR=0.000 AZ_PID=0.000 EL_PID=0.000 EL_FF=0.000
2026-04-20 14:06:54 [INFO] MONITOR az=350.325 el=30.150 AZ_ERR=0.000 EL_ERR=0.000 AZ_PID=0.000 EL_PID=0.000 EL_FF=0.000
2026-04-20 14:06:55 [INFO] MONITOR az=350.325 el=30.150 AZ_ERR=0.000 EL_ERR=0.000 AZ_PID=0.000 EL_PID=0.000 EL_FF=0.000
2026-04-20 14:06:56 [INFO] MONITOR az=350.325 el=30.150 AZ_ERR=0.000 EL_ERR=0.000 AZ_PID=0.000 EL_PID=0.000 EL_FF=0.000
2026-04-20 14:06:57 [INFO] MONITOR az=350.325 el=30.150 AZ_ERR=0.000 EL_ERR=0.000 AZ_PID=0.000 EL_PID=0.000 EL_FF=0.000
2026-04-20 14:06:58 [INFO] MONITOR az=350.325 el=30.150 AZ_ERR=0.000 EL_ERR=0.000 AZ_PID=0.000 EL_PID=0.000 EL_FF=0.000
2026-04-20 14:06:59 [INFO] MONITOR az=350.325 el=30.150 AZ_ERR=0.000 EL_ERR=0.000 AZ_PID=0.000 EL_PID=0.000 EL_FF=0.000
2026-04-20 14:07:00 [INFO] MONITOR az=350.325 el=30.150 AZ_ERR=0.000 EL_ERR=0.000 AZ_PID=0.000 EL_PID=0.000 EL_FF=0.000
2026-04-20 14:07:01 [INFO] MONITOR az=350.325 el=30.150 AZ_ERR=0.000 EL_ERR=0.000 AZ_PID=0.000 EL_PID=0.000 EL_FF=0.000
2026-04-20 14:07:02 [INFO] MONITOR az=350.325 el=30.150 AZ_ERR=0.000 EL_ERR=0.000 AZ_PID=0.000 EL_PID=0.000 EL_FF=0.000
2026-04-20 14:07:03 [INFO] MONITOR az=350.325 el=30.150 AZ_ERR=0.000 EL_ERR=0.000 AZ_PID=0.000 EL_PID=0.000 EL_FF=0.000
2026-04-20 14:07:04 [INFO] MONITOR az=350.325 el=30.150 AZ_ERR=0.000 EL_ERR=0.000 AZ_PID=0.000 EL_PID=0.000 EL_FF=0.000
2026-04-20 14:07:05 [INFO] MONITOR az=350.325 el=30.150 AZ_ERR=0.000 EL_ERR=0.000 AZ_PID=0.000 EL_PID=0.000 EL_FF=0.000
2026-04-20 14:07:06 [INFO] MONITOR az=350.325 el=30.150 AZ_ERR=0.000 EL_ERR=0.000 AZ_PID=0.000 EL_PID=0.000 EL_FF=0.000
2026-04-20 14:07:07 [INFO] MONITOR az=350.325 el=30.150 AZ_ERR=0.000 EL_ERR=0.000 AZ_PID=0.000 EL_PID=0.000 EL_FF=0.000
2026-04-20 14:07:08 [INFO] MONITOR az=350.325 el=30.150 AZ_ERR=0.000 EL_ERR=0.000 AZ_PID=0.000 EL_PID=0.000 EL_FF=0.000
2026-04-20 14:07:09 [INFO] MONITOR az=350.325 el=30.150 AZ_ERR=0.000 EL_ERR=0.000 AZ_PID=0.000 EL_PID=0.000 EL_FF=0.000
2026-04-20 14:07:10 [INFO] MONITOR az=350.325 el=30.150 AZ_ERR=0.000 EL_ERR=0.000 AZ_PID=0.000 EL_PID=0.000 EL_FF=0.000
2026-04-20 14:07:11 [INFO] MONITOR az=350.325 el=30.150 AZ_ERR=0.000 EL_ERR=0.000 AZ_PID=0.000 EL_PID=0.000 EL_FF=0.000
2026-04-20 14:07:12 [INFO] MONITOR az=350.325 el=30.150 AZ_ERR=0.000 EL_ERR=0.000 AZ_PID=0.000 EL_PID=0.000 EL_FF=0.000
2026-04-20 14:07:13 [INFO] MONITOR az=350.325 el=30.150 AZ_ERR=0.000 EL_ERR=0.000 AZ_PID=0.000 EL_PID=0.000 EL_FF=0.000
2026-04-20 14:07:14 [INFO] MONITOR az=350.325 el=30.150 AZ_ERR=0.000 EL_ERR=0.000 AZ_PID=0.000 EL_PID=0.000 EL_FF=0.000
2026-04-20 14:07:15 [INFO] MONITOR az=350.325 el=30.150 AZ_ERR=0.000 EL_ERR=0.000 AZ_PID=0.000 EL_PID=0.000 EL_FF=0.000
2026-04-20 14:07:16 [INFO] MONITOR az=350.325 el=30.150 AZ_ERR=0.000 EL_ERR=0.000 AZ_PID=0.000 EL_PID=0.000 EL_FF=0.000
2026-04-20 14:07:17 [INFO] MONITOR az=350.325 el=30.150 AZ_ERR=0.000 EL_ERR=0.000 AZ_PID=0.000 EL_PID=0.000 EL_FF=0.000
2026-04-20 14:07:18 [INFO] MONITOR az=350.325 el=30.150 AZ_ERR=0.000 EL_ERR=0.000 AZ_PID=0.000 EL_PID=0.000 EL_FF=0.000
2026-04-20 14:07:19 [INFO] MONITOR az=350.325 el=30.150 AZ_ERR=0.000 EL_ERR=0.000 AZ_PID=0.000 EL_PID=0.000 EL_FF=0.000
2026-04-20 14:07:20 [INFO] MONITOR az=350.325 el=30.150 AZ_ERR=0.000 EL_ERR=0.000 AZ_PID=0.000 EL_PID=0.000 EL_FF=0.000
2026-04-20 14:07:21 [INFO] MONITOR az=350.325 el=30.150 AZ_ERR=0.000 EL_ERR=0.000 AZ_PID=0.000 EL_PID=0.000 EL_FF=0.000
2026-04-20 14:07:22 [INFO] MONITOR az=350.325 el=30.150 AZ_ERR=0.000 EL_ERR=0.000 AZ_PID=0.000 EL_PID=0.000 EL_FF=0.000
2026-04-20 14:07:23 [INFO] MONITOR az=350.325 el=30.150 AZ_ERR=0.000 EL_ERR=0.000 AZ_PID=0.000 EL_PID=0.000 EL_FF=0.000
2026-04-20 14:07:24 [INFO] MONITOR az=350.325 el=30.150 AZ_ERR=0.000 EL_ERR=0.000 AZ_PID=0.000 EL_PID=0.000 EL_FF=0.000
2026-04-20 14:07:25 [INFO] MONITOR az=350.325 el=30.150 AZ_ERR=0.000 EL_ERR=0.000 AZ_PID=0.000 EL_PID=0.000 EL_FF=0.000
2026-04-20 14:07:26 [INFO] MONITOR az=350.325 el=30.150 AZ_ERR=0.000 EL_ERR=0.000 AZ_PID=0.000 EL_PID=0.000 EL_FF=0.000
2026-04-20 14:07:27 [INFO] MONITOR az=350.325 el=30.150 AZ_ERR=0.000 EL_ERR=0.000 AZ_PID=0.000 EL_PID=0.000 EL_FF=0.000
2026-04-20 14:07:28 [INFO] MONITOR az=350.325 el=30.150 AZ_ERR=0.000 EL_ERR=0.000 AZ_PID=0.000 EL_PID=0.000 EL_FF=0.000
2026-04-20 14:07:29 [INFO] MONITOR az=350.325 el=30.150 AZ_ERR=0.000 EL_ERR=0.000 AZ_PID=0.000 EL_PID=0.000 EL_FF=0.000
2026-04-20 14:07:30 [INFO] MONITOR az=350.325 el=30.150 AZ_ERR=0.000 EL_ERR=0.000 AZ_PID=0.000 EL_PID=0.000 EL_FF=0.000
2026-04-20 14:07:31 [INFO] MONITOR az=350.325 el=30.150 AZ_ERR=0.000 EL_ERR=0.000 AZ_PID=0.000 EL_PID=0.000 EL_FF=0.000
2026-04-20 14:07:32 [INFO] MONITOR az=350.325 el=30.150 AZ_ERR=0.000 EL_ERR=0.000 AZ_PID=0.000 EL_PID=0.000 EL_FF=0.000
2026-04-20 14:07:33 [INFO] MONITOR az=350.325 el=30.150 AZ_ERR=0.000 EL_ERR=0.000 AZ_PID=0.000 EL_PID=0.000 EL_FF=0.000
2026-04-20 14:07:34 [INFO] MONITOR az=350.325 el=30.150 AZ_ERR=0.000 EL_ERR=0.000 AZ_PID=0.000 EL_PID=0.000 EL_FF=0.000
2026-04-20 14:07:35 [INFO] MONITOR az=350.325 el=30.150 AZ_ERR=0.000 EL_ERR=0.000 AZ_PID=0.000 EL_PID=0.000 EL_FF=0.000
2026-04-20 14:07:36 [INFO] MONITOR az=350.325 el=30.150 AZ_ERR=0.000 EL_ERR=0.000 AZ_PID=0.000 EL_PID=0.000 EL_FF=0.000
2026-04-20 14:07:37 [INFO] MONITOR az=350.325 el=30.150 AZ_ERR=0.000 EL_ERR=0.000 AZ_PID=0.000 EL_PID=0.000 EL_FF=0.000
2026-04-20 14:07:38 [INFO] MONITOR az=350.325 el=30.150 AZ_ERR=0.000 EL_ERR=0.000 AZ_PID=0.000 EL_PID=0.000 EL_FF=0.000
2026-04-20 14:07:39 [INFO] MONITOR az=350.325 el=30.150 AZ_ERR=0.000 EL_ERR=0.000 AZ_PID=0.000 EL_PID=0.000 EL_FF=0.000
2026-04-20 14:07:40 [INFO] MONITOR az=350.325 el=30.150 AZ_ERR=0.000 EL_ERR=0.000 AZ_PID=0.000 EL_PID=0.000 EL_FF=0.000
2026-04-20 14:07:41 [INFO] MONITOR az=350.325 el=30.150 AZ_ERR=0.000 EL_ERR=0.000 AZ_PID=0.000 EL_PID=0.000 EL_FF=0.000
2026-04-20 14:07:42 [INFO] MONITOR az=350.325 el=30.150 AZ_ERR=0.000 EL_ERR=0.000 AZ_PID=0.000 EL_PID=0.000 EL_FF=0.000
2026-04-20 14:07:43 [INFO] MONITOR az=350.325 el=30.150 AZ_ERR=0.000 EL_ERR=0.000 AZ_PID=0.000 EL_PID=0.000 EL_FF=0.000
2026-04-20 14:07:44 [INFO] MONITOR az=350.325 el=30.150 AZ_ERR=0.000 EL_ERR=0.000 AZ_PID=0.000 EL_PID=0.000 EL_FF=0.000
2026-04-20 14:07:45 [INFO] MONITOR az=350.325 el=30.150 AZ_ERR=0.000 EL_ERR=0.000 AZ_PID=0.000 EL_PID=0.000 EL_FF=0.000
2026-04-20 14:07:46 [INFO] MONITOR az=350.325 el=30.150 AZ_ERR=0.000 EL_ERR=0.000 AZ_PID=0.000 EL_PID=0.000 EL_FF=0.000
2026-04-20 14:07:47 [INFO] MONITOR az=350.325 el=30.150 AZ_ERR=0.000 EL_ERR=0.000 AZ_PID=0.000 EL_PID=0.000 EL_FF=0.000
2026-04-20 14:07:48 [INFO] MONITOR az=350.325 el=30.150 AZ_ERR=0.000 EL_ERR=0.000 AZ_PID=0.000 EL_PID=0.000 EL_FF=0.000
2026-04-20 14:07:49 [INFO] MONITOR az=350.325 el=30.150 AZ_ERR=0.000 EL_ERR=0.000 AZ_PID=0.000 EL_PID=0.000 EL_FF=0.000
2026-04-20 14:07:50 [INFO] MONITOR az=350.325 el=30.150 AZ_ERR=0.000 EL_ERR=0.000 AZ_PID=0.000 EL_PID=0.000 EL_FF=0.000
2026-04-20 14:07:51 [INFO] MONITOR az=350.325 el=30.150 AZ_ERR=0.000 EL_ERR=0.000 AZ_PID=0.000 EL_PID=0.000 EL_FF=0.000
2026-04-20 14:07:52 [INFO] MONITOR az=350.325 el=30.150 AZ_ERR=0.000 EL_ERR=0.000 AZ_PID=0.000 EL_PID=0.000 EL_FF=0.000
2026-04-20 14:07:53 [INFO] MONITOR az=350.325 el=30.150 AZ_ERR=0.000 EL_ERR=0.000 AZ_PID=0.000 EL_PID=0.000 EL_FF=0.000
2026-04-20 14:07:54 [INFO] MONITOR az=350.325 el=30.150 AZ_ERR=0.000 EL_ERR=0.000 AZ_PID=0.000 EL_PID=0.000 EL_FF=0.000
2026-04-20 14:07:55 [INFO] MONITOR az=350.325 el=30.150 AZ_ERR=0.000 EL_ERR=0.000 AZ_PID=0.000 EL_PID=0.000 EL_FF=0.000
2026-04-20 14:07:56 [INFO] MONITOR az=350.325 el=30.150 AZ_ERR=0.000 EL_ERR=0.000 AZ_PID=0.000 EL_PID=0.000 EL_FF=0.000
2026-04-20 14:07:57 [INFO] MONITOR az=350.325 el=30.150 AZ_ERR=0.000 EL_ERR=0.000 AZ_PID=0.000 EL_PID=0.000 EL_FF=0.000
2026-04-20 14:07:58 [INFO] MONITOR az=350.325 el=30.150 AZ_ERR=0.000 EL_ERR=0.000 AZ_PID=0.000 EL_PID=0.000 EL_FF=0.000
2026-04-20 14:07:59 [INFO] MONITOR az=350.325 el=30.150 AZ_ERR=0.000 EL_ERR=0.000 AZ_PID=0.000 EL_PID=0.000 EL_FF=0.000
2026-04-20 14:08:00 [INFO] MONITOR az=350.325 el=30.150 AZ_ERR=0.000 EL_ERR=0.000 AZ_PID=0.000 EL_PID=0.000 EL_FF=0.000
2026-04-20 14:08:01 [INFO] MONITOR az=350.325 el=30.150 AZ_ERR=0.000 EL_ERR=0.000 AZ_PID=0.000 EL_PID=0.000 EL_FF=0.000
2026-04-20 14:08:02 [INFO] MONITOR az=350.325 el=30.150 AZ_ERR=0.000 EL_ERR=0.000 AZ_PID=0.000 EL_PID=0.000 EL_FF=0.000
2026-04-20 14:08:03 [INFO] MONITOR az=350.325 el=30.150 AZ_ERR=0.000 EL_ERR=0.000 AZ_PID=0.000 EL_PID=0.000 EL_FF=0.000
2026-04-20 14:08:04 [INFO] MONITOR az=350.325 el=30.150 AZ_ERR=0.000 EL_ERR=0.000 AZ_PID=0.000 EL_PID=0.000 EL_FF=0.000
2026-04-20 14:08:05 [INFO] MONITOR az=350.325 el=30.150 AZ_ERR=0.000 EL_ERR=0.000 AZ_PID=0.000 EL_PID=0.000 EL_FF=0.000
2026-04-20 14:08:06 [INFO] MONITOR az=350.325 el=30.150 AZ_ERR=0.000 EL_ERR=0.000 AZ_PID=0.000 EL_PID=0.000 EL_FF=0.000
2026-04-20 14:08:07 [INFO] MONITOR az=350.325 el=30.150 AZ_ERR=0.000 EL_ERR=0.000 AZ_PID=0.000 EL_PID=0.000 EL_FF=0.000
2026-04-20 14:08:08 [INFO] MONITOR az=350.325 el=30.150 AZ_ERR=0.000 EL_ERR=0.000 AZ_PID=0.000 EL_PID=0.000 EL_FF=0.000
2026-04-20 14:08:09 [INFO] MONITOR az=350.325 el=30.150 AZ_ERR=0.000 EL_ERR=0.000 AZ_PID=0.000 EL_PID=0.000 EL_FF=0.000
2026-04-20 14:08:10 [INFO] MONITOR az=350.325 el=30.150 AZ_ERR=0.000 EL_ERR=0.000 AZ_PID=0.000 EL_PID=0.000 EL_FF=0.000
2026-04-20 14:08:11 [INFO] MONITOR az=350.325 el=30.150 AZ_ERR=0.000 EL_ERR=0.000 AZ_PID=0.000 EL_PID=0.000 EL_FF=0.000
2026-04-20 14:08:12 [INFO] MONITOR az=350.325 el=30.150 AZ_ERR=0.000 EL_ERR=0.000 AZ_PID=0.000 EL_PID=0.000 EL_FF=0.000
2026-04-20 14:08:13 [INFO] MONITOR az=350.325 el=30.150 AZ_ERR=0.000 EL_ERR=0.000 AZ_PID=0.000 EL_PID=0.000 EL_FF=0.000
2026-04-20 14:08:14 [INFO] MONITOR az=350.325 el=30.150 AZ_ERR=0.000 EL_ERR=0.000 AZ_PID=0.000 EL_PID=0.000 EL_FF=0.000
2026-04-20 14:08:16 [INFO] MONITOR az=350.325 el=30.150 AZ_ERR=0.000 EL_ERR=0.000 AZ_PID=0.000 EL_PID=0.000 EL_FF=0.000
2026-04-20 14:08:17 [INFO] MONITOR az=350.325 el=30.150 AZ_ERR=0.000 EL_ERR=0.000 AZ_PID=0.000 EL_PID=0.000 EL_FF=0.000
2026-04-20 14:08:18 [INFO] MONITOR az=350.325 el=30.150 AZ_ERR=0.000 EL_ERR=0.000 AZ_PID=0.000 EL_PID=0.000 EL_FF=0.000
2026-04-20 14:08:19 [INFO] MONITOR az=350.325 el=30.150 AZ_ERR=0.000 EL_ERR=0.000 AZ_PID=0.000 EL_PID=0.000 EL_FF=0.000
2026-04-20 14:08:20 [INFO] MONITOR az=350.325 el=30.150 AZ_ERR=0.000 EL_ERR=0.000 AZ_PID=0.000 EL_PID=0.000 EL_FF=0.000
2026-04-20 14:08:21 [INFO] MONITOR az=350.325 el=30.150 AZ_ERR=0.000 EL_ERR=0.000 AZ_PID=0.000 EL_PID=0.000 EL_FF=0.000
2026-04-20 14:08:22 [INFO] MONITOR az=350.325 el=30.150 AZ_ERR=0.000 EL_ERR=0.000 AZ_PID=0.000 EL_PID=0.000 EL_FF=0.000
2026-04-20 14:08:23 [INFO] MONITOR az=350.325 el=30.150 AZ_ERR=0.000 EL_ERR=0.000 AZ_PID=0.000 EL_PID=0.000 EL_FF=0.000
2026-04-20 14:08:24 [INFO] MONITOR az=350.325 el=30.150 AZ_ERR=0.000 EL_ERR=0.000 AZ_PID=0.000 EL_PID=0.000 EL_FF=0.000
2026-04-20 14:08:25 [INFO] MONITOR az=350.325 el=30.150 AZ_ERR=0.000 EL_ERR=0.000 AZ_PID=0.000 EL_PID=0.000 EL_FF=0.000
2026-04-20 14:08:26 [INFO] MONITOR az=350.325 el=30.150 AZ_ERR=0.000 EL_ERR=0.000 AZ_PID=0.000 EL_PID=0.000 EL_FF=0.000
2026-04-20 14:08:27 [INFO] MONITOR az=350.325 el=30.150 AZ_ERR=0.000 EL_ERR=0.000 AZ_PID=0.000 EL_PID=0.000 EL_FF=0.000
2026-04-20 14:08:28 [INFO] MONITOR az=350.325 el=30.150 AZ_ERR=0.000 EL_ERR=0.000 AZ_PID=0.000 EL_PID=0.000 EL_FF=0.000
2026-04-20 14:08:29 [INFO] MONITOR az=350.325 el=30.150 AZ_ERR=0.000 EL_ERR=0.000 AZ_PID=0.000 EL_PID=0.000 EL_FF=0.000
2026-04-20 14:08:30 [INFO] MONITOR az=350.325 el=30.150 AZ_ERR=0.000 EL_ERR=0.000 AZ_PID=0.000 EL_PID=0.000 EL_FF=0.000
2026-04-20 14:08:31 [INFO] MONITOR az=350.325 el=30.150 AZ_ERR=0.000 EL_ERR=0.000 AZ_PID=0.000 EL_PID=0.000 EL_FF=0.000
2026-04-20 14:08:32 [INFO] MONITOR az=350.325 el=30.150 AZ_ERR=0.000 EL_ERR=0.000 AZ_PID=0.000 EL_PID=0.000 EL_FF=0.000
2026-04-20 14:08:33 [INFO] MONITOR az=350.325 el=30.150 AZ_ERR=0.000 EL_ERR=0.000 AZ_PID=0.000 EL_PID=0.000 EL_FF=0.000
2026-04-20 14:08:34 [INFO] MONITOR az=350.325 el=30.150 AZ_ERR=0.000 EL_ERR=0.000 AZ_PID=0.000 EL_PID=0.000 EL_FF=0.000
2026-04-20 14:08:35 [INFO] MONITOR az=350.325 el=30.150 AZ_ERR=0.000 EL_ERR=0.000 AZ_PID=0.000 EL_PID=0.000 EL_FF=0.000
2026-04-20 14:08:36 [INFO] MONITOR az=350.325 el=30.150 AZ_ERR=0.000 EL_ERR=0.000 AZ_PID=0.000 EL_PID=0.000 EL_FF=0.000
2026-04-20 14:08:37 [INFO] MONITOR az=350.325 el=30.150 AZ_ERR=0.000 EL_ERR=0.000 AZ_PID=0.000 EL_PID=0.000 EL_FF=0.000
2026-04-20 14:08:38 [INFO] MONITOR az=350.325 el=30.150 AZ_ERR=0.000 EL_ERR=0.000 AZ_PID=0.000 EL_PID=0.000 EL_FF=0.000
2026-04-20 14:08:39 [INFO] MONITOR az=350.325 el=30.150 AZ_ERR=0.000 EL_ERR=0.000 AZ_PID=0.000 EL_PID=0.000 EL_FF=0.000
2026-04-20 14:08:40 [INFO] MONITOR az=350.325 el=30.150 AZ_ERR=0.000 EL_ERR=0.000 AZ_PID=0.000 EL_PID=0.000 EL_FF=0.000
2026-04-20 14:08:41 [INFO] MONITOR az=350.325 el=30.150 AZ_ERR=0.000 EL_ERR=0.000 AZ_PID=0.000 EL_PID=0.000 EL_FF=0.000
2026-04-20 14:08:42 [INFO] MONITOR az=350.325 el=30.150 AZ_ERR=0.000 EL_ERR=0.000 AZ_PID=0.000 EL_PID=0.000 EL_FF=0.000
2026-04-20 14:08:43 [INFO] MONITOR az=350.325 el=30.150 AZ_ERR=0.000 EL_ERR=0.000 AZ_PID=0.000 EL_PID=0.000 EL_FF=0.000
2026-04-20 14:08:44 [INFO] MONITOR az=350.325 el=30.150 AZ_ERR=0.000 EL_ERR=0.000 AZ_PID=0.000 EL_PID=0.000 EL_FF=0.000
2026-04-20 14:08:45 [INFO] MONITOR az=350.325 el=30.150 AZ_ERR=0.000 EL_ERR=0.000 AZ_PID=0.000 EL_PID=0.000 EL_FF=0.000
2026-04-20 14:08:46 [INFO] MONITOR az=350.325 el=30.150 AZ_ERR=0.000 EL_ERR=0.000 AZ_PID=0.000 EL_PID=0.000 EL_FF=0.000
2026-04-20 14:08:47 [INFO] MONITOR az=350.325 el=30.150 AZ_ERR=0.000 EL_ERR=0.000 AZ_PID=0.000 EL_PID=0.000 EL_FF=0.000
2026-04-20 14:08:48 [INFO] MONITOR az=350.325 el=30.150 AZ_ERR=0.000 EL_ERR=0.000 AZ_PID=0.000 EL_PID=0.000 EL_FF=0.000
2026-04-20 14:08:49 [INFO] MONITOR az=350.325 el=30.150 AZ_ERR=0.000 EL_ERR=0.000 AZ_PID=0.000 EL_PID=0.000 EL_FF=0.000
2026-04-20 14:08:50 [INFO] MONITOR az=350.325 el=30.150 AZ_ERR=0.000 EL_ERR=0.000 AZ_PID=0.000 EL_PID=0.000 EL_FF=0.000
2026-04-20 14:08:51 [INFO] MONITOR az=350.325 el=30.150 AZ_ERR=0.000 EL_ERR=0.000 AZ_PID=0.000 EL_PID=0.000 EL_FF=0.000
2026-04-20 14:08:52 [INFO] MONITOR az=350.325 el=30.150 AZ_ERR=0.000 EL_ERR=0.000 AZ_PID=0.000 EL_PID=0.000 EL_FF=0.000
2026-04-20 14:08:53 [INFO] MONITOR az=350.325 el=30.150 AZ_ERR=0.000 EL_ERR=0.000 AZ_PID=0.000 EL_PID=0.000 EL_FF=0.000
2026-04-20 14:08:54 [INFO] MONITOR az=350.325 el=30.150 AZ_ERR=0.000 EL_ERR=0.000 AZ_PID=0.000 EL_PID=0.000 EL_FF=0.000
2026-04-20 14:08:55 [INFO] MONITOR az=350.325 el=30.150 AZ_ERR=0.000 EL_ERR=0.000 AZ_PID=0.000 EL_PID=0.000 EL_FF=0.000
2026-04-20 14:08:56 [INFO] MONITOR az=350.325 el=30.150 AZ_ERR=0.000 EL_ERR=0.000 AZ_PID=0.000 EL_PID=0.000 EL_FF=0.000
2026-04-20 14:08:57 [INFO] MONITOR az=350.325 el=30.150 AZ_ERR=0.000 EL_ERR=0.000 AZ_PID=0.000 EL_PID=0.000 EL_FF=0.000
2026-04-20 14:08:58 [INFO] MONITOR az=350.325 el=30.150 AZ_ERR=0.000 EL_ERR=0.000 AZ_PID=0.000 EL_PID=0.000 EL_FF=0.000
2026-04-20 14:08:59 [INFO] MONITOR az=350.325 el=30.150 AZ_ERR=0.000 EL_ERR=0.000 AZ_PID=0.000 EL_PID=0.000 EL_FF=0.000
2026-04-20 14:09:00 [INFO] MONITOR az=350.325 el=30.150 AZ_ERR=0.000 EL_ERR=0.000 AZ_PID=0.000 EL_PID=0.000 EL_FF=0.000
2026-04-20 14:09:01 [INFO] MONITOR az=350.325 el=30.150 AZ_ERR=0.000 EL_ERR=0.000 AZ_PID=0.000 EL_PID=0.000 EL_FF=0.000
2026-04-20 14:09:02 [INFO] MONITOR az=350.325 el=30.150 AZ_ERR=0.000 EL_ERR=0.000 AZ_PID=0.000 EL_PID=0.000 EL_FF=0.000
2026-04-20 14:09:03 [INFO] MONITOR az=350.325 el=30.150 AZ_ERR=0.000 EL_ERR=0.000 AZ_PID=0.000 EL_PID=0.000 EL_FF=0.000
2026-04-20 14:09:04 [INFO] MONITOR az=350.325 el=30.150 AZ_ERR=0.000 EL_ERR=0.000 AZ_PID=0.000 EL_PID=0.000 EL_FF=0.000
2026-04-20 14:09:05 [INFO] MONITOR az=350.325 el=30.150 AZ_ERR=0.000 EL_ERR=0.000 AZ_PID=0.000 EL_PID=0.000 EL_FF=0.000
2026-04-20 14:09:06 [INFO] MONITOR az=350.325 el=30.150 AZ_ERR=0.000 EL_ERR=0.000 AZ_PID=0.000 EL_PID=0.000 EL_FF=0.000
2026-04-20 14:09:07 [INFO] MONITOR az=350.325 el=30.150 AZ_ERR=0.000 EL_ERR=0.000 AZ_PID=0.000 EL_PID=0.000 EL_FF=0.000
2026-04-20 14:09:08 [INFO] MONITOR az=350.325 el=30.150 AZ_ERR=0.000 EL_ERR=0.000 AZ_PID=0.000 EL_PID=0.000 EL_FF=0.000
2026-04-20 14:09:09 [INFO] MONITOR az=350.325 el=30.150 AZ_ERR=0.000 EL_ERR=0.000 AZ_PID=0.000 EL_PID=0.000 EL_FF=0.000
2026-04-20 14:09:10 [INFO] MONITOR az=350.325 el=30.150 AZ_ERR=0.000 EL_ERR=0.000 AZ_PID=0.000 EL_PID=0.000 EL_FF=0.000
2026-04-20 14:09:11 [INFO] MONITOR az=350.325 el=30.150 AZ_ERR=0.000 EL_ERR=0.000 AZ_PID=0.000 EL_PID=0.000 EL_FF=0.000
2026-04-20 14:09:12 [INFO] MONITOR az=350.325 el=30.150 AZ_ERR=0.000 EL_ERR=0.000 AZ_PID=0.000 EL_PID=0.000 EL_FF=0.000
2026-04-20 14:09:13 [INFO] MONITOR az=350.325 el=30.150 AZ_ERR=0.000 EL_ERR=0.000 AZ_PID=0.000 EL_PID=0.000 EL_FF=0.000
2026-04-20 14:09:14 [INFO] MONITOR az=350.325 el=30.150 AZ_ERR=0.000 EL_ERR=0.000 AZ_PID=0.000 EL_PID=0.000 EL_FF=0.000
2026-04-20 14:09:15 [INFO] MONITOR az=350.325 el=30.150 AZ_ERR=0.000 EL_ERR=0.000 AZ_PID=0.000 EL_PID=0.000 EL_FF=0.000
2026-04-20 14:09:16 [INFO] MONITOR az=350.325 el=30.150 AZ_ERR=0.000 EL_ERR=0.000 AZ_PID=0.000 EL_PID=0.000 EL_FF=0.000
2026-04-20 14:09:17 [INFO] MONITOR az=350.325 el=30.150 AZ_ERR=0.000 EL_ERR=0.000 AZ_PID=0.000 EL_PID=0.000 EL_FF=0.000
2026-04-20 14:09:18 [INFO] MONITOR az=350.325 el=30.150 AZ_ERR=0.000 EL_ERR=0.000 AZ_PID=0.000 EL_PID=0.000 EL_FF=0.000
2026-04-20 14:09:19 [INFO] MONITOR az=350.325 el=30.150 AZ_ERR=0.000 EL_ERR=0.000 AZ_PID=0.000 EL_PID=0.000 EL_FF=0.000
2026-04-20 14:09:20 [INFO] MONITOR az=350.325 el=30.150 AZ_ERR=0.000 EL_ERR=0.000 AZ_PID=0.000 EL_PID=0.000 EL_FF=0.000
2026-04-20 14:09:21 [INFO] MONITOR az=350.325 el=30.150 AZ_ERR=0.000 EL_ERR=0.000 AZ_PID=0.000 EL_PID=0.000 EL_FF=0.000
2026-04-20 14:09:22 [INFO] MONITOR az=350.325 el=30.150 AZ_ERR=0.000 EL_ERR=0.000 AZ_PID=0.000 EL_PID=0.000 EL_FF=0.000
2026-04-20 14:09:23 [INFO] MONITOR az=350.325 el=30.150 AZ_ERR=0.000 EL_ERR=0.000 AZ_PID=0.000 EL_PID=0.000 EL_FF=0.000
2026-04-20 14:09:24 [INFO] MONITOR az=350.325 el=30.150 AZ_ERR=0.000 EL_ERR=0.000 AZ_PID=0.000 EL_PID=0.000 EL_FF=0.000
2026-04-20 14:09:25 [INFO] MONITOR az=350.325 el=30.150 AZ_ERR=0.000 EL_ERR=0.000 AZ_PID=0.000 EL_PID=0.000 EL_FF=0.000
2026-04-20 14:09:26 [INFO] MONITOR az=350.325 el=30.150 AZ_ERR=0.000 EL_ERR=0.000 AZ_PID=0.000 EL_PID=0.000 EL_FF=0.000
2026-04-20 14:09:27 [INFO] MONITOR az=350.325 el=30.150 AZ_ERR=0.000 EL_ERR=0.000 AZ_PID=0.000 EL_PID=0.000 EL_FF=0.000
2026-04-20 14:09:28 [INFO] MONITOR az=350.325 el=30.150 AZ_ERR=0.000 EL_ERR=0.000 AZ_PID=0.000 EL_PID=0.000 EL_FF=0.000
2026-04-20 14:09:29 [INFO] MONITOR az=350.325 el=30.150 AZ_ERR=0.000 EL_ERR=0.000 AZ_PID=0.000 EL_PID=0.000 EL_FF=0.000
2026-04-20 14:09:30 [INFO] MONITOR az=350.325 el=30.150 AZ_ERR=0.000 EL_ERR=0.000 AZ_PID=0.000 EL_PID=0.000 EL_FF=0.000
2026-04-20 14:09:31 [INFO] MONITOR az=350.325 el=30.150 AZ_ERR=0.000 EL_ERR=0.000 AZ_PID=0.000 EL_PID=0.000 EL_FF=0.000
2026-04-20 14:09:32 [INFO] MONITOR az=350.325 el=30.150 AZ_ERR=0.000 EL_ERR=0.000 AZ_PID=0.000 EL_PID=0.000 EL_FF=0.000
2026-04-20 14:09:33 [INFO] MONITOR az=350.325 el=30.150 AZ_ERR=0.000 EL_ERR=0.000 AZ_PID=0.000 EL_PID=0.000 EL_FF=0.000
2026-04-20 14:09:34 [INFO] MONITOR az=350.325 el=30.150 AZ_ERR=0.000 EL_ERR=0.000 AZ_PID=0.000 EL_PID=0.000 EL_FF=0.000
2026-04-20 14:09:35 [INFO] MONITOR az=350.325 el=30.150 AZ_ERR=0.000 EL_ERR=0.000 AZ_PID=0.000 EL_PID=0.000 EL_FF=0.000
2026-04-20 14:09:36 [INFO] MONITOR az=350.325 el=30.150 AZ_ERR=0.000 EL_ERR=0.000 AZ_PID=0.000 EL_PID=0.000 EL_FF=0.000
2026-04-20 14:09:37 [INFO] MONITOR az=350.325 el=30.150 AZ_ERR=0.000 EL_ERR=0.000 AZ_PID=0.000 EL_PID=0.000 EL_FF=0.000
2026-04-20 14:09:38 [INFO] MONITOR az=350.325 el=30.150 AZ_ERR=0.000 EL_ERR=0.000 AZ_PID=0.000 EL_PID=0.000 EL_FF=0.000
2026-04-20 14:09:39 [INFO] MONITOR az=350.325 el=30.150 AZ_ERR=0.000 EL_ERR=0.000 AZ_PID=0.000 EL_PID=0.000 EL_FF=0.000
2026-04-20 14:09:40 [INFO] MONITOR az=350.325 el=30.150 AZ_ERR=0.000 EL_ERR=0.000 AZ_PID=0.000 EL_PID=0.000 EL_FF=0.000
2026-04-20 14:09:41 [INFO] MONITOR az=350.325 el=30.150 AZ_ERR=0.000 EL_ERR=0.000 AZ_PID=0.000 EL_PID=0.000 EL_FF=0.000
2026-04-20 14:09:42 [INFO] MONITOR az=350.325 el=30.150 AZ_ERR=0.000 EL_ERR=0.000 AZ_PID=0.000 EL_PID=0.000 EL_FF=0.000
2026-04-20 14:09:43 [INFO] MONITOR az=350.325 el=30.150 AZ_ERR=0.000 EL_ERR=0.000 AZ_PID=0.000 EL_PID=0.000 EL_FF=0.000
2026-04-20 14:09:44 [INFO] MONITOR az=350.325 el=30.150 AZ_ERR=0.000 EL_ERR=0.000 AZ_PID=0.000 EL_PID=0.000 EL_FF=0.000
2026-04-20 14:09:45 [INFO] MONITOR az=350.325 el=30.150 AZ_ERR=0.000 EL_ERR=0.000 AZ_PID=0.000 EL_PID=0.000 EL_FF=0.000
2026-04-20 14:09:46 [INFO] MONITOR az=350.325 el=30.150 AZ_ERR=0.000 EL_ERR=0.000 AZ_PID=0.000 EL_PID=0.000 EL_FF=0.000
2026-04-20 14:09:47 [INFO] MONITOR az=350.325 el=30.150 AZ_ERR=0.000 EL_ERR=0.000 AZ_PID=0.000 EL_PID=0.000 EL_FF=0.000
2026-04-20 14:09:48 [INFO] MONITOR az=350.325 el=30.150 AZ_ERR=0.000 EL_ERR=0.000 AZ_PID=0.000 EL_PID=0.000 EL_FF=0.000
2026-04-20 14:09:49 [INFO] MONITOR az=350.325 el=30.150 AZ_ERR=0.000 EL_ERR=0.000 AZ_PID=0.000 EL_PID=0.000 EL_FF=0.000
2026-04-20 14:09:50 [INFO] MONITOR az=350.325 el=30.150 AZ_ERR=0.000 EL_ERR=0.000 AZ_PID=0.000 EL_PID=0.000 EL_FF=0.000
2026-04-20 14:09:51 [INFO] MONITOR az=350.325 el=30.150 AZ_ERR=0.000 EL_ERR=0.000 AZ_PID=0.000 EL_PID=0.000 EL_FF=0.000
2026-04-20 14:09:52 [INFO] MONITOR az=350.325 el=30.150 AZ_ERR=0.000 EL_ERR=0.000 AZ_PID=0.000 EL_PID=0.000 EL_FF=0.000
2026-04-20 14:09:53 [INFO] MONITOR az=350.325 el=30.150 AZ_ERR=0.000 EL_ERR=0.000 AZ_PID=0.000 EL_PID=0.000 EL_FF=0.000
2026-04-20 14:09:54 [INFO] MONITOR az=350.325 el=30.150 AZ_ERR=0.000 EL_ERR=0.000 AZ_PID=0.000 EL_PID=0.000 EL_FF=0.000
2026-04-20 14:09:55 [INFO] MONITOR az=350.325 el=30.150 AZ_ERR=0.000 EL_ERR=0.000 AZ_PID=0.000 EL_PID=0.000 EL_FF=0.000
2026-04-20 14:09:56 [INFO] MONITOR az=350.325 el=30.150 AZ_ERR=0.000 EL_ERR=0.000 AZ_PID=0.000 EL_PID=0.000 EL_FF=0.000
2026-04-20 14:09:57 [INFO] MONITOR az=350.325 el=30.150 AZ_ERR=0.000 EL_ERR=0.000 AZ_PID=0.000 EL_PID=0.000 EL_FF=0.000
2026-04-20 14:09:58 [INFO] MONITOR az=350.325 el=30.150 AZ_ERR=0.000 EL_ERR=0.000 AZ_PID=0.000 EL_PID=0.000 EL_FF=0.000
2026-04-20 14:09:59 [INFO] MONITOR az=350.325 el=30.150 AZ_ERR=0.000 EL_ERR=0.000 AZ_PID=0.000 EL_PID=0.000 EL_FF=0.000
2026-04-20 14:10:00 [INFO] MONITOR az=350.325 el=30.150 AZ_ERR=0.000 EL_ERR=0.000 AZ_PID=0.000 EL_PID=0.000 EL_FF=0.000
2026-04-20 14:10:01 [INFO] MONITOR az=350.325 el=30.150 AZ_ERR=0.000 EL_ERR=0.000 AZ_PID=0.000 EL_PID=0.000 EL_FF=0.000
2026-04-20 14:10:02 [INFO] MONITOR az=350.325 el=30.150 AZ_ERR=0.000 EL_ERR=0.000 AZ_PID=0.000 EL_PID=0.000 EL_FF=0.000
2026-04-20 14:10:03 [INFO] MONITOR az=350.325 el=30.150 AZ_ERR=0.000 EL_ERR=0.000 AZ_PID=0.000 EL_PID=0.000 EL_FF=0.000
2026-04-20 14:10:04 [INFO] MONITOR az=350.325 el=30.150 AZ_ERR=0.000 EL_ERR=0.000 AZ_PID=0.000 EL_PID=0.000 EL_FF=0.000
2026-04-20 14:10:05 [INFO] MONITOR az=350.325 el=30.150 AZ_ERR=0.000 EL_ERR=0.000 AZ_PID=0.000 EL_PID=0.000 EL_FF=0.000
2026-04-20 14:10:06 [INFO] MONITOR az=350.325 el=30.150 AZ_ERR=0.000 EL_ERR=0.000 AZ_PID=0.000 EL_PID=0.000 EL_FF=0.000
2026-04-20 14:10:07 [INFO] MONITOR az=350.325 el=30.150 AZ_ERR=0.000 EL_ERR=0.000 AZ_PID=0.000 EL_PID=0.000 EL_FF=0.000
2026-04-20 14:10:08 [INFO] MONITOR az=350.325 el=30.150 AZ_ERR=0.000 EL_ERR=0.000 AZ_PID=0.000 EL_PID=0.000 EL_FF=0.000
2026-04-20 14:10:09 [INFO] MONITOR az=350.325 el=30.150 AZ_ERR=0.000 EL_ERR=0.000 AZ_PID=0.000 EL_PID=0.000 EL_FF=0.000
2026-04-20 14:10:10 [INFO] MONITOR az=350.325 el=30.150 AZ_ERR=0.000 EL_ERR=0.000 AZ_PID=0.000 EL_PID=0.000 EL_FF=0.000
2026-04-20 14:10:11 [INFO] MONITOR az=350.325 el=30.150 AZ_ERR=0.000 EL_ERR=0.000 AZ_PID=0.000 EL_PID=0.000 EL_FF=0.000
2026-04-20 14:10:12 [INFO] MONITOR az=350.325 el=30.150 AZ_ERR=0.000 EL_ERR=0.000 AZ_PID=0.000 EL_PID=0.000 EL_FF=0.000
2026-04-20 14:10:13 [INFO] MONITOR az=350.325 el=30.150 AZ_ERR=0.000 EL_ERR=0.000 AZ_PID=0.000 EL_PID=0.000 EL_FF=0.000
2026-04-20 14:10:14 [INFO] MONITOR az=350.325 el=30.150 AZ_ERR=0.000 EL_ERR=0.000 AZ_PID=0.000 EL_PID=0.000 EL_FF=0.000
2026-04-20 14:10:15 [INFO] MONITOR az=350.325 el=30.150 AZ_ERR=0.000 EL_ERR=0.000 AZ_PID=0.000 EL_PID=0.000 EL_FF=0.000
2026-04-20 14:10:16 [INFO] MONITOR az=350.325 el=30.150 AZ_ERR=0.000 EL_ERR=0.000 AZ_PID=0.000 EL_PID=0.000 EL_FF=0.000
2026-04-20 14:10:17 [INFO] MONITOR az=350.325 el=30.150 AZ_ERR=0.000 EL_ERR=0.000 AZ_PID=0.000 EL_PID=0.000 EL_FF=0.000
2026-04-20 14:10:18 [INFO] MONITOR az=350.325 el=30.150 AZ_ERR=0.000 EL_ERR=0.000 AZ_PID=0.000 EL_PID=0.000 EL_FF=0.000
2026-04-20 14:10:19 [INFO] MONITOR az=350.325 el=30.150 AZ_ERR=0.000 EL_ERR=0.000 AZ_PID=0.000 EL_PID=0.000 EL_FF=0.000
2026-04-20 14:10:20 [INFO] MONITOR az=350.325 el=30.150 AZ_ERR=0.000 EL_ERR=0.000 AZ_PID=0.000 EL_PID=0.000 EL_FF=0.000
2026-04-20 14:10:21 [INFO] MONITOR az=350.325 el=30.150 AZ_ERR=0.000 EL_ERR=0.000 AZ_PID=0.000 EL_PID=0.000 EL_FF=0.000
2026-04-20 14:10:22 [INFO] MONITOR az=350.325 el=30.150 AZ_ERR=0.000 EL_ERR=0.000 AZ_PID=0.000 EL_PID=0.000 EL_FF=0.000
2026-04-20 14:10:23 [INFO] MONITOR az=350.325 el=30.150 AZ_ERR=0.000 EL_ERR=0.000 AZ_PID=0.000 EL_PID=0.000 EL_FF=0.000
2026-04-20 14:10:24 [INFO] MONITOR az=350.325 el=30.150 AZ_ERR=0.000 EL_ERR=0.000 AZ_PID=0.000 EL_PID=0.000 EL_FF=0.000
2026-04-20 14:10:25 [INFO] MONITOR az=350.325 el=30.150 AZ_ERR=0.000 EL_ERR=0.000 AZ_PID=0.000 EL_PID=0.000 EL_FF=0.000
2026-04-20 14:10:26 [INFO] MONITOR az=350.325 el=30.150 AZ_ERR=0.000 EL_ERR=0.000 AZ_PID=0.000 EL_PID=0.000 EL_FF=0.000
2026-04-20 14:10:27 [INFO] MONITOR az=350.325 el=30.150 AZ_ERR=0.000 EL_ERR=0.000 AZ_PID=0.000 EL_PID=0.000 EL_FF=0.000
2026-04-20 14:10:28 [INFO] MONITOR az=350.325 el=30.150 AZ_ERR=0.000 EL_ERR=0.000 AZ_PID=0.000 EL_PID=0.000 EL_FF=0.000
2026-04-20 14:10:29 [INFO] MONITOR az=350.325 el=30.150 AZ_ERR=0.000 EL_ERR=0.000 AZ_PID=0.000 EL_PID=0.000 EL_FF=0.000
2026-04-20 14:10:30 [INFO] MONITOR az=350.325 el=30.150 AZ_ERR=0.000 EL_ERR=0.000 AZ_PID=0.000 EL_PID=0.000 EL_FF=0.000
2026-04-20 14:10:31 [INFO] MONITOR az=350.325 el=30.150 AZ_ERR=0.000 EL_ERR=0.000 AZ_PID=0.000 EL_PID=0.000 EL_FF=0.000
2026-04-20 14:10:32 [INFO] MONITOR az=350.325 el=30.150 AZ_ERR=0.000 EL_ERR=0.000 AZ_PID=0.000 EL_PID=0.000 EL_FF=0.000
2026-04-20 14:10:33 [INFO] MONITOR az=350.325 el=30.150 AZ_ERR=0.000 EL_ERR=0.000 AZ_PID=0.000 EL_PID=0.000 EL_FF=0.000
2026-04-20 14:10:34 [INFO] MONITOR az=350.325 el=30.150 AZ_ERR=0.000 EL_ERR=0.000 AZ_PID=0.000 EL_PID=0.000 EL_FF=0.000
2026-04-20 14:10:35 [INFO] MONITOR az=350.325 el=30.150 AZ_ERR=0.000 EL_ERR=0.000 AZ_PID=0.000 EL_PID=0.000 EL_FF=0.000
2026-04-20 14:10:36 [INFO] MONITOR az=350.325 el=30.150 AZ_ERR=0.000 EL_ERR=0.000 AZ_PID=0.000 EL_PID=0.000 EL_FF=0.000
2026-04-20 14:10:37 [INFO] MONITOR az=350.325 el=30.150 AZ_ERR=0.000 EL_ERR=0.000 AZ_PID=0.000 EL_PID=0.000 EL_FF=0.000
2026-04-20 14:10:38 [INFO] MONITOR az=350.325 el=30.150 AZ_ERR=0.000 EL_ERR=0.000 AZ_PID=0.000 EL_PID=0.000 EL_FF=0.000
2026-04-20 14:10:39 [INFO] MONITOR az=350.325 el=30.150 AZ_ERR=0.000 EL_ERR=0.000 AZ_PID=0.000 EL_PID=0.000 EL_FF=0.000
2026-04-20 14:10:40 [INFO] MONITOR az=350.325 el=30.150 AZ_ERR=0.000 EL_ERR=0.000 AZ_PID=0.000 EL_PID=0.000 EL_FF=0.000
2026-04-20 14:10:41 [INFO] MONITOR az=350.325 el=30.150 AZ_ERR=0.000 EL_ERR=0.000 AZ_PID=0.000 EL_PID=0.000 EL_FF=0.000
2026-04-20 14:10:42 [INFO] MONITOR az=350.325 el=30.150 AZ_ERR=0.000 EL_ERR=0.000 AZ_PID=0.000 EL_PID=0.000 EL_FF=0.000
2026-04-20 14:10:43 [INFO] MONITOR az=350.325 el=30.150 AZ_ERR=0.000 EL_ERR=0.000 AZ_PID=0.000 EL_PID=0.000 EL_FF=0.000
2026-04-20 14:10:44 [INFO] MONITOR az=350.325 el=30.150 AZ_ERR=0.000 EL_ERR=0.000 AZ_PID=0.000 EL_PID=0.000 EL_FF=0.000
2026-04-20 14:10:45 [INFO] MONITOR az=350.325 el=30.150 AZ_ERR=0.000 EL_ERR=0.000 AZ_PID=0.000 EL_PID=0.000 EL_FF=0.000
2026-04-20 14:10:46 [INFO] MONITOR az=350.325 el=30.150 AZ_ERR=0.000 EL_ERR=0.000 AZ_PID=0.000 EL_PID=0.000 EL_FF=0.000
2026-04-20 14:10:47 [INFO] MONITOR az=350.325 el=30.150 AZ_ERR=0.000 EL_ERR=0.000 AZ_PID=0.000 EL_PID=0.000 EL_FF=0.000
2026-04-20 14:10:48 [INFO] MONITOR az=350.325 el=30.150 AZ_ERR=0.000 EL_ERR=0.000 AZ_PID=0.000 EL_PID=0.000 EL_FF=0.000
2026-04-20 14:10:49 [INFO] MONITOR az=350.325 el=30.150 AZ_ERR=0.000 EL_ERR=0.000 AZ_PID=0.000 EL_PID=0.000 EL_FF=0.000
2026-04-20 14:10:50 [INFO] MONITOR az=350.325 el=30.150 AZ_ERR=0.000 EL_ERR=0.000 AZ_PID=0.000 EL_PID=0.000 EL_FF=0.000
2026-04-20 14:10:51 [INFO] MONITOR az=350.325 el=30.150 AZ_ERR=0.000 EL_ERR=0.000 AZ_PID=0.000 EL_PID=0.000 EL_FF=0.000
2026-04-20 14:10:52 [INFO] MONITOR az=350.325 el=30.150 AZ_ERR=0.000 EL_ERR=0.000 AZ_PID=0.000 EL_PID=0.000 EL_FF=0.000
2026-04-20 14:10:53 [INFO] MONITOR az=350.325 el=30.150 AZ_ERR=0.000 EL_ERR=0.000 AZ_PID=0.000 EL_PID=0.000 EL_FF=0.000
2026-04-20 14:10:54 [INFO] MONITOR az=350.325 el=30.150 AZ_ERR=0.000 EL_ERR=0.000 AZ_PID=0.000 EL_PID=0.000 EL_FF=0.000
2026-04-20 14:10:55 [INFO] MONITOR az=350.325 el=30.150 AZ_ERR=0.000 EL_ERR=0.000 AZ_PID=0.000 EL_PID=0.000 EL_FF=0.000
2026-04-20 14:10:56 [INFO] MONITOR az=350.325 el=30.150 AZ_ERR=0.000 EL_ERR=0.000 AZ_PID=0.000 EL_PID=0.000 EL_FF=0.000
2026-04-20 14:10:57 [INFO] MONITOR az=350.325 el=30.150 AZ_ERR=0.000 EL_ERR=0.000 AZ_PID=0.000 EL_PID=0.000 EL_FF=0.000
2026-04-20 14:10:58 [INFO] MONITOR az=350.325 el=30.150 AZ_ERR=0.000 EL_ERR=0.000 AZ_PID=0.000 EL_PID=0.000 EL_FF=0.000
2026-04-20 14:10:59 [INFO] MONITOR az=350.325 el=30.150 AZ_ERR=0.000 EL_ERR=0.000 AZ_PID=0.000 EL_PID=0.000 EL_FF=0.000
2026-04-20 14:11:00 [INFO] MONITOR az=350.325 el=30.150 AZ_ERR=0.000 EL_ERR=0.000 AZ_PID=0.000 EL_PID=0.000 EL_FF=0.000
2026-04-20 14:11:01 [INFO] MONITOR az=350.325 el=30.150 AZ_ERR=0.000 EL_ERR=0.000 AZ_PID=0.000 EL_PID=0.000 EL_FF=0.000
2026-04-20 14:11:02 [INFO] MONITOR az=350.325 el=30.150 AZ_ERR=0.000 EL_ERR=0.000 AZ_PID=0.000 EL_PID=0.000 EL_FF=0.000
2026-04-20 14:11:03 [INFO] MONITOR az=350.325 el=30.150 AZ_ERR=0.000 EL_ERR=0.000 AZ_PID=0.000 EL_PID=0.000 EL_FF=0.000
2026-04-20 14:11:04 [INFO] MONITOR az=350.325 el=30.150 AZ_ERR=0.000 EL_ERR=0.000 AZ_PID=0.000 EL_PID=0.000 EL_FF=0.000
2026-04-20 14:11:05 [INFO] MONITOR az=350.325 el=30.150 AZ_ERR=0.000 EL_ERR=0.000 AZ_PID=0.000 EL_PID=0.000 EL_FF=0.000
2026-04-20 14:11:06 [INFO] MONITOR az=350.325 el=30.150 AZ_ERR=0.000 EL_ERR=0.000 AZ_PID=0.000 EL_PID=0.000 EL_FF=0.000
2026-04-20 14:11:07 [INFO] MONITOR az=350.325 el=30.150 AZ_ERR=0.000 EL_ERR=0.000 AZ_PID=0.000 EL_PID=0.000 EL_FF=0.000
2026-04-20 14:11:08 [INFO] MONITOR az=350.325 el=30.150 AZ_ERR=0.000 EL_ERR=0.000 AZ_PID=0.000 EL_PID=0.000 EL_FF=0.000
2026-04-20 14:11:09 [INFO] MONITOR az=350.325 el=30.150 AZ_ERR=0.000 EL_ERR=0.000 AZ_PID=0.000 EL_PID=0.000 EL_FF=0.000
2026-04-20 14:11:10 [INFO] MONITOR az=350.325 el=30.150 AZ_ERR=0.000 EL_ERR=0.000 AZ_PID=0.000 EL_PID=0.000 EL_FF=0.000
2026-04-20 14:11:11 [INFO] MONITOR az=350.325 el=30.150 AZ_ERR=0.000 EL_ERR=0.000 AZ_PID=0.000 EL_PID=0.000 EL_FF=0.000
2026-04-20 14:11:12 [INFO] MONITOR az=350.325 el=30.150 AZ_ERR=0.000 EL_ERR=0.000 AZ_PID=0.000 EL_PID=0.000 EL_FF=0.000
2026-04-20 14:11:13 [INFO] MONITOR az=350.325 el=30.150 AZ_ERR=0.000 EL_ERR=0.000 AZ_PID=0.000 EL_PID=0.000 EL_FF=0.000
2026-04-20 14:11:14 [INFO] MONITOR az=350.325 el=30.150 AZ_ERR=0.000 EL_ERR=0.000 AZ_PID=0.000 EL_PID=0.000 EL_FF=0.000
2026-04-20 14:11:15 [INFO] MONITOR az=350.325 el=30.150 AZ_ERR=0.000 EL_ERR=0.000 AZ_PID=0.000 EL_PID=0.000 EL_FF=0.000
2026-04-20 14:11:16 [INFO] MONITOR az=350.325 el=30.150 AZ_ERR=0.000 EL_ERR=0.000 AZ_PID=0.000 EL_PID=0.000 EL_FF=0.000
2026-04-20 14:11:17 [INFO] MONITOR az=350.325 el=30.150 AZ_ERR=0.000 EL_ERR=0.000 AZ_PID=0.000 EL_PID=0.000 EL_FF=0.000
2026-04-20 14:11:18 [INFO] MONITOR az=350.325 el=30.150 AZ_ERR=0.000 EL_ERR=0.000 AZ_PID=0.000 EL_PID=0.000 EL_FF=0.000
2026-04-20 14:11:19 [INFO] MONITOR az=350.325 el=30.150 AZ_ERR=0.000 EL_ERR=0.000 AZ_PID=0.000 EL_PID=0.000 EL_FF=0.000
2026-04-20 14:11:20 [INFO] MONITOR az=350.325 el=30.150 AZ_ERR=0.000 EL_ERR=0.000 AZ_PID=0.000 EL_PID=0.000 EL_FF=0.000
2026-04-20 14:11:21 [INFO] MONITOR az=350.325 el=30.150 AZ_ERR=0.000 EL_ERR=0.000 AZ_PID=0.000 EL_PID=0.000 EL_FF=0.000
2026-04-20 14:11:22 [INFO] MONITOR az=350.325 el=30.150 AZ_ERR=0.000 EL_ERR=0.000 AZ_PID=0.000 EL_PID=0.000 EL_FF=0.000
2026-04-20 14:11:23 [INFO] MONITOR az=350.325 el=30.150 AZ_ERR=0.000 EL_ERR=0.000 AZ_PID=0.000 EL_PID=0.000 EL_FF=0.000
2026-04-20 14:11:24 [INFO] MONITOR az=350.325 el=30.150 AZ_ERR=0.000 EL_ERR=0.000 AZ_PID=0.000 EL_PID=0.000 EL_FF=0.000
2026-04-20 14:11:25 [INFO] MONITOR az=350.325 el=30.150 AZ_ERR=0.000 EL_ERR=0.000 AZ_PID=0.000 EL_PID=0.000 EL_FF=0.000
2026-04-20 14:11:26 [INFO] MONITOR az=350.325 el=30.150 AZ_ERR=0.000 EL_ERR=0.000 AZ_PID=0.000 EL_PID=0.000 EL_FF=0.000
2026-04-20 14:11:27 [INFO] MONITOR az=350.325 el=30.150 AZ_ERR=0.000 EL_ERR=0.000 AZ_PID=0.000 EL_PID=0.000 EL_FF=0.000
2026-04-20 14:11:28 [INFO] MONITOR az=350.325 el=30.150 AZ_ERR=0.000 EL_ERR=0.000 AZ_PID=0.000 EL_PID=0.000 EL_FF=0.000
2026-04-20 14:11:29 [INFO] MONITOR az=350.325 el=30.150 AZ_ERR=0.000 EL_ERR=0.000 AZ_PID=0.000 EL_PID=0.000 EL_FF=0.000
2026-04-20 14:11:30 [INFO] MONITOR az=350.325 el=30.150 AZ_ERR=0.000 EL_ERR=0.000 AZ_PID=0.000 EL_PID=0.000 EL_FF=0.000
2026-04-20 14:11:31 [INFO] MONITOR az=350.325 el=30.150 AZ_ERR=0.000 EL_ERR=0.000 AZ_PID=0.000 EL_PID=0.000 EL_FF=0.000
2026-04-20 14:11:32 [INFO] MONITOR az=350.325 el=30.150 AZ_ERR=0.000 EL_ERR=0.000 AZ_PID=0.000 EL_PID=0.000 EL_FF=0.000
2026-04-20 14:11:33 [INFO] MONITOR az=350.325 el=30.150 AZ_ERR=0.000 EL_ERR=0.000 AZ_PID=0.000 EL_PID=0.000 EL_FF=0.000
2026-04-20 14:11:34 [INFO] MONITOR az=350.325 el=30.150 AZ_ERR=0.000 EL_ERR=0.000 AZ_PID=0.000 EL_PID=0.000 EL_FF=0.000
2026-04-20 14:11:35 [INFO] MONITOR az=350.325 el=30.150 AZ_ERR=0.000 EL_ERR=0.000 AZ_PID=0.000 EL_PID=0.000 EL_FF=0.000
2026-04-20 14:11:36 [INFO] MONITOR az=350.325 el=30.150 AZ_ERR=0.000 EL_ERR=0.000 AZ_PID=0.000 EL_PID=0.000 EL_FF=0.000
2026-04-20 14:11:37 [INFO] MONITOR az=350.325 el=30.150 AZ_ERR=0.000 EL_ERR=0.000 AZ_PID=0.000 EL_PID=0.000 EL_FF=0.000
2026-04-20 14:11:38 [INFO] MONITOR az=350.325 el=30.150 AZ_ERR=0.000 EL_ERR=0.000 AZ_PID=0.000 EL_PID=0.000 EL_FF=0.000
2026-04-20 14:11:39 [INFO] MONITOR az=350.325 el=30.150 AZ_ERR=0.000 EL_ERR=0.000 AZ_PID=0.000 EL_PID=0.000 EL_FF=0.000
2026-04-20 14:11:40 [INFO] MONITOR az=350.325 el=30.150 AZ_ERR=0.000 EL_ERR=0.000 AZ_PID=0.000 EL_PID=0.000 EL_FF=0.000
2026-04-20 14:11:41 [INFO] MONITOR az=350.325 el=30.150 AZ_ERR=0.000 EL_ERR=0.000 AZ_PID=0.000 EL_PID=0.000 EL_FF=0.000
2026-04-20 14:11:42 [INFO] MONITOR az=350.325 el=30.150 AZ_ERR=0.000 EL_ERR=0.000 AZ_PID=0.000 EL_PID=0.000 EL_FF=0.000
2026-04-20 14:11:43 [INFO] MONITOR az=350.325 el=30.150 AZ_ERR=0.000 EL_ERR=0.000 AZ_PID=0.000 EL_PID=0.000 EL_FF=0.000
2026-04-20 14:11:44 [INFO] MONITOR az=350.325 el=30.150 AZ_ERR=0.000 EL_ERR=0.000 AZ_PID=0.000 EL_PID=0.000 EL_FF=0.000
2026-04-20 14:11:45 [INFO] MONITOR az=350.325 el=30.150 AZ_ERR=0.000 EL_ERR=0.000 AZ_PID=0.000 EL_PID=0.000 EL_FF=0.000
2026-04-20 14:11:46 [INFO] MONITOR az=350.325 el=30.150 AZ_ERR=0.000 EL_ERR=0.000 AZ_PID=0.000 EL_PID=0.000 EL_FF=0.000
2026-04-20 14:11:47 [INFO] MONITOR az=350.325 el=30.150 AZ_ERR=0.000 EL_ERR=0.000 AZ_PID=0.000 EL_PID=0.000 EL_FF=0.000
2026-04-20 14:11:48 [INFO] MONITOR az=350.325 el=30.150 AZ_ERR=0.000 EL_ERR=0.000 AZ_PID=0.000 EL_PID=0.000 EL_FF=0.000
2026-04-20 14:11:49 [INFO] MONITOR az=350.325 el=30.150 AZ_ERR=0.000 EL_ERR=0.000 AZ_PID=0.000 EL_PID=0.000 EL_FF=0.000
2026-04-20 14:11:50 [INFO] MONITOR az=350.325 el=30.150 AZ_ERR=0.000 EL_ERR=0.000 AZ_PID=0.000 EL_PID=0.000 EL_FF=0.000
2026-04-20 14:11:51 [INFO] MONITOR az=350.325 el=30.150 AZ_ERR=0.000 EL_ERR=0.000 AZ_PID=0.000 EL_PID=0.000 EL_FF=0.000
2026-04-20 14:11:52 [INFO] MONITOR az=350.325 el=30.150 AZ_ERR=0.000 EL_ERR=0.000 AZ_PID=0.000 EL_PID=0.000 EL_FF=0.000
2026-04-20 14:11:53 [INFO] MONITOR az=350.325 el=30.150 AZ_ERR=0.000 EL_ERR=0.000 AZ_PID=0.000 EL_PID=0.000 EL_FF=0.000
2026-04-20 14:11:54 [INFO] MONITOR az=350.325 el=30.150 AZ_ERR=0.000 EL_ERR=0.000 AZ_PID=0.000 EL_PID=0.000 EL_FF=0.000
2026-04-20 14:11:55 [INFO] MONITOR az=350.325 el=30.150 AZ_ERR=0.000 EL_ERR=0.000 AZ_PID=0.000 EL_PID=0.000 EL_FF=0.000
2026-04-20 14:11:56 [INFO] MONITOR az=350.325 el=30.150 AZ_ERR=0.000 EL_ERR=0.000 AZ_PID=0.000 EL_PID=0.000 EL_FF=0.000
2026-04-20 14:11:57 [INFO] MONITOR az=350.325 el=30.150 AZ_ERR=0.000 EL_ERR=0.000 AZ_PID=0.000 EL_PID=0.000 EL_FF=0.000
2026-04-20 14:11:58 [INFO] MONITOR az=350.325 el=30.150 AZ_ERR=0.000 EL_ERR=0.000 AZ_PID=0.000 EL_PID=0.000 EL_FF=0.000
2026-04-20 14:11:59 [INFO] MONITOR az=350.325 el=30.150 AZ_ERR=0.000 EL_ERR=0.000 AZ_PID=0.000 EL_PID=0.000 EL_FF=0.000
2026-04-20 14:12:00 [INFO] MONITOR az=350.325 el=30.150 AZ_ERR=0.000 EL_ERR=0.000 AZ_PID=0.000 EL_PID=0.000 EL_FF=0.000
2026-04-20 14:12:01 [INFO] MONITOR az=350.325 el=30.150 AZ_ERR=0.000 EL_ERR=0.000 AZ_PID=0.000 EL_PID=0.000 EL_FF=0.000
2026-04-20 14:12:02 [INFO] MONITOR az=350.325 el=30.150 AZ_ERR=0.000 EL_ERR=0.000 AZ_PID=0.000 EL_PID=0.000 EL_FF=0.000
2026-04-20 14:12:03 [INFO] MONITOR az=350.325 el=30.150 AZ_ERR=0.000 EL_ERR=0.000 AZ_PID=0.000 EL_PID=0.000 EL_FF=0.000
2026-04-20 14:12:04 [INFO] MONITOR az=350.325 el=30.150 AZ_ERR=0.000 EL_ERR=0.000 AZ_PID=0.000 EL_PID=0.000 EL_FF=0.000
2026-04-20 14:12:05 [INFO] MONITOR az=350.325 el=30.150 AZ_ERR=0.000 EL_ERR=0.000 AZ_PID=0.000 EL_PID=0.000 EL_FF=0.000
2026-04-20 14:12:06 [INFO] MONITOR az=350.325 el=30.150 AZ_ERR=0.000 EL_ERR=0.000 AZ_PID=0.000 EL_PID=0.000 EL_FF=0.000
2026-04-20 14:12:07 [INFO] MONITOR az=350.325 el=30.150 AZ_ERR=0.000 EL_ERR=0.000 AZ_PID=0.000 EL_PID=0.000 EL_FF=0.000
2026-04-20 14:12:08 [INFO] MONITOR az=350.325 el=30.150 AZ_ERR=0.000 EL_ERR=0.000 AZ_PID=0.000 EL_PID=0.000 EL_FF=0.000
2026-04-20 14:12:09 [INFO] MONITOR az=350.325 el=30.150 AZ_ERR=0.000 EL_ERR=0.000 AZ_PID=0.000 EL_PID=0.000 EL_FF=0.000
2026-04-20 14:12:10 [INFO] MONITOR az=350.325 el=30.150 AZ_ERR=0.000 EL_ERR=0.000 AZ_PID=0.000 EL_PID=0.000 EL_FF=0.000
2026-04-20 14:12:11 [INFO] MONITOR az=350.325 el=30.150 AZ_ERR=0.000 EL_ERR=0.000 AZ_PID=0.000 EL_PID=0.000 EL_FF=0.000
2026-04-20 14:12:12 [INFO] MONITOR az=350.325 el=30.150 AZ_ERR=0.000 EL_ERR=0.000 AZ_PID=0.000 EL_PID=0.000 EL_FF=0.000
2026-04-20 14:12:13 [INFO] MONITOR az=350.325 el=30.150 AZ_ERR=0.000 EL_ERR=0.000 AZ_PID=0.000 EL_PID=0.000 EL_FF=0.000
2026-04-20 14:12:14 [INFO] MONITOR az=350.325 el=30.150 AZ_ERR=0.000 EL_ERR=0.000 AZ_PID=0.000 EL_PID=0.000 EL_FF=0.000
2026-04-20 14:12:15 [INFO] MONITOR az=350.325 el=30.150 AZ_ERR=0.000 EL_ERR=0.000 AZ_PID=0.000 EL_PID=0.000 EL_FF=0.000
2026-04-20 14:12:16 [INFO] MONITOR az=350.325 el=30.150 AZ_ERR=0.000 EL_ERR=0.000 AZ_PID=0.000 EL_PID=0.000 EL_FF=0.000
2026-04-20 14:12:17 [INFO] MONITOR az=350.325 el=30.150 AZ_ERR=0.000 EL_ERR=0.000 AZ_PID=0.000 EL_PID=0.000 EL_FF=0.000
2026-04-20 14:12:18 [INFO] MONITOR az=350.325 el=30.150 AZ_ERR=0.000 EL_ERR=0.000 AZ_PID=0.000 EL_PID=0.000 EL_FF=0.000
2026-04-20 14:12:19 [INFO] MONITOR az=350.325 el=30.150 AZ_ERR=0.000 EL_ERR=0.000 AZ_PID=0.000 EL_PID=0.000 EL_FF=0.000
2026-04-20 14:12:20 [INFO] MONITOR az=350.325 el=30.150 AZ_ERR=0.000 EL_ERR=0.000 AZ_PID=0.000 EL_PID=0.000 EL_FF=0.000
2026-04-20 14:12:22 [INFO] MONITOR az=350.325 el=30.150 AZ_ERR=0.000 EL_ERR=0.000 AZ_PID=0.000 EL_PID=0.000 EL_FF=0.000
2026-04-20 14:12:23 [INFO] MONITOR az=350.325 el=30.150 AZ_ERR=0.000 EL_ERR=0.000 AZ_PID=0.000 EL_PID=0.000 EL_FF=0.000
2026-04-20 14:12:24 [INFO] MONITOR az=350.325 el=30.150 AZ_ERR=0.000 EL_ERR=0.000 AZ_PID=0.000 EL_PID=0.000 EL_FF=0.000
2026-04-20 14:12:25 [INFO] MONITOR az=350.325 el=30.150 AZ_ERR=0.000 EL_ERR=0.000 AZ_PID=0.000 EL_PID=0.000 EL_FF=0.000
2026-04-20 14:12:26 [INFO] MONITOR az=350.325 el=30.150 AZ_ERR=0.000 EL_ERR=0.000 AZ_PID=0.000 EL_PID=0.000 EL_FF=0.000
2026-04-20 14:12:27 [INFO] MONITOR az=350.325 el=30.150 AZ_ERR=0.000 EL_ERR=0.000 AZ_PID=0.000 EL_PID=0.000 EL_FF=0.000
2026-04-20 14:12:28 [INFO] MONITOR az=350.325 el=30.150 AZ_ERR=0.000 EL_ERR=0.000 AZ_PID=0.000 EL_PID=0.000 EL_FF=0.000
2026-04-20 14:12:29 [INFO] MONITOR az=350.325 el=30.150 AZ_ERR=0.000 EL_ERR=0.000 AZ_PID=0.000 EL_PID=0.000 EL_FF=0.000
2026-04-20 14:12:30 [INFO] MONITOR az=350.325 el=30.150 AZ_ERR=0.000 EL_ERR=0.000 AZ_PID=0.000 EL_PID=0.000 EL_FF=0.000
2026-04-20 14:12:31 [INFO] MONITOR az=350.325 el=30.150 AZ_ERR=0.000 EL_ERR=0.000 AZ_PID=0.000 EL_PID=0.000 EL_FF=0.000
2026-04-20 14:12:32 [INFO] MONITOR az=350.325 el=30.150 AZ_ERR=0.000 EL_ERR=0.000 AZ_PID=0.000 EL_PID=0.000 EL_FF=0.000
2026-04-20 14:12:33 [INFO] MONITOR az=350.325 el=30.150 AZ_ERR=0.000 EL_ERR=0.000 AZ_PID=0.000 EL_PID=0.000 EL_FF=0.000
2026-04-20 14:12:34 [INFO] MONITOR az=350.325 el=30.150 AZ_ERR=0.000 EL_ERR=0.000 AZ_PID=0.000 EL_PID=0.000 EL_FF=0.000
2026-04-20 14:12:35 [INFO] MONITOR az=350.325 el=30.150 AZ_ERR=0.000 EL_ERR=0.000 AZ_PID=0.000 EL_PID=0.000 EL_FF=0.000
2026-04-20 14:12:36 [INFO] MONITOR az=350.325 el=30.150 AZ_ERR=0.000 EL_ERR=0.000 AZ_PID=0.000 EL_PID=0.000 EL_FF=0.000
2026-04-20 14:12:37 [INFO] MONITOR az=350.325 el=30.150 AZ_ERR=0.000 EL_ERR=0.000 AZ_PID=0.000 EL_PID=0.000 EL_FF=0.000
2026-04-20 14:12:38 [INFO] MONITOR az=350.325 el=30.150 AZ_ERR=0.000 EL_ERR=0.000 AZ_PID=0.000 EL_PID=0.000 EL_FF=0.000
2026-04-20 14:12:39 [INFO] MONITOR az=350.325 el=30.150 AZ_ERR=0.000 EL_ERR=0.000 AZ_PID=0.000 EL_PID=0.000 EL_FF=0.000
2026-04-20 14:12:40 [INFO] MONITOR az=350.325 el=30.150 AZ_ERR=0.000 EL_ERR=0.000 AZ_PID=0.000 EL_PID=0.000 EL_FF=0.000
2026-04-20 14:12:41 [INFO] MONITOR az=350.325 el=30.150 AZ_ERR=0.000 EL_ERR=0.000 AZ_PID=0.000 EL_PID=0.000 EL_FF=0.000
2026-04-20 14:12:42 [INFO] MONITOR az=350.325 el=30.150 AZ_ERR=0.000 EL_ERR=0.000 AZ_PID=0.000 EL_PID=0.000 EL_FF=0.000
2026-04-20 14:12:43 [INFO] MONITOR az=350.325 el=30.150 AZ_ERR=0.000 EL_ERR=0.000 AZ_PID=0.000 EL_PID=0.000 EL_FF=0.000
2026-04-20 14:12:44 [INFO] MONITOR az=350.325 el=30.150 AZ_ERR=0.000 EL_ERR=0.000 AZ_PID=0.000 EL_PID=0.000 EL_FF=0.000
2026-04-20 14:12:45 [INFO] MONITOR az=350.325 el=30.150 AZ_ERR=0.000 EL_ERR=0.000 AZ_PID=0.000 EL_PID=0.000 EL_FF=0.000
2026-04-20 14:12:46 [INFO] MONITOR az=350.325 el=30.150 AZ_ERR=0.000 EL_ERR=0.000 AZ_PID=0.000 EL_PID=0.000 EL_FF=0.000
2026-04-20 14:12:47 [INFO] MONITOR az=350.325 el=30.150 AZ_ERR=0.000 EL_ERR=0.000 AZ_PID=0.000 EL_PID=0.000 EL_FF=0.000
2026-04-20 14:12:48 [INFO] MONITOR az=350.325 el=30.150 AZ_ERR=0.000 EL_ERR=0.000 AZ_PID=0.000 EL_PID=0.000 EL_FF=0.000
2026-04-20 14:12:49 [INFO] MONITOR az=350.325 el=30.150 AZ_ERR=0.000 EL_ERR=0.000 AZ_PID=0.000 EL_PID=0.000 EL_FF=0.000
2026-04-20 14:12:50 [INFO] MONITOR az=350.325 el=30.150 AZ_ERR=0.000 EL_ERR=0.000 AZ_PID=0.000 EL_PID=0.000 EL_FF=0.000
2026-04-20 14:12:51 [INFO] MONITOR az=350.325 el=30.150 AZ_ERR=0.000 EL_ERR=0.000 AZ_PID=0.000 EL_PID=0.000 EL_FF=0.000
2026-04-20 14:12:52 [INFO] MONITOR az=350.325 el=30.150 AZ_ERR=0.000 EL_ERR=0.000 AZ_PID=0.000 EL_PID=0.000 EL_FF=0.000
2026-04-20 14:12:53 [INFO] MONITOR az=350.325 el=30.150 AZ_ERR=0.000 EL_ERR=0.000 AZ_PID=0.000 EL_PID=0.000 EL_FF=0.000
2026-04-20 14:12:54 [INFO] MONITOR az=350.325 el=30.150 AZ_ERR=0.000 EL_ERR=0.000 AZ_PID=0.000 EL_PID=0.000 EL_FF=0.000
2026-04-20 14:12:55 [INFO] MONITOR az=350.325 el=30.150 AZ_ERR=0.000 EL_ERR=0.000 AZ_PID=0.000 EL_PID=0.000 EL_FF=0.000
2026-04-20 14:12:56 [INFO] MONITOR az=350.325 el=30.150 AZ_ERR=0.000 EL_ERR=0.000 AZ_PID=0.000 EL_PID=0.000 EL_FF=0.000
2026-04-20 14:12:57 [INFO] MONITOR az=350.325 el=30.150 AZ_ERR=0.000 EL_ERR=0.000 AZ_PID=0.000 EL_PID=0.000 EL_FF=0.000
2026-04-20 14:12:58 [INFO] MONITOR az=350.325 el=30.150 AZ_ERR=0.000 EL_ERR=0.000 AZ_PID=0.000 EL_PID=0.000 EL_FF=0.000
2026-04-20 14:12:59 [INFO] MONITOR az=350.325 el=30.150 AZ_ERR=0.000 EL_ERR=0.000 AZ_PID=0.000 EL_PID=0.000 EL_FF=0.000
2026-04-20 14:13:00 [INFO] MONITOR az=350.325 el=30.150 AZ_ERR=0.000 EL_ERR=0.000 AZ_PID=0.000 EL_PID=0.000 EL_FF=0.000
2026-04-20 14:13:01 [INFO] MONITOR az=350.325 el=30.150 AZ_ERR=0.000 EL_ERR=0.000 AZ_PID=0.000 EL_PID=0.000 EL_FF=0.000
2026-04-20 14:13:02 [INFO] MONITOR az=350.325 el=30.150 AZ_ERR=0.000 EL_ERR=0.000 AZ_PID=0.000 EL_PID=0.000 EL_FF=0.000
2026-04-20 14:13:03 [INFO] MONITOR az=350.325 el=30.150 AZ_ERR=0.000 EL_ERR=0.000 AZ_PID=0.000 EL_PID=0.000 EL_FF=0.000
2026-04-20 14:13:04 [INFO] MONITOR az=350.325 el=30.150 AZ_ERR=0.000 EL_ERR=0.000 AZ_PID=0.000 EL_PID=0.000 EL_FF=0.000
2026-04-20 14:13:05 [INFO] MONITOR az=350.325 el=30.150 AZ_ERR=0.000 EL_ERR=0.000 AZ_PID=0.000 EL_PID=0.000 EL_FF=0.000
2026-04-20 14:13:06 [INFO] MONITOR az=350.325 el=30.150 AZ_ERR=0.000 EL_ERR=0.000 AZ_PID=0.000 EL_PID=0.000 EL_FF=0.000
2026-04-20 14:13:07 [INFO] MONITOR az=350.325 el=30.150 AZ_ERR=0.000 EL_ERR=0.000 AZ_PID=0.000 EL_PID=0.000 EL_FF=0.000
2026-04-20 14:13:08 [INFO] MONITOR az=350.325 el=30.150 AZ_ERR=0.000 EL_ERR=0.000 AZ_PID=0.000 EL_PID=0.000 EL_FF=0.000
2026-04-20 14:13:09 [INFO] MONITOR az=350.325 el=30.150 AZ_ERR=0.000 EL_ERR=0.000 AZ_PID=0.000 EL_PID=0.000 EL_FF=0.000
2026-04-20 14:13:10 [INFO] MONITOR az=350.325 el=30.150 AZ_ERR=0.000 EL_ERR=0.000 AZ_PID=0.000 EL_PID=0.000 EL_FF=0.000
2026-04-20 14:13:11 [INFO] MONITOR az=350.325 el=30.150 AZ_ERR=0.000 EL_ERR=0.000 AZ_PID=0.000 EL_PID=0.000 EL_FF=0.000
2026-04-20 14:13:12 [INFO] MONITOR az=350.325 el=30.150 AZ_ERR=0.000 EL_ERR=0.000 AZ_PID=0.000 EL_PID=0.000 EL_FF=0.000
2026-04-20 14:13:13 [INFO] MONITOR az=350.325 el=30.150 AZ_ERR=0.000 EL_ERR=0.000 AZ_PID=0.000 EL_PID=0.000 EL_FF=0.000
2026-04-20 14:13:14 [INFO] MONITOR az=350.325 el=30.150 AZ_ERR=0.000 EL_ERR=0.000 AZ_PID=0.000 EL_PID=0.000 EL_FF=0.000
2026-04-20 14:13:15 [INFO] MONITOR az=350.325 el=30.150 AZ_ERR=0.000 EL_ERR=0.000 AZ_PID=0.000 EL_PID=0.000 EL_FF=0.000
2026-04-20 14:13:16 [INFO] MONITOR az=350.325 el=30.150 AZ_ERR=0.000 EL_ERR=0.000 AZ_PID=0.000 EL_PID=0.000 EL_FF=0.000
2026-04-20 14:13:17 [INFO] MONITOR az=350.325 el=30.150 AZ_ERR=0.000 EL_ERR=0.000 AZ_PID=0.000 EL_PID=0.000 EL_FF=0.000
2026-04-20 14:13:18 [INFO] MONITOR az=350.325 el=30.150 AZ_ERR=0.000 EL_ERR=0.000 AZ_PID=0.000 EL_PID=0.000 EL_FF=0.000
2026-04-20 14:13:19 [INFO] MONITOR az=350.325 el=30.150 AZ_ERR=0.000 EL_ERR=0.000 AZ_PID=0.000 EL_PID=0.000 EL_FF=0.000
2026-04-20 14:13:20 [INFO] MONITOR az=350.325 el=30.150 AZ_ERR=0.000 EL_ERR=0.000 AZ_PID=0.000 EL_PID=0.000 EL_FF=0.000
2026-04-20 14:13:21 [INFO] MONITOR az=350.325 el=30.150 AZ_ERR=0.000 EL_ERR=0.000 AZ_PID=0.000 EL_PID=0.000 EL_FF=0.000
2026-04-20 14:13:22 [INFO] MONITOR az=350.325 el=30.150 AZ_ERR=0.000 EL_ERR=0.000 AZ_PID=0.000 EL_PID=0.000 EL_FF=0.000
2026-04-20 14:13:23 [INFO] MONITOR az=350.325 el=30.150 AZ_ERR=0.000 EL_ERR=0.000 AZ_PID=0.000 EL_PID=0.000 EL_FF=0.000
2026-04-20 14:13:24 [INFO] MONITOR az=350.325 el=30.150 AZ_ERR=0.000 EL_ERR=0.000 AZ_PID=0.000 EL_PID=0.000 EL_FF=0.000
2026-04-20 14:13:25 [INFO] MONITOR az=350.325 el=30.150 AZ_ERR=0.000 EL_ERR=0.000 AZ_PID=0.000 EL_PID=0.000 EL_FF=0.000
2026-04-20 14:13:26 [INFO] MONITOR az=350.325 el=30.150 AZ_ERR=0.000 EL_ERR=0.000 AZ_PID=0.000 EL_PID=0.000 EL_FF=0.000
2026-04-20 14:13:27 [INFO] MONITOR az=350.325 el=30.150 AZ_ERR=0.000 EL_ERR=0.000 AZ_PID=0.000 EL_PID=0.000 EL_FF=0.000
2026-04-20 14:13:28 [INFO] MONITOR az=350.325 el=30.150 AZ_ERR=0.000 EL_ERR=0.000 AZ_PID=0.000 EL_PID=0.000 EL_FF=0.000
2026-04-20 14:13:29 [INFO] MONITOR az=350.325 el=30.150 AZ_ERR=0.000 EL_ERR=0.000 AZ_PID=0.000 EL_PID=0.000 EL_FF=0.000
2026-04-20 14:13:30 [INFO] MONITOR az=350.325 el=30.150 AZ_ERR=0.000 EL_ERR=0.000 AZ_PID=0.000 EL_PID=0.000 EL_FF=0.000
2026-04-20 14:13:31 [INFO] MONITOR az=350.325 el=30.150 AZ_ERR=0.000 EL_ERR=0.000 AZ_PID=0.000 EL_PID=0.000 EL_FF=0.000
2026-04-20 14:13:32 [INFO] MONITOR az=350.325 el=30.150 AZ_ERR=0.000 EL_ERR=0.000 AZ_PID=0.000 EL_PID=0.000 EL_FF=0.000
2026-04-20 14:13:33 [INFO] MONITOR az=350.325 el=30.150 AZ_ERR=0.000 EL_ERR=0.000 AZ_PID=0.000 EL_PID=0.000 EL_FF=0.000
2026-04-20 14:13:34 [INFO] MONITOR az=350.325 el=30.150 AZ_ERR=0.000 EL_ERR=0.000 AZ_PID=0.000 EL_PID=0.000 EL_FF=0.000
2026-04-20 14:13:35 [INFO] MONITOR az=350.325 el=30.150 AZ_ERR=0.000 EL_ERR=0.000 AZ_PID=0.000 EL_PID=0.000 EL_FF=0.000
2026-04-20 14:13:36 [INFO] MONITOR az=350.325 el=30.150 AZ_ERR=0.000 EL_ERR=0.000 AZ_PID=0.000 EL_PID=0.000 EL_FF=0.000
2026-04-20 14:13:37 [INFO] MONITOR az=350.325 el=30.150 AZ_ERR=0.000 EL_ERR=0.000 AZ_PID=0.000 EL_PID=0.000 EL_FF=0.000
2026-04-20 14:13:38 [INFO] MONITOR az=350.325 el=30.150 AZ_ERR=0.000 EL_ERR=0.000 AZ_PID=0.000 EL_PID=0.000 EL_FF=0.000
2026-04-20 14:13:39 [INFO] MONITOR az=350.325 el=30.150 AZ_ERR=0.000 EL_ERR=0.000 AZ_PID=0.000 EL_PID=0.000 EL_FF=0.000
2026-04-20 14:13:40 [INFO] MONITOR az=350.325 el=30.150 AZ_ERR=0.000 EL_ERR=0.000 AZ_PID=0.000 EL_PID=0.000 EL_FF=0.000
2026-04-20 14:13:41 [INFO] MONITOR az=350.325 el=30.150 AZ_ERR=0.000 EL_ERR=0.000 AZ_PID=0.000 EL_PID=0.000 EL_FF=0.000
2026-04-20 14:13:42 [INFO] MONITOR az=350.325 el=30.150 AZ_ERR=0.000 EL_ERR=0.000 AZ_PID=0.000 EL_PID=0.000 EL_FF=0.000
2026-04-20 14:13:43 [INFO] MONITOR az=350.325 el=30.150 AZ_ERR=0.000 EL_ERR=0.000 AZ_PID=0.000 EL_PID=0.000 EL_FF=0.000
2026-04-20 14:13:44 [INFO] MONITOR az=350.325 el=30.150 AZ_ERR=0.000 EL_ERR=0.000 AZ_PID=0.000 EL_PID=0.000 EL_FF=0.000
2026-04-20 14:13:45 [INFO] MONITOR az=350.325 el=30.150 AZ_ERR=0.000 EL_ERR=0.000 AZ_PID=0.000 EL_PID=0.000 EL_FF=0.000
2026-04-20 14:13:46 [INFO] MONITOR az=350.325 el=30.150 AZ_ERR=0.000 EL_ERR=0.000 AZ_PID=0.000 EL_PID=0.000 EL_FF=0.000
2026-04-20 14:13:47 [INFO] MONITOR az=350.325 el=30.150 AZ_ERR=0.000 EL_ERR=0.000 AZ_PID=0.000 EL_PID=0.000 EL_FF=0.000
2026-04-20 14:13:48 [INFO] MONITOR az=350.325 el=30.150 AZ_ERR=0.000 EL_ERR=0.000 AZ_PID=0.000 EL_PID=0.000 EL_FF=0.000
2026-04-20 14:13:49 [INFO] MONITOR az=350.325 el=30.150 AZ_ERR=0.000 EL_ERR=0.000 AZ_PID=0.000 EL_PID=0.000 EL_FF=0.000
2026-04-20 14:13:50 [INFO] MONITOR az=350.325 el=30.150 AZ_ERR=0.000 EL_ERR=0.000 AZ_PID=0.000 EL_PID=0.000 EL_FF=0.000
2026-04-20 14:13:51 [INFO] MONITOR az=350.325 el=30.150 AZ_ERR=0.000 EL_ERR=0.000 AZ_PID=0.000 EL_PID=0.000 EL_FF=0.000
2026-04-20 14:13:52 [INFO] MONITOR az=350.325 el=30.150 AZ_ERR=0.000 EL_ERR=0.000 AZ_PID=0.000 EL_PID=0.000 EL_FF=0.000
2026-04-20 14:13:53 [INFO] MONITOR az=350.325 el=30.150 AZ_ERR=0.000 EL_ERR=0.000 AZ_PID=0.000 EL_PID=0.000 EL_FF=0.000
2026-04-20 14:13:54 [INFO] MONITOR az=350.325 el=30.150 AZ_ERR=0.000 EL_ERR=0.000 AZ_PID=0.000 EL_PID=0.000 EL_FF=0.000
2026-04-20 14:13:55 [INFO] MONITOR az=350.325 el=30.150 AZ_ERR=0.000 EL_ERR=0.000 AZ_PID=0.000 EL_PID=0.000 EL_FF=0.000
2026-04-20 14:13:56 [INFO] MONITOR az=350.325 el=30.150 AZ_ERR=0.000 EL_ERR=0.000 AZ_PID=0.000 EL_PID=0.000 EL_FF=0.000
2026-04-20 14:13:57 [INFO] MONITOR az=350.325 el=30.150 AZ_ERR=0.000 EL_ERR=0.000 AZ_PID=0.000 EL_PID=0.000 EL_FF=0.000
2026-04-20 14:13:58 [INFO] MONITOR az=350.325 el=30.150 AZ_ERR=0.000 EL_ERR=0.000 AZ_PID=0.000 EL_PID=0.000 EL_FF=0.000
2026-04-20 14:13:59 [INFO] MONITOR az=350.325 el=30.150 AZ_ERR=0.000 EL_ERR=0.000 AZ_PID=0.000 EL_PID=0.000 EL_FF=0.000
2026-04-20 14:14:00 [INFO] MONITOR az=350.325 el=30.150 AZ_ERR=0.000 EL_ERR=0.000 AZ_PID=0.000 EL_PID=0.000 EL_FF=0.000
2026-04-20 14:14:01 [INFO] MONITOR az=350.325 el=30.150 AZ_ERR=0.000 EL_ERR=0.000 AZ_PID=0.000 EL_PID=0.000 EL_FF=0.000
2026-04-20 14:14:02 [INFO] MONITOR az=350.325 el=30.150 AZ_ERR=0.000 EL_ERR=0.000 AZ_PID=0.000 EL_PID=0.000 EL_FF=0.000
2026-04-20 14:14:03 [INFO] MONITOR az=350.325 el=30.150 AZ_ERR=0.000 EL_ERR=0.000 AZ_PID=0.000 EL_PID=0.000 EL_FF=0.000
2026-04-20 14:14:04 [INFO] MONITOR az=350.325 el=30.150 AZ_ERR=0.000 EL_ERR=0.000 AZ_PID=0.000 EL_PID=0.000 EL_FF=0.000
2026-04-20 14:14:05 [INFO] MONITOR az=350.325 el=30.150 AZ_ERR=0.000 EL_ERR=0.000 AZ_PID=0.000 EL_PID=0.000 EL_FF=0.000
2026-04-20 14:14:06 [INFO] MONITOR az=350.325 el=30.150 AZ_ERR=0.000 EL_ERR=0.000 AZ_PID=0.000 EL_PID=0.000 EL_FF=0.000
2026-04-20 14:14:07 [INFO] MONITOR az=350.325 el=30.150 AZ_ERR=0.000 EL_ERR=0.000 AZ_PID=0.000 EL_PID=0.000 EL_FF=0.000
2026-04-20 14:14:08 [INFO] MONITOR az=350.325 el=30.150 AZ_ERR=0.000 EL_ERR=0.000 AZ_PID=0.000 EL_PID=0.000 EL_FF=0.000
2026-04-20 14:14:09 [INFO] MONITOR az=350.325 el=30.150 AZ_ERR=0.000 EL_ERR=0.000 AZ_PID=0.000 EL_PID=0.000 EL_FF=0.000
2026-04-20 14:14:10 [INFO] MONITOR az=350.325 el=30.150 AZ_ERR=0.000 EL_ERR=0.000 AZ_PID=0.000 EL_PID=0.000 EL_FF=0.000
2026-04-20 14:14:11 [INFO] MONITOR az=350.325 el=30.150 AZ_ERR=0.000 EL_ERR=0.000 AZ_PID=0.000 EL_PID=0.000 EL_FF=0.000
2026-04-20 14:14:12 [INFO] MONITOR az=350.325 el=30.150 AZ_ERR=0.000 EL_ERR=0.000 AZ_PID=0.000 EL_PID=0.000 EL_FF=0.000
2026-04-20 14:14:13 [INFO] MONITOR az=350.325 el=30.150 AZ_ERR=0.000 EL_ERR=0.000 AZ_PID=0.000 EL_PID=0.000 EL_FF=0.000
2026-04-20 14:14:14 [INFO] MONITOR az=350.325 el=30.150 AZ_ERR=0.000 EL_ERR=0.000 AZ_PID=0.000 EL_PID=0.000 EL_FF=0.000
2026-04-20 14:14:15 [INFO] MONITOR az=350.325 el=30.150 AZ_ERR=0.000 EL_ERR=0.000 AZ_PID=0.000 EL_PID=0.000 EL_FF=0.000
2026-04-20 14:14:16 [INFO] MONITOR az=350.325 el=30.150 AZ_ERR=0.000 EL_ERR=0.000 AZ_PID=0.000 EL_PID=0.000 EL_FF=0.000
2026-04-20 14:14:17 [INFO] MONITOR az=350.325 el=30.150 AZ_ERR=0.000 EL_ERR=0.000 AZ_PID=0.000 EL_PID=0.000 EL_FF=0.000
2026-04-20 14:14:18 [INFO] MONITOR az=350.325 el=30.150 AZ_ERR=0.000 EL_ERR=0.000 AZ_PID=0.000 EL_PID=0.000 EL_FF=0.000
2026-04-20 14:14:19 [INFO] MONITOR az=350.325 el=30.150 AZ_ERR=0.000 EL_ERR=0.000 AZ_PID=0.000 EL_PID=0.000 EL_FF=0.000
2026-04-20 14:14:20 [INFO] MONITOR az=350.325 el=30.150 AZ_ERR=0.000 EL_ERR=0.000 AZ_PID=0.000 EL_PID=0.000 EL_FF=0.000
2026-04-20 14:14:21 [INFO] MONITOR az=350.325 el=30.150 AZ_ERR=0.000 EL_ERR=0.000 AZ_PID=0.000 EL_PID=0.000 EL_FF=0.000
2026-04-20 14:14:22 [INFO] MONITOR az=350.325 el=30.150 AZ_ERR=0.000 EL_ERR=0.000 AZ_PID=0.000 EL_PID=0.000 EL_FF=0.000
2026-04-20 14:14:23 [INFO] MONITOR az=350.325 el=30.150 AZ_ERR=0.000 EL_ERR=0.000 AZ_PID=0.000 EL_PID=0.000 EL_FF=0.000
2026-04-20 14:14:24 [INFO] MONITOR az=350.325 el=30.150 AZ_ERR=0.000 EL_ERR=0.000 AZ_PID=0.000 EL_PID=0.000 EL_FF=0.000
2026-04-20 14:14:25 [INFO] MONITOR az=350.325 el=30.150 AZ_ERR=0.000 EL_ERR=0.000 AZ_PID=0.000 EL_PID=0.000 EL_FF=0.000
2026-04-20 14:14:26 [INFO] MONITOR az=350.325 el=30.150 AZ_ERR=0.000 EL_ERR=0.000 AZ_PID=0.000 EL_PID=0.000 EL_FF=0.000
2026-04-20 14:14:27 [INFO] MONITOR az=350.325 el=30.150 AZ_ERR=0.000 EL_ERR=0.000 AZ_PID=0.000 EL_PID=0.000 EL_FF=0.000
2026-04-20 14:14:28 [INFO] MONITOR az=350.325 el=30.150 AZ_ERR=0.000 EL_ERR=0.000 AZ_PID=0.000 EL_PID=0.000 EL_FF=0.000
2026-04-20 14:14:29 [INFO] MONITOR az=350.325 el=30.150 AZ_ERR=0.000 EL_ERR=0.000 AZ_PID=0.000 EL_PID=0.000 EL_FF=0.000
2026-04-20 14:14:30 [INFO] MONITOR az=350.325 el=30.150 AZ_ERR=0.000 EL_ERR=0.000 AZ_PID=0.000 EL_PID=0.000 EL_FF=0.000
2026-04-20 14:14:31 [INFO] MONITOR az=350.325 el=30.150 AZ_ERR=0.000 EL_ERR=0.000 AZ_PID=0.000 EL_PID=0.000 EL_FF=0.000
2026-04-20 14:14:32 [INFO] MONITOR az=350.325 el=30.150 AZ_ERR=0.000 EL_ERR=0.000 AZ_PID=0.000 EL_PID=0.000 EL_FF=0.000
2026-04-20 14:14:33 [INFO] MONITOR az=350.325 el=30.150 AZ_ERR=0.000 EL_ERR=0.000 AZ_PID=0.000 EL_PID=0.000 EL_FF=0.000
2026-04-20 14:14:34 [INFO] MONITOR az=350.325 el=30.150 AZ_ERR=0.000 EL_ERR=0.000 AZ_PID=0.000 EL_PID=0.000 EL_FF=0.000
2026-04-20 14:14:35 [INFO] MONITOR az=350.325 el=30.150 AZ_ERR=0.000 EL_ERR=0.000 AZ_PID=0.000 EL_PID=0.000 EL_FF=0.000
2026-04-20 14:14:36 [INFO] MONITOR az=350.325 el=30.150 AZ_ERR=0.000 EL_ERR=0.000 AZ_PID=0.000 EL_PID=0.000 EL_FF=0.000
2026-04-20 14:14:37 [INFO] MONITOR az=350.325 el=30.150 AZ_ERR=0.000 EL_ERR=0.000 AZ_PID=0.000 EL_PID=0.000 EL_FF=0.000
2026-04-20 14:14:38 [INFO] MONITOR az=350.325 el=30.150 AZ_ERR=0.000 EL_ERR=0.000 AZ_PID=0.000 EL_PID=0.000 EL_FF=0.000
2026-04-20 14:14:39 [INFO] MONITOR az=350.325 el=30.150 AZ_ERR=0.000 EL_ERR=0.000 AZ_PID=0.000 EL_PID=0.000 EL_FF=0.000
2026-04-20 14:14:40 [INFO] MONITOR az=350.325 el=30.150 AZ_ERR=0.000 EL_ERR=0.000 AZ_PID=0.000 EL_PID=0.000 EL_FF=0.000
2026-04-20 14:18:30 [INFO] MONITOR az=350.325 el=30.150 AZ_ERR=0.000 EL_ERR=0.000 AZ_PID=0.000 EL_PID=0.000 EL_FF=0.000
2026-04-20 14:18:31 [INFO] MONITOR az=350.325 el=30.150 AZ_ERR=0.000 EL_ERR=0.000 AZ_PID=0.000 EL_PID=0.000 EL_FF=0.000
2026-04-20 14:18:32 [INFO] MONITOR az=350.325 el=30.150 AZ_ERR=0.000 EL_ERR=0.000 AZ_PID=0.000 EL_PID=0.000 EL_FF=0.000
2026-04-20 14:18:33 [INFO] MONITOR az=350.325 el=30.150 AZ_ERR=0.000 EL_ERR=0.000 AZ_PID=0.000 EL_PID=0.000 EL_FF=0.000
2026-04-20 14:18:34 [INFO] MONITOR az=350.325 el=30.150 AZ_ERR=0.000 EL_ERR=0.000 AZ_PID=0.000 EL_PID=0.000 EL_FF=0.000
2026-04-20 14:18:35 [INFO] MONITOR az=350.325 el=30.150 AZ_ERR=0.000 EL_ERR=0.000 AZ_PID=0.000 EL_PID=0.000 EL_FF=0.000
2026-04-20 14:18:36 [INFO] MONITOR az=350.325 el=30.150 AZ_ERR=0.000 EL_ERR=0.000 AZ_PID=0.000 EL_PID=0.000 EL_FF=0.000
2026-04-20 14:18:37 [INFO] MONITOR az=350.325 el=30.150 AZ_ERR=0.000 EL_ERR=0.000 AZ_PID=0.000 EL_PID=0.000 EL_FF=0.000
2026-04-20 14:18:38 [INFO] MONITOR az=350.325 el=30.150 AZ_ERR=0.000 EL_ERR=0.000 AZ_PID=0.000 EL_PID=0.000 EL_FF=0.000
2026-04-20 14:18:39 [INFO] MONITOR az=350.325 el=30.150 AZ_ERR=0.000 EL_ERR=0.000 AZ_PID=0.000 EL_PID=0.000 EL_FF=0.000
2026-04-20 14:18:40 [INFO] MONITOR az=350.325 el=30.150 AZ_ERR=0.000 EL_ERR=0.000 AZ_PID=0.000 EL_PID=0.000 EL_FF=0.000
2026-04-20 14:18:41 [INFO] MONITOR az=350.325 el=30.150 AZ_ERR=0.000 EL_ERR=0.000 AZ_PID=0.000 EL_PID=0.000 EL_FF=0.000
2026-04-20 14:18:42 [INFO] MONITOR az=350.325 el=30.150 AZ_ERR=0.000 EL_ERR=0.000 AZ_PID=0.000 EL_PID=0.000 EL_FF=0.000
2026-04-20 14:18:43 [INFO] MONITOR az=350.325 el=30.150 AZ_ERR=0.000 EL_ERR=0.000 AZ_PID=0.000 EL_PID=0.000 EL_FF=0.000
2026-04-20 14:18:44 [INFO] MONITOR az=350.325 el=30.150 AZ_ERR=0.000 EL_ERR=0.000 AZ_PID=0.000 EL_PID=0.000 EL_FF=0.000
2026-04-20 14:18:45 [INFO] MONITOR az=350.325 el=30.150 AZ_ERR=0.000 EL_ERR=0.000 AZ_PID=0.000 EL_PID=0.000 EL_FF=0.000
2026-04-20 14:18:46 [INFO] MONITOR az=350.325 el=30.150 AZ_ERR=0.000 EL_ERR=0.000 AZ_PID=0.000 EL_PID=0.000 EL_FF=0.000
2026-04-20 14:18:47 [INFO] MONITOR az=350.325 el=30.150 AZ_ERR=0.000 EL_ERR=0.000 AZ_PID=0.000 EL_PID=0.000 EL_FF=0.000
2026-04-20 14:18:48 [INFO] MONITOR az=350.325 el=30.150 AZ_ERR=0.000 EL_ERR=0.000 AZ_PID=0.000 EL_PID=0.000 EL_FF=0.000
2026-04-20 14:18:49 [INFO] MONITOR az=350.325 el=30.150 AZ_ERR=0.000 EL_ERR=0.000 AZ_PID=0.000 EL_PID=0.000 EL_FF=0.000
2026-04-20 14:18:50 [INFO] MONITOR az=350.325 el=30.150 AZ_ERR=0.000 EL_ERR=0.000 AZ_PID=0.000 EL_PID=0.000 EL_FF=0.000
2026-04-20 14:18:51 [INFO] MONITOR az=350.325 el=30.150 AZ_ERR=0.000 EL_ERR=0.000 AZ_PID=0.000 EL_PID=0.000 EL_FF=0.000
2026-04-20 14:18:52 [INFO] MONITOR az=350.325 el=30.150 AZ_ERR=0.000 EL_ERR=0.000 AZ_PID=0.000 EL_PID=0.000 EL_FF=0.000
2026-04-20 14:18:53 [INFO] MONITOR az=350.325 el=30.150 AZ_ERR=0.000 EL_ERR=0.000 AZ_PID=0.000 EL_PID=0.000 EL_FF=0.000
2026-04-20 14:18:54 [INFO] MONITOR az=350.325 el=30.150 AZ_ERR=0.000 EL_ERR=0.000 AZ_PID=0.000 EL_PID=0.000 EL_FF=0.000
2026-04-20 14:18:55 [INFO] MONITOR az=350.325 el=30.150 AZ_ERR=0.000 EL_ERR=0.000 AZ_PID=0.000 EL_PID=0.000 EL_FF=0.000
2026-04-20 14:18:56 [INFO] MONITOR az=350.325 el=30.150 AZ_ERR=0.000 EL_ERR=0.000 AZ_PID=0.000 EL_PID=0.000 EL_FF=0.000
2026-04-20 14:18:57 [INFO] MONITOR az=350.325 el=30.150 AZ_ERR=0.000 EL_ERR=0.000 AZ_PID=0.000 EL_PID=0.000 EL_FF=0.000
2026-04-20 14:18:58 [INFO] MONITOR az=350.325 el=30.150 AZ_ERR=0.000 EL_ERR=0.000 AZ_PID=0.000 EL_PID=0.000 EL_FF=0.000
2026-04-20 14:18:59 [INFO] MONITOR az=350.325 el=30.150 AZ_ERR=0.000 EL_ERR=0.000 AZ_PID=0.000 EL_PID=0.000 EL_FF=0.000
2026-04-20 14:19:00 [INFO] MONITOR az=350.325 el=30.150 AZ_ERR=0.000 EL_ERR=0.000 AZ_PID=0.000 EL_PID=0.000 EL_FF=0.000
2026-04-20 14:19:01 [INFO] MONITOR az=350.325 el=30.150 AZ_ERR=0.000 EL_ERR=0.000 AZ_PID=0.000 EL_PID=0.000 EL_FF=0.000
2026-04-20 14:19:02 [INFO] MONITOR az=350.325 el=30.150 AZ_ERR=0.000 EL_ERR=0.000 AZ_PID=0.000 EL_PID=0.000 EL_FF=0.000
2026-04-20 14:19:03 [INFO] MONITOR az=350.325 el=30.150 AZ_ERR=0.000 EL_ERR=0.000 AZ_PID=0.000 EL_PID=0.000 EL_FF=0.000
2026-04-20 14:19:04 [INFO] MONITOR az=350.325 el=30.150 AZ_ERR=0.000 EL_ERR=0.000 AZ_PID=0.000 EL_PID=0.000 EL_FF=0.000
2026-04-20 14:19:05 [INFO] MONITOR az=350.325 el=30.150 AZ_ERR=0.000 EL_ERR=0.000 AZ_PID=0.000 EL_PID=0.000 EL_FF=0.000
2026-04-20 14:19:06 [INFO] MONITOR az=350.325 el=30.150 AZ_ERR=0.000 EL_ERR=0.000 AZ_PID=0.000 EL_PID=0.000 EL_FF=0.000
2026-04-20 14:19:07 [INFO] MONITOR az=350.325 el=30.150 AZ_ERR=0.000 EL_ERR=0.000 AZ_PID=0.000 EL_PID=0.000 EL_FF=0.000
2026-04-20 14:19:08 [INFO] MONITOR az=350.325 el=30.150 AZ_ERR=0.000 EL_ERR=0.000 AZ_PID=0.000 EL_PID=0.000 EL_FF=0.000
2026-04-20 14:19:09 [INFO] MONITOR az=350.325 el=30.150 AZ_ERR=0.000 EL_ERR=0.000 AZ_PID=0.000 EL_PID=0.000 EL_FF=0.000
2026-04-20 14:19:10 [INFO] MONITOR az=350.325 el=30.150 AZ_ERR=0.000 EL_ERR=0.000 AZ_PID=0.000 EL_PID=0.000 EL_FF=0.000
2026-04-20 14:19:11 [INFO] MONITOR az=350.325 el=30.150 AZ_ERR=0.000 EL_ERR=0.000 AZ_PID=0.000 EL_PID=0.000 EL_FF=0.000
2026-04-20 14:19:12 [INFO] MONITOR az=350.325 el=30.150 AZ_ERR=0.000 EL_ERR=0.000 AZ_PID=0.000 EL_PID=0.000 EL_FF=0.000
2026-04-20 14:19:13 [INFO] MONITOR az=350.325 el=30.150 AZ_ERR=0.000 EL_ERR=0.000 AZ_PID=0.000 EL_PID=0.000 EL_FF=0.000
2026-04-20 14:19:14 [INFO] MONITOR az=350.325 el=30.150 AZ_ERR=0.000 EL_ERR=0.000 AZ_PID=0.000 EL_PID=0.000 EL_FF=0.000
2026-04-20 14:19:15 [INFO] MONITOR az=350.325 el=30.150 AZ_ERR=0.000 EL_ERR=0.000 AZ_PID=0.000 EL_PID=0.000 EL_FF=0.000
2026-04-20 14:19:16 [INFO] MONITOR az=350.325 el=30.150 AZ_ERR=0.000 EL_ERR=0.000 AZ_PID=0.000 EL_PID=0.000 EL_FF=0.000
2026-04-20 14:19:17 [INFO] MONITOR az=350.325 el=30.150 AZ_ERR=0.000 EL_ERR=0.000 AZ_PID=0.000 EL_PID=0.000 EL_FF=0.000
2026-04-20 14:19:18 [INFO] MONITOR az=350.325 el=30.150 AZ_ERR=0.000 EL_ERR=0.000 AZ_PID=0.000 EL_PID=0.000 EL_FF=0.000
2026-04-20 14:19:19 [INFO] MONITOR az=350.325 el=30.150 AZ_ERR=0.000 EL_ERR=0.000 AZ_PID=0.000 EL_PID=0.000 EL_FF=0.000
2026-04-20 14:19:20 [INFO] MONITOR az=350.325 el=30.150 AZ_ERR=0.000 EL_ERR=0.000 AZ_PID=0.000 EL_PID=0.000 EL_FF=0.000
2026-04-20 14:19:21 [INFO] MONITOR az=350.325 el=30.150 AZ_ERR=0.000 EL_ERR=0.000 AZ_PID=0.000 EL_PID=0.000 EL_FF=0.000
2026-04-20 14:19:22 [INFO] MONITOR az=350.325 el=30.150 AZ_ERR=0.000 EL_ERR=0.000 AZ_PID=0.000 EL_PID=0.000 EL_FF=0.000
2026-04-20 14:19:23 [INFO] MONITOR az=350.325 el=30.150 AZ_ERR=0.000 EL_ERR=0.000 AZ_PID=0.000 EL_PID=0.000 EL_FF=0.000
2026-04-20 14:19:24 [INFO] MONITOR az=350.325 el=30.150 AZ_ERR=0.000 EL_ERR=0.000 AZ_PID=0.000 EL_PID=0.000 EL_FF=0.000
2026-04-20 14:19:25 [INFO] MONITOR az=350.325 el=30.150 AZ_ERR=0.000 EL_ERR=0.000 AZ_PID=0.000 EL_PID=0.000 EL_FF=0.000
2026-04-20 14:19:26 [INFO] MONITOR az=350.325 el=30.150 AZ_ERR=0.000 EL_ERR=0.000 AZ_PID=0.000 EL_PID=0.000 EL_FF=0.000
2026-04-20 14:19:27 [INFO] MONITOR az=350.325 el=30.150 AZ_ERR=0.000 EL_ERR=0.000 AZ_PID=0.000 EL_PID=0.000 EL_FF=0.000
2026-04-20 14:19:28 [INFO] MONITOR az=350.325 el=30.150 AZ_ERR=0.000 EL_ERR=0.000 AZ_PID=0.000 EL_PID=0.000 EL_FF=0.000
2026-04-20 14:19:29 [INFO] MONITOR az=350.325 el=30.150 AZ_ERR=0.000 EL_ERR=0.000 AZ_PID=0.000 EL_PID=0.000 EL_FF=0.000
2026-04-20 14:19:30 [INFO] MONITOR az=350.325 el=30.150 AZ_ERR=0.000 EL_ERR=0.000 AZ_PID=0.000 EL_PID=0.000 EL_FF=0.000
2026-04-20 14:19:31 [INFO] MONITOR az=350.325 el=30.150 AZ_ERR=0.000 EL_ERR=0.000 AZ_PID=0.000 EL_PID=0.000 EL_FF=0.000
2026-04-20 14:19:32 [INFO] MONITOR az=350.325 el=30.150 AZ_ERR=0.000 EL_ERR=0.000 AZ_PID=0.000 EL_PID=0.000 EL_FF=0.000
2026-04-20 14:19:33 [INFO] MONITOR az=350.325 el=30.150 AZ_ERR=0.000 EL_ERR=0.000 AZ_PID=0.000 EL_PID=0.000 EL_FF=0.000
2026-04-20 14:19:34 [INFO] MONITOR az=350.325 el=30.150 AZ_ERR=0.000 EL_ERR=0.000 AZ_PID=0.000 EL_PID=0.000 EL_FF=0.000
2026-04-20 14:19:35 [INFO] MONITOR az=350.325 el=30.150 AZ_ERR=0.000 EL_ERR=0.000 AZ_PID=0.000 EL_PID=0.000 EL_FF=0.000
2026-04-20 14:19:36 [INFO] MONITOR az=350.325 el=30.150 AZ_ERR=0.000 EL_ERR=0.000 AZ_PID=0.000 EL_PID=0.000 EL_FF=0.000
2026-04-20 14:19:37 [INFO] MONITOR az=350.325 el=30.150 AZ_ERR=0.000 EL_ERR=0.000 AZ_PID=0.000 EL_PID=0.000 EL_FF=0.000
2026-04-20 14:19:38 [INFO] MONITOR az=350.325 el=30.150 AZ_ERR=0.000 EL_ERR=0.000 AZ_PID=0.000 EL_PID=0.000 EL_FF=0.000
2026-04-20 14:19:39 [INFO] MONITOR az=350.325 el=30.150 AZ_ERR=0.000 EL_ERR=0.000 AZ_PID=0.000 EL_PID=0.000 EL_FF=0.000
2026-04-20 14:19:40 [INFO] MONITOR az=350.325 el=30.150 AZ_ERR=0.000 EL_ERR=0.000 AZ_PID=0.000 EL_PID=0.000 EL_FF=0.000
2026-04-20 14:19:41 [INFO] MONITOR az=350.325 el=30.150 AZ_ERR=0.000 EL_ERR=0.000 AZ_PID=0.000 EL_PID=0.000 EL_FF=0.000
2026-04-20 14:19:42 [INFO] MONITOR az=350.325 el=30.150 AZ_ERR=0.000 EL_ERR=0.000 AZ_PID=0.000 EL_PID=0.000 EL_FF=0.000
2026-04-20 14:19:43 [INFO] MONITOR az=350.325 el=30.150 AZ_ERR=0.000 EL_ERR=0.000 AZ_PID=0.000 EL_PID=0.000 EL_FF=0.000
2026-04-20 14:19:44 [INFO] MONITOR az=350.325 el=30.150 AZ_ERR=0.000 EL_ERR=0.000 AZ_PID=0.000 EL_PID=0.000 EL_FF=0.000
2026-04-20 14:19:45 [INFO] MONITOR az=350.325 el=30.150 AZ_ERR=0.000 EL_ERR=0.000 AZ_PID=0.000 EL_PID=0.000 EL_FF=0.000
2026-04-20 14:19:46 [INFO] MONITOR az=350.325 el=30.150 AZ_ERR=0.000 EL_ERR=0.000 AZ_PID=0.000 EL_PID=0.000 EL_FF=0.000
2026-04-20 14:19:47 [INFO] MONITOR az=350.325 el=30.150 AZ_ERR=0.000 EL_ERR=0.000 AZ_PID=0.000 EL_PID=0.000 EL_FF=0.000
2026-04-20 14:19:48 [INFO] MONITOR az=350.325 el=30.150 AZ_ERR=0.000 EL_ERR=0.000 AZ_PID=0.000 EL_PID=0.000 EL_FF=0.000
2026-04-20 14:19:49 [INFO] MONITOR az=350.325 el=30.150 AZ_ERR=0.000 EL_ERR=0.000 AZ_PID=0.000 EL_PID=0.000 EL_FF=0.000
2026-04-20 14:19:50 [INFO] MONITOR az=350.325 el=30.150 AZ_ERR=0.000 EL_ERR=0.000 AZ_PID=0.000 EL_PID=0.000 EL_FF=0.000
2026-04-20 14:19:51 [INFO] MONITOR az=350.325 el=30.150 AZ_ERR=0.000 EL_ERR=0.000 AZ_PID=0.000 EL_PID=0.000 EL_FF=0.000
2026-04-20 14:19:52 [INFO] MONITOR az=350.325 el=30.150 AZ_ERR=0.000 EL_ERR=0.000 AZ_PID=0.000 EL_PID=0.000 EL_FF=0.000
2026-04-20 14:19:53 [INFO] MONITOR az=350.325 el=30.150 AZ_ERR=0.000 EL_ERR=0.000 AZ_PID=0.000 EL_PID=0.000 EL_FF=0.000
2026-04-20 14:19:54 [INFO] MONITOR az=350.325 el=30.150 AZ_ERR=0.000 EL_ERR=0.000 AZ_PID=0.000 EL_PID=0.000 EL_FF=0.000
2026-04-20 14:19:55 [INFO] MONITOR az=350.325 el=30.150 AZ_ERR=0.000 EL_ERR=0.000 AZ_PID=0.000 EL_PID=0.000 EL_FF=0.000
2026-04-20 14:19:56 [INFO] MONITOR az=350.325 el=30.150 AZ_ERR=0.000 EL_ERR=0.000 AZ_PID=0.000 EL_PID=0.000 EL_FF=0.000
2026-04-20 14:19:57 [INFO] MONITOR az=350.325 el=30.150 AZ_ERR=0.000 EL_ERR=0.000 AZ_PID=0.000 EL_PID=0.000 EL_FF=0.000
2026-04-20 14:19:58 [INFO] MONITOR az=350.325 el=30.150 AZ_ERR=0.000 EL_ERR=0.000 AZ_PID=0.000 EL_PID=0.000 EL_FF=0.000
2026-04-20 14:19:59 [INFO] MONITOR az=350.325 el=30.150 AZ_ERR=0.000 EL_ERR=0.000 AZ_PID=0.000 EL_PID=0.000 EL_FF=0.000
2026-04-20 14:20:00 [INFO] MONITOR az=350.325 el=30.150 AZ_ERR=0.000 EL_ERR=0.000 AZ_PID=0.000 EL_PID=0.000 EL_FF=0.000
2026-04-20 14:20:01 [INFO] MONITOR az=350.325 el=30.150 AZ_ERR=0.000 EL_ERR=0.000 AZ_PID=0.000 EL_PID=0.000 EL_FF=0.000
2026-04-20 14:20:02 [INFO] MONITOR az=350.325 el=30.150 AZ_ERR=0.000 EL_ERR=0.000 AZ_PID=0.000 EL_PID=0.000 EL_FF=0.000
2026-04-20 14:20:03 [INFO] MONITOR az=350.325 el=30.150 AZ_ERR=0.000 EL_ERR=0.000 AZ_PID=0.000 EL_PID=0.000 EL_FF=0.000
2026-04-20 14:20:04 [INFO] MONITOR az=350.325 el=30.150 AZ_ERR=0.000 EL_ERR=0.000 AZ_PID=0.000 EL_PID=0.000 EL_FF=0.000
2026-04-20 14:20:05 [INFO] MONITOR az=350.325 el=30.150 AZ_ERR=0.000 EL_ERR=0.000 AZ_PID=0.000 EL_PID=0.000 EL_FF=0.000
2026-04-20 14:20:06 [INFO] MONITOR az=350.325 el=30.150 AZ_ERR=0.000 EL_ERR=0.000 AZ_PID=0.000 EL_PID=0.000 EL_FF=0.000
2026-04-20 14:20:07 [INFO] MONITOR az=350.325 el=30.150 AZ_ERR=0.000 EL_ERR=0.000 AZ_PID=0.000 EL_PID=0.000 EL_FF=0.000
2026-04-20 14:20:08 [INFO] MONITOR az=350.325 el=30.150 AZ_ERR=0.000 EL_ERR=0.000 AZ_PID=0.000 EL_PID=0.000 EL_FF=0.000
2026-04-20 14:20:09 [INFO] MONITOR az=350.325 el=30.150 AZ_ERR=0.000 EL_ERR=0.000 AZ_PID=0.000 EL_PID=0.000 EL_FF=0.000
2026-04-20 14:20:10 [INFO] MONITOR az=350.325 el=30.150 AZ_ERR=0.000 EL_ERR=0.000 AZ_PID=0.000 EL_PID=0.000 EL_FF=0.000
2026-04-20 14:20:11 [INFO] MONITOR az=350.325 el=30.150 AZ_ERR=0.000 EL_ERR=0.000 AZ_PID=0.000 EL_PID=0.000 EL_FF=0.000
2026-04-20 14:20:12 [INFO] MONITOR az=350.325 el=30.150 AZ_ERR=0.000 EL_ERR=0.000 AZ_PID=0.000 EL_PID=0.000 EL_FF=0.000
2026-04-20 14:20:13 [INFO] MONITOR az=350.325 el=30.150 AZ_ERR=0.000 EL_ERR=0.000 AZ_PID=0.000 EL_PID=0.000 EL_FF=0.000
2026-04-20 14:20:14 [INFO] MONITOR az=350.325 el=30.150 AZ_ERR=0.000 EL_ERR=0.000 AZ_PID=0.000 EL_PID=0.000 EL_FF=0.000
2026-04-20 14:20:15 [INFO] MONITOR az=350.325 el=30.150 AZ_ERR=0.000 EL_ERR=0.000 AZ_PID=0.000 EL_PID=0.000 EL_FF=0.000
2026-04-20 14:20:16 [INFO] MONITOR az=350.325 el=30.150 AZ_ERR=0.000 EL_ERR=0.000 AZ_PID=0.000 EL_PID=0.000 EL_FF=0.000
2026-04-20 14:20:17 [INFO] MONITOR az=350.325 el=30.150 AZ_ERR=0.000 EL_ERR=0.000 AZ_PID=0.000 EL_PID=0.000 EL_FF=0.000
2026-04-20 14:20:18 [INFO] MONITOR az=350.325 el=30.150 AZ_ERR=0.000 EL_ERR=0.000 AZ_PID=0.000 EL_PID=0.000 EL_FF=0.000
2026-04-20 14:20:19 [INFO] MONITOR az=350.325 el=30.150 AZ_ERR=0.000 EL_ERR=0.000 AZ_PID=0.000 EL_PID=0.000 EL_FF=0.000
2026-04-20 14:20:20 [INFO] MONITOR az=350.325 el=30.150 AZ_ERR=0.000 EL_ERR=0.000 AZ_PID=0.000 EL_PID=0.000 EL_FF=0.000
2026-04-20 14:20:21 [INFO] MONITOR az=350.325 el=30.150 AZ_ERR=0.000 EL_ERR=0.000 AZ_PID=0.000 EL_PID=0.000 EL_FF=0.000
2026-04-20 14:20:22 [INFO] MONITOR az=350.325 el=30.150 AZ_ERR=0.000 EL_ERR=0.000 AZ_PID=0.000 EL_PID=0.000 EL_FF=0.000
2026-04-20 14:20:23 [INFO] MONITOR az=350.325 el=30.150 AZ_ERR=0.000 EL_ERR=0.000 AZ_PID=0.000 EL_PID=0.000 EL_FF=0.000
2026-04-20 14:20:24 [INFO] MONITOR az=350.325 el=30.150 AZ_ERR=0.000 EL_ERR=0.000 AZ_PID=0.000 EL_PID=0.000 EL_FF=0.000
2026-04-20 14:20:25 [INFO] MONITOR az=350.325 el=30.150 AZ_ERR=0.000 EL_ERR=0.000 AZ_PID=0.000 EL_PID=0.000 EL_FF=0.000
2026-04-20 14:20:26 [INFO] MONITOR az=350.325 el=30.150 AZ_ERR=0.000 EL_ERR=0.000 AZ_PID=0.000 EL_PID=0.000 EL_FF=0.000
2026-04-20 14:20:27 [INFO] MONITOR az=350.325 el=30.150 AZ_ERR=0.000 EL_ERR=0.000 AZ_PID=0.000 EL_PID=0.000 EL_FF=0.000
2026-04-20 14:20:28 [INFO] MONITOR az=350.325 el=30.150 AZ_ERR=0.000 EL_ERR=0.000 AZ_PID=0.000 EL_PID=0.000 EL_FF=0.000
2026-04-20 14:20:29 [INFO] MONITOR az=350.325 el=30.150 AZ_ERR=0.000 EL_ERR=0.000 AZ_PID=0.000 EL_PID=0.000 EL_FF=0.000
2026-04-20 14:20:30 [INFO] MONITOR az=350.325 el=30.150 AZ_ERR=0.000 EL_ERR=0.000 AZ_PID=0.000 EL_PID=0.000 EL_FF=0.000
2026-04-20 14:20:31 [INFO] MONITOR az=350.325 el=30.150 AZ_ERR=0.000 EL_ERR=0.000 AZ_PID=0.000 EL_PID=0.000 EL_FF=0.000
2026-04-20 14:20:32 [INFO] MONITOR az=350.325 el=30.150 AZ_ERR=0.000 EL_ERR=0.000 AZ_PID=0.000 EL_PID=0.000 EL_FF=0.000
2026-04-20 14:20:33 [INFO] MONITOR az=350.325 el=30.150 AZ_ERR=0.000 EL_ERR=0.000 AZ_PID=0.000 EL_PID=0.000 EL_FF=0.000
2026-04-20 14:20:34 [INFO] MONITOR az=350.325 el=30.150 AZ_ERR=0.000 EL_ERR=0.000 AZ_PID=0.000 EL_PID=0.000 EL_FF=0.000
2026-04-20 14:20:35 [INFO] MONITOR az=350.325 el=30.150 AZ_ERR=0.000 EL_ERR=0.000 AZ_PID=0.000 EL_PID=0.000 EL_FF=0.000
2026-04-20 14:20:36 [INFO] MONITOR az=350.325 el=30.150 AZ_ERR=0.000 EL_ERR=0.000 AZ_PID=0.000 EL_PID=0.000 EL_FF=0.000
2026-04-20 14:20:37 [INFO] MONITOR az=350.325 el=30.150 AZ_ERR=0.000 EL_ERR=0.000 AZ_PID=0.000 EL_PID=0.000 EL_FF=0.000
2026-04-20 14:20:38 [INFO] MONITOR az=350.325 el=30.150 AZ_ERR=0.000 EL_ERR=0.000 AZ_PID=0.000 EL_PID=0.000 EL_FF=0.000
2026-04-20 14:20:39 [INFO] MONITOR az=350.325 el=30.150 AZ_ERR=0.000 EL_ERR=0.000 AZ_PID=0.000 EL_PID=0.000 EL_FF=0.000
2026-04-20 14:20:40 [INFO] MONITOR az=350.325 el=30.150 AZ_ERR=0.000 EL_ERR=0.000 AZ_PID=0.000 EL_PID=0.000 EL_FF=0.000
2026-04-20 14:20:41 [INFO] MONITOR az=350.325 el=30.150 AZ_ERR=0.000 EL_ERR=0.000 AZ_PID=0.000 EL_PID=0.000 EL_FF=0.000
2026-04-20 14:20:42 [INFO] MONITOR az=350.325 el=30.150 AZ_ERR=0.000 EL_ERR=0.000 AZ_PID=0.000 EL_PID=0.000 EL_FF=0.000
2026-04-20 14:20:43 [INFO] MONITOR az=350.325 el=30.150 AZ_ERR=0.000 EL_ERR=0.000 AZ_PID=0.000 EL_PID=0.000 EL_FF=0.000
2026-04-20 14:20:44 [INFO] MONITOR az=350.325 el=30.150 AZ_ERR=0.000 EL_ERR=0.000 AZ_PID=0.000 EL_PID=0.000 EL_FF=0.000
2026-04-20 14:20:45 [INFO] MONITOR az=350.325 el=30.150 AZ_ERR=0.000 EL_ERR=0.000 AZ_PID=0.000 EL_PID=0.000 EL_FF=0.000
2026-04-20 14:20:46 [INFO] MONITOR az=350.325 el=30.150 AZ_ERR=0.000 EL_ERR=0.000 AZ_PID=0.000 EL_PID=0.000 EL_FF=0.000
2026-04-20 14:20:47 [INFO] MONITOR az=350.325 el=30.150 AZ_ERR=0.000 EL_ERR=0.000 AZ_PID=0.000 EL_PID=0.000 EL_FF=0.000
2026-04-20 14:20:48 [INFO] MONITOR az=350.325 el=30.150 AZ_ERR=0.000 EL_ERR=0.000 AZ_PID=0.000 EL_PID=0.000 EL_FF=0.000
2026-04-20 14:20:49 [INFO] MONITOR az=350.325 el=30.150 AZ_ERR=0.000 EL_ERR=0.000 AZ_PID=0.000 EL_PID=0.000 EL_FF=0.000
2026-04-20 14:20:50 [INFO] MONITOR az=350.325 el=30.150 AZ_ERR=0.000 EL_ERR=0.000 AZ_PID=0.000 EL_PID=0.000 EL_FF=0.000
2026-04-20 14:20:51 [INFO] MONITOR az=350.325 el=30.150 AZ_ERR=0.000 EL_ERR=0.000 AZ_PID=0.000 EL_PID=0.000 EL_FF=0.000
2026-04-20 14:20:52 [INFO] MONITOR az=350.325 el=30.150 AZ_ERR=0.000 EL_ERR=0.000 AZ_PID=0.000 EL_PID=0.000 EL_FF=0.000
2026-04-20 14:20:53 [INFO] MONITOR az=350.325 el=30.150 AZ_ERR=0.000 EL_ERR=0.000 AZ_PID=0.000 EL_PID=0.000 EL_FF=0.000
2026-04-20 14:20:54 [INFO] MONITOR az=350.325 el=30.150 AZ_ERR=0.000 EL_ERR=0.000 AZ_PID=0.000 EL_PID=0.000 EL_FF=0.000
2026-04-20 14:20:55 [INFO] MONITOR az=350.325 el=30.150 AZ_ERR=0.000 EL_ERR=0.000 AZ_PID=0.000 EL_PID=0.000 EL_FF=0.000
2026-04-20 14:20:56 [INFO] MONITOR az=350.325 el=30.150 AZ_ERR=0.000 EL_ERR=0.000 AZ_PID=0.000 EL_PID=0.000 EL_FF=0.000
2026-04-20 14:20:57 [INFO] MONITOR az=350.325 el=30.150 AZ_ERR=0.000 EL_ERR=0.000 AZ_PID=0.000 EL_PID=0.000 EL_FF=0.000
2026-04-20 14:20:58 [INFO] MONITOR az=350.325 el=30.150 AZ_ERR=0.000 EL_ERR=0.000 AZ_PID=0.000 EL_PID=0.000 EL_FF=0.000
2026-04-20 14:20:59 [INFO] MONITOR az=350.325 el=30.150 AZ_ERR=0.000 EL_ERR=0.000 AZ_PID=0.000 EL_PID=0.000 EL_FF=0.000
2026-04-20 14:21:00 [INFO] MONITOR az=350.325 el=30.150 AZ_ERR=0.000 EL_ERR=0.000 AZ_PID=0.000 EL_PID=0.000 EL_FF=0.000
2026-04-20 14:21:01 [INFO] MONITOR az=350.325 el=30.150 AZ_ERR=0.000 EL_ERR=0.000 AZ_PID=0.000 EL_PID=0.000 EL_FF=0.000
2026-04-20 14:21:02 [INFO] MONITOR az=350.325 el=30.150 AZ_ERR=0.000 EL_ERR=0.000 AZ_PID=0.000 EL_PID=0.000 EL_FF=0.000
2026-04-20 14:21:03 [INFO] MONITOR az=350.325 el=30.150 AZ_ERR=0.000 EL_ERR=0.000 AZ_PID=0.000 EL_PID=0.000 EL_FF=0.000
2026-04-20 14:21:04 [INFO] MONITOR az=350.325 el=30.150 AZ_ERR=0.000 EL_ERR=0.000 AZ_PID=0.000 EL_PID=0.000 EL_FF=0.000
2026-04-20 14:21:05 [INFO] MONITOR az=350.325 el=30.150 AZ_ERR=0.000 EL_ERR=0.000 AZ_PID=0.000 EL_PID=0.000 EL_FF=0.000
2026-04-20 14:21:06 [INFO] MONITOR az=350.325 el=30.150 AZ_ERR=0.000 EL_ERR=0.000 AZ_PID=0.000 EL_PID=0.000 EL_FF=0.000
2026-04-20 14:21:07 [INFO] MONITOR az=350.325 el=30.150 AZ_ERR=0.000 EL_ERR=0.000 AZ_PID=0.000 EL_PID=0.000 EL_FF=0.000
2026-04-20 14:21:08 [INFO] MONITOR az=350.325 el=30.150 AZ_ERR=0.000 EL_ERR=0.000 AZ_PID=0.000 EL_PID=0.000 EL_FF=0.000
2026-04-20 14:21:09 [INFO] MONITOR az=350.325 el=30.150 AZ_ERR=0.000 EL_ERR=0.000 AZ_PID=0.000 EL_PID=0.000 EL_FF=0.000
2026-04-20 14:21:10 [INFO] MONITOR az=350.325 el=30.150 AZ_ERR=0.000 EL_ERR=0.000 AZ_PID=0.000 EL_PID=0.000 EL_FF=0.000
2026-04-20 14:21:11 [INFO] MONITOR az=350.325 el=30.150 AZ_ERR=0.000 EL_ERR=0.000 AZ_PID=0.000 EL_PID=0.000 EL_FF=0.000
2026-04-20 14:21:12 [INFO] MONITOR az=350.325 el=30.150 AZ_ERR=0.000 EL_ERR=0.000 AZ_PID=0.000 EL_PID=0.000 EL_FF=0.000
2026-04-20 14:21:13 [INFO] MONITOR az=350.325 el=30.150 AZ_ERR=0.000 EL_ERR=0.000 AZ_PID=0.000 EL_PID=0.000 EL_FF=0.000
2026-04-20 14:21:14 [INFO] MONITOR az=350.325 el=30.150 AZ_ERR=0.000 EL_ERR=0.000 AZ_PID=0.000 EL_PID=0.000 EL_FF=0.000
2026-04-20 14:21:15 [INFO] MONITOR az=350.325 el=30.150 AZ_ERR=0.000 EL_ERR=0.000 AZ_PID=0.000 EL_PID=0.000 EL_FF=0.000
2026-04-20 14:21:16 [INFO] MONITOR az=350.325 el=30.150 AZ_ERR=0.000 EL_ERR=0.000 AZ_PID=0.000 EL_PID=0.000 EL_FF=0.000
2026-04-20 14:21:17 [INFO] MONITOR az=350.325 el=30.150 AZ_ERR=0.000 EL_ERR=0.000 AZ_PID=0.000 EL_PID=0.000 EL_FF=0.000
2026-04-20 14:21:18 [INFO] MONITOR az=350.325 el=30.150 AZ_ERR=0.000 EL_ERR=0.000 AZ_PID=0.000 EL_PID=0.000 EL_FF=0.000
2026-04-20 14:21:19 [INFO] MONITOR az=350.325 el=30.150 AZ_ERR=0.000 EL_ERR=0.000 AZ_PID=0.000 EL_PID=0.000 EL_FF=0.000
2026-04-20 14:21:20 [INFO] MONITOR az=350.325 el=30.150 AZ_ERR=0.000 EL_ERR=0.000 AZ_PID=0.000 EL_PID=0.000 EL_FF=0.000
2026-04-20 14:21:21 [INFO] MONITOR az=350.325 el=30.150 AZ_ERR=0.000 EL_ERR=0.000 AZ_PID=0.000 EL_PID=0.000 EL_FF=0.000
2026-04-20 14:21:22 [INFO] MONITOR az=350.325 el=30.150 AZ_ERR=0.000 EL_ERR=0.000 AZ_PID=0.000 EL_PID=0.000 EL_FF=0.000
2026-04-20 14:21:23 [INFO] MONITOR az=350.325 el=30.150 AZ_ERR=0.000 EL_ERR=0.000 AZ_PID=0.000 EL_PID=0.000 EL_FF=0.000
2026-04-20 14:21:24 [INFO] MONITOR az=350.325 el=30.150 AZ_ERR=0.000 EL_ERR=0.000 AZ_PID=0.000 EL_PID=0.000 EL_FF=0.000
2026-04-20 14:21:25 [INFO] MONITOR az=350.325 el=30.150 AZ_ERR=0.000 EL_ERR=0.000 AZ_PID=0.000 EL_PID=0.000 EL_FF=0.000
2026-04-20 14:21:26 [INFO] MONITOR az=350.325 el=30.150 AZ_ERR=0.000 EL_ERR=0.000 AZ_PID=0.000 EL_PID=0.000 EL_FF=0.000
2026-04-20 14:21:27 [INFO] MONITOR az=350.325 el=30.150 AZ_ERR=0.000 EL_ERR=0.000 AZ_PID=0.000 EL_PID=0.000 EL_FF=0.000
2026-04-20 14:21:28 [INFO] MONITOR az=350.325 el=30.150 AZ_ERR=0.000 EL_ERR=0.000 AZ_PID=0.000 EL_PID=0.000 EL_FF=0.000
2026-04-20 14:21:29 [INFO] MONITOR az=350.325 el=30.150 AZ_ERR=0.000 EL_ERR=0.000 AZ_PID=0.000 EL_PID=0.000 EL_FF=0.000
2026-04-20 14:21:30 [INFO] MONITOR az=350.325 el=30.150 AZ_ERR=0.000 EL_ERR=0.000 AZ_PID=0.000 EL_PID=0.000 EL_FF=0.000
2026-04-20 14:21:31 [INFO] MONITOR az=350.325 el=30.150 AZ_ERR=0.000 EL_ERR=0.000 AZ_PID=0.000 EL_PID=0.000 EL_FF=0.000
2026-04-20 14:21:32 [INFO] MONITOR az=350.325 el=30.150 AZ_ERR=0.000 EL_ERR=0.000 AZ_PID=0.000 EL_PID=0.000 EL_FF=0.000
2026-04-20 14:21:33 [INFO] MONITOR az=350.325 el=30.150 AZ_ERR=0.000 EL_ERR=0.000 AZ_PID=0.000 EL_PID=0.000 EL_FF=0.000
2026-04-20 14:21:34 [INFO] MONITOR az=350.325 el=30.150 AZ_ERR=0.000 EL_ERR=0.000 AZ_PID=0.000 EL_PID=0.000 EL_FF=0.000
2026-04-20 14:21:35 [INFO] MONITOR az=350.325 el=30.150 AZ_ERR=0.000 EL_ERR=0.000 AZ_PID=0.000 EL_PID=0.000 EL_FF=0.000
2026-04-20 14:21:36 [INFO] MONITOR az=350.325 el=30.150 AZ_ERR=0.000 EL_ERR=0.000 AZ_PID=0.000 EL_PID=0.000 EL_FF=0.000
2026-04-20 14:21:37 [INFO] MONITOR az=350.325 el=30.150 AZ_ERR=0.000 EL_ERR=0.000 AZ_PID=0.000 EL_PID=0.000 EL_FF=0.000
2026-04-20 14:21:38 [INFO] MONITOR az=350.325 el=30.150 AZ_ERR=0.000 EL_ERR=0.000 AZ_PID=0.000 EL_PID=0.000 EL_FF=0.000
2026-04-20 14:21:39 [INFO] MONITOR az=350.325 el=30.150 AZ_ERR=0.000 EL_ERR=0.000 AZ_PID=0.000 EL_PID=0.000 EL_FF=0.000
2026-04-20 14:21:41 [INFO] MONITOR az=350.325 el=30.150 AZ_ERR=0.000 EL_ERR=0.000 AZ_PID=0.000 EL_PID=0.000 EL_FF=0.000
2026-04-20 14:21:42 [INFO] MONITOR az=350.325 el=30.150 AZ_ERR=0.000 EL_ERR=0.000 AZ_PID=0.000 EL_PID=0.000 EL_FF=0.000
2026-04-20 14:21:43 [INFO] MONITOR az=350.325 el=30.150 AZ_ERR=0.000 EL_ERR=0.000 AZ_PID=0.000 EL_PID=0.000 EL_FF=0.000
2026-04-20 14:21:44 [INFO] MONITOR az=350.325 el=30.150 AZ_ERR=0.000 EL_ERR=0.000 AZ_PID=0.000 EL_PID=0.000 EL_FF=0.000
2026-04-20 14:21:45 [INFO] MONITOR az=350.325 el=30.150 AZ_ERR=0.000 EL_ERR=0.000 AZ_PID=0.000 EL_PID=0.000 EL_FF=0.000
2026-04-20 14:21:46 [INFO] MONITOR az=350.325 el=30.150 AZ_ERR=0.000 EL_ERR=0.000 AZ_PID=0.000 EL_PID=0.000 EL_FF=0.000
2026-04-20 14:21:47 [INFO] MONITOR az=350.325 el=30.150 AZ_ERR=0.000 EL_ERR=0.000 AZ_PID=0.000 EL_PID=0.000 EL_FF=0.000
2026-04-20 14:21:48 [INFO] MONITOR az=350.325 el=30.150 AZ_ERR=0.000 EL_ERR=0.000 AZ_PID=0.000 EL_PID=0.000 EL_FF=0.000
2026-04-20 14:21:49 [INFO] MONITOR az=350.325 el=30.150 AZ_ERR=0.000 EL_ERR=0.000 AZ_PID=0.000 EL_PID=0.000 EL_FF=0.000
2026-04-20 14:21:50 [INFO] MONITOR az=350.325 el=30.150 AZ_ERR=0.000 EL_ERR=0.000 AZ_PID=0.000 EL_PID=0.000 EL_FF=0.000
2026-04-20 14:21:51 [INFO] MONITOR az=350.325 el=30.150 AZ_ERR=0.000 EL_ERR=0.000 AZ_PID=0.000 EL_PID=0.000 EL_FF=0.000
2026-04-20 14:21:52 [INFO] MONITOR az=350.325 el=30.150 AZ_ERR=0.000 EL_ERR=0.000 AZ_PID=0.000 EL_PID=0.000 EL_FF=0.000
2026-04-20 14:21:53 [INFO] MONITOR az=350.325 el=30.150 AZ_ERR=0.000 EL_ERR=0.000 AZ_PID=0.000 EL_PID=0.000 EL_FF=0.000
2026-04-20 14:21:54 [INFO] MONITOR az=350.325 el=30.150 AZ_ERR=0.000 EL_ERR=0.000 AZ_PID=0.000 EL_PID=0.000 EL_FF=0.000
2026-04-20 14:21:55 [INFO] MONITOR az=350.325 el=30.150 AZ_ERR=0.000 EL_ERR=0.000 AZ_PID=0.000 EL_PID=0.000 EL_FF=0.000
2026-04-20 14:21:56 [INFO] MONITOR az=350.325 el=30.150 AZ_ERR=0.000 EL_ERR=0.000 AZ_PID=0.000 EL_PID=0.000 EL_FF=0.000
2026-04-20 14:21:57 [INFO] MONITOR az=350.325 el=30.150 AZ_ERR=0.000 EL_ERR=0.000 AZ_PID=0.000 EL_PID=0.000 EL_FF=0.000
2026-04-20 14:21:58 [INFO] MONITOR az=350.325 el=30.150 AZ_ERR=0.000 EL_ERR=0.000 AZ_PID=0.000 EL_PID=0.000 EL_FF=0.000
2026-04-20 14:21:59 [INFO] MONITOR az=350.325 el=30.150 AZ_ERR=0.000 EL_ERR=0.000 AZ_PID=0.000 EL_PID=0.000 EL_FF=0.000
2026-04-20 14:22:00 [INFO] MONITOR az=350.325 el=30.150 AZ_ERR=0.000 EL_ERR=0.000 AZ_PID=0.000 EL_PID=0.000 EL_FF=0.000
2026-04-20 14:22:01 [INFO] MONITOR az=350.325 el=30.150 AZ_ERR=0.000 EL_ERR=0.000 AZ_PID=0.000 EL_PID=0.000 EL_FF=0.000
2026-04-20 14:22:02 [INFO] MONITOR az=350.325 el=30.150 AZ_ERR=0.000 EL_ERR=0.000 AZ_PID=0.000 EL_PID=0.000 EL_FF=0.000
2026-04-20 14:22:03 [INFO] MONITOR az=350.325 el=30.150 AZ_ERR=0.000 EL_ERR=0.000 AZ_PID=0.000 EL_PID=0.000 EL_FF=0.000
2026-04-20 14:22:04 [INFO] MONITOR az=350.325 el=30.150 AZ_ERR=0.000 EL_ERR=0.000 AZ_PID=0.000 EL_PID=0.000 EL_FF=0.000
2026-04-20 14:22:05 [INFO] MONITOR az=350.325 el=30.150 AZ_ERR=0.000 EL_ERR=0.000 AZ_PID=0.000 EL_PID=0.000 EL_FF=0.000
2026-04-20 14:22:06 [INFO] MONITOR az=350.325 el=30.150 AZ_ERR=0.000 EL_ERR=0.000 AZ_PID=0.000 EL_PID=0.000 EL_FF=0.000
2026-04-20 14:22:07 [INFO] MONITOR az=350.325 el=30.150 AZ_ERR=0.000 EL_ERR=0.000 AZ_PID=0.000 EL_PID=0.000 EL_FF=0.000
2026-04-20 14:22:08 [INFO] MONITOR az=350.325 el=30.150 AZ_ERR=0.000 EL_ERR=0.000 AZ_PID=0.000 EL_PID=0.000 EL_FF=0.000
2026-04-20 14:22:09 [INFO] MONITOR az=350.325 el=30.150 AZ_ERR=0.000 EL_ERR=0.000 AZ_PID=0.000 EL_PID=0.000 EL_FF=0.000
2026-04-20 14:22:10 [INFO] MONITOR az=350.325 el=30.150 AZ_ERR=0.000 EL_ERR=0.000 AZ_PID=0.000 EL_PID=0.000 EL_FF=0.000
2026-04-20 14:22:11 [INFO] MONITOR az=350.325 el=30.150 AZ_ERR=0.000 EL_ERR=0.000 AZ_PID=0.000 EL_PID=0.000 EL_FF=0.000
2026-04-20 14:22:12 [INFO] MONITOR az=350.325 el=30.150 AZ_ERR=0.000 EL_ERR=0.000 AZ_PID=0.000 EL_PID=0.000 EL_FF=0.000
2026-04-20 14:22:13 [INFO] MONITOR az=350.325 el=30.150 AZ_ERR=0.000 EL_ERR=0.000 AZ_PID=0.000 EL_PID=0.000 EL_FF=0.000
2026-04-20 14:22:14 [INFO] MONITOR az=350.325 el=30.150 AZ_ERR=0.000 EL_ERR=0.000 AZ_PID=0.000 EL_PID=0.000 EL_FF=0.000
2026-04-20 14:22:15 [INFO] MONITOR az=350.325 el=30.150 AZ_ERR=0.000 EL_ERR=0.000 AZ_PID=0.000 EL_PID=0.000 EL_FF=0.000
2026-04-20 14:22:16 [INFO] MONITOR az=350.325 el=30.150 AZ_ERR=0.000 EL_ERR=0.000 AZ_PID=0.000 EL_PID=0.000 EL_FF=0.000
2026-04-20 14:22:17 [INFO] MONITOR az=350.325 el=30.150 AZ_ERR=0.000 EL_ERR=0.000 AZ_PID=0.000 EL_PID=0.000 EL_FF=0.000
2026-04-20 14:22:18 [INFO] MONITOR az=350.325 el=30.150 AZ_ERR=0.000 EL_ERR=0.000 AZ_PID=0.000 EL_PID=0.000 EL_FF=0.000
2026-04-20 14:22:19 [INFO] MONITOR az=350.325 el=30.150 AZ_ERR=0.000 EL_ERR=0.000 AZ_PID=0.000 EL_PID=0.000 EL_FF=0.000
2026-04-20 14:22:20 [INFO] MONITOR az=350.325 el=30.150 AZ_ERR=0.000 EL_ERR=0.000 AZ_PID=0.000 EL_PID=0.000 EL_FF=0.000
2026-04-20 14:22:21 [INFO] MONITOR az=350.325 el=30.150 AZ_ERR=0.000 EL_ERR=0.000 AZ_PID=0.000 EL_PID=0.000 EL_FF=0.000
2026-04-20 14:22:22 [INFO] MONITOR az=350.325 el=30.150 AZ_ERR=0.000 EL_ERR=0.000 AZ_PID=0.000 EL_PID=0.000 EL_FF=0.000
2026-04-20 14:22:23 [INFO] MONITOR az=350.325 el=30.150 AZ_ERR=0.000 EL_ERR=0.000 AZ_PID=0.000 EL_PID=0.000 EL_FF=0.000
2026-04-20 14:22:24 [INFO] MONITOR az=350.325 el=30.150 AZ_ERR=0.000 EL_ERR=0.000 AZ_PID=0.000 EL_PID=0.000 EL_FF=0.000
2026-04-20 14:22:25 [INFO] MONITOR az=350.325 el=30.150 AZ_ERR=0.000 EL_ERR=0.000 AZ_PID=0.000 EL_PID=0.000 EL_FF=0.000
2026-04-20 14:22:26 [INFO] MONITOR az=350.325 el=30.150 AZ_ERR=0.000 EL_ERR=0.000 AZ_PID=0.000 EL_PID=0.000 EL_FF=0.000
2026-04-20 14:22:27 [INFO] MONITOR az=350.325 el=30.150 AZ_ERR=0.000 EL_ERR=0.000 AZ_PID=0.000 EL_PID=0.000 EL_FF=0.000
2026-04-20 14:22:28 [INFO] MONITOR az=350.325 el=30.150 AZ_ERR=0.000 EL_ERR=0.000 AZ_PID=0.000 EL_PID=0.000 EL_FF=0.000
2026-04-20 14:22:29 [INFO] MONITOR az=350.325 el=30.150 AZ_ERR=0.000 EL_ERR=0.000 AZ_PID=0.000 EL_PID=0.000 EL_FF=0.000
2026-04-20 14:22:30 [INFO] MONITOR az=350.325 el=30.150 AZ_ERR=0.000 EL_ERR=0.000 AZ_PID=0.000 EL_PID=0.000 EL_FF=0.000
2026-04-20 14:22:31 [INFO] MONITOR az=350.325 el=30.150 AZ_ERR=0.000 EL_ERR=0.000 AZ_PID=0.000 EL_PID=0.000 EL_FF=0.000
2026-04-20 14:22:32 [INFO] MONITOR az=350.325 el=30.150 AZ_ERR=0.000 EL_ERR=0.000 AZ_PID=0.000 EL_PID=0.000 EL_FF=0.000
2026-04-20 14:22:33 [INFO] MONITOR az=350.325 el=30.150 AZ_ERR=0.000 EL_ERR=0.000 AZ_PID=0.000 EL_PID=0.000 EL_FF=0.000
2026-04-20 14:22:34 [INFO] MONITOR az=350.325 el=30.150 AZ_ERR=0.000 EL_ERR=0.000 AZ_PID=0.000 EL_PID=0.000 EL_FF=0.000
2026-04-20 14:22:35 [INFO] MONITOR az=350.325 el=30.150 AZ_ERR=0.000 EL_ERR=0.000 AZ_PID=0.000 EL_PID=0.000 EL_FF=0.000
2026-04-20 14:22:36 [INFO] MONITOR az=350.325 el=30.150 AZ_ERR=0.000 EL_ERR=0.000 AZ_PID=0.000 EL_PID=0.000 EL_FF=0.000
2026-04-20 14:22:37 [INFO] MONITOR az=350.325 el=30.150 AZ_ERR=0.000 EL_ERR=0.000 AZ_PID=0.000 EL_PID=0.000 EL_FF=0.000
2026-04-20 14:22:38 [INFO] MONITOR az=350.325 el=30.150 AZ_ERR=0.000 EL_ERR=0.000 AZ_PID=0.000 EL_PID=0.000 EL_FF=0.000
2026-04-20 14:22:39 [INFO] MONITOR az=350.325 el=30.150 AZ_ERR=0.000 EL_ERR=0.000 AZ_PID=0.000 EL_PID=0.000 EL_FF=0.000
2026-04-20 14:22:40 [INFO] MONITOR az=350.325 el=30.150 AZ_ERR=0.000 EL_ERR=0.000 AZ_PID=0.000 EL_PID=0.000 EL_FF=0.000
2026-04-20 14:22:41 [INFO] MONITOR az=350.325 el=30.150 AZ_ERR=0.000 EL_ERR=0.000 AZ_PID=0.000 EL_PID=0.000 EL_FF=0.000
2026-04-20 14:22:42 [INFO] MONITOR az=350.325 el=30.150 AZ_ERR=0.000 EL_ERR=0.000 AZ_PID=0.000 EL_PID=0.000 EL_FF=0.000
2026-04-20 14:22:43 [INFO] MONITOR az=350.325 el=30.150 AZ_ERR=0.000 EL_ERR=0.000 AZ_PID=0.000 EL_PID=0.000 EL_FF=0.000
2026-04-20 14:22:44 [INFO] MONITOR az=350.325 el=30.150 AZ_ERR=0.000 EL_ERR=0.000 AZ_PID=0.000 EL_PID=0.000 EL_FF=0.000
2026-04-20 14:22:45 [INFO] MONITOR az=350.325 el=30.150 AZ_ERR=0.000 EL_ERR=0.000 AZ_PID=0.000 EL_PID=0.000 EL_FF=0.000
2026-04-20 14:22:46 [INFO] MONITOR az=350.325 el=30.150 AZ_ERR=0.000 EL_ERR=0.000 AZ_PID=0.000 EL_PID=0.000 EL_FF=0.000
2026-04-20 14:22:47 [INFO] MONITOR az=350.325 el=30.150 AZ_ERR=0.000 EL_ERR=0.000 AZ_PID=0.000 EL_PID=0.000 EL_FF=0.000
2026-04-20 14:22:48 [INFO] MONITOR az=350.325 el=30.150 AZ_ERR=0.000 EL_ERR=0.000 AZ_PID=0.000 EL_PID=0.000 EL_FF=0.000
2026-04-20 14:22:49 [INFO] MONITOR az=350.325 el=30.150 AZ_ERR=0.000 EL_ERR=0.000 AZ_PID=0.000 EL_PID=0.000 EL_FF=0.000
2026-04-20 14:22:50 [INFO] MONITOR az=350.325 el=30.150 AZ_ERR=0.000 EL_ERR=0.000 AZ_PID=0.000 EL_PID=0.000 EL_FF=0.000
2026-04-20 14:22:51 [INFO] MONITOR az=350.325 el=30.150 AZ_ERR=0.000 EL_ERR=0.000 AZ_PID=0.000 EL_PID=0.000 EL_FF=0.000
2026-04-20 14:22:52 [INFO] MONITOR az=350.325 el=30.150 AZ_ERR=0.000 EL_ERR=0.000 AZ_PID=0.000 EL_PID=0.000 EL_FF=0.000
2026-04-20 14:22:53 [INFO] MONITOR az=350.325 el=30.150 AZ_ERR=0.000 EL_ERR=0.000 AZ_PID=0.000 EL_PID=0.000 EL_FF=0.000
2026-04-20 14:22:54 [INFO] MONITOR az=350.325 el=30.150 AZ_ERR=0.000 EL_ERR=0.000 AZ_PID=0.000 EL_PID=0.000 EL_FF=0.000
2026-04-20 14:22:55 [INFO] MONITOR az=350.325 el=30.150 AZ_ERR=0.000 EL_ERR=0.000 AZ_PID=0.000 EL_PID=0.000 EL_FF=0.000
2026-04-20 14:22:56 [INFO] MONITOR az=350.325 el=30.150 AZ_ERR=0.000 EL_ERR=0.000 AZ_PID=0.000 EL_PID=0.000 EL_FF=0.000
2026-04-20 14:22:57 [INFO] MONITOR az=350.325 el=30.150 AZ_ERR=0.000 EL_ERR=0.000 AZ_PID=0.000 EL_PID=0.000 EL_FF=0.000
2026-04-20 14:22:58 [INFO] MONITOR az=350.325 el=30.150 AZ_ERR=0.000 EL_ERR=0.000 AZ_PID=0.000 EL_PID=0.000 EL_FF=0.000
2026-04-20 14:22:59 [INFO] MONITOR az=350.325 el=30.150 AZ_ERR=0.000 EL_ERR=0.000 AZ_PID=0.000 EL_PID=0.000 EL_FF=0.000
2026-04-20 14:23:00 [INFO] MONITOR az=350.325 el=30.150 AZ_ERR=0.000 EL_ERR=0.000 AZ_PID=0.000 EL_PID=0.000 EL_FF=0.000
2026-04-20 14:23:01 [INFO] MONITOR az=350.325 el=30.150 AZ_ERR=0.000 EL_ERR=0.000 AZ_PID=0.000 EL_PID=0.000 EL_FF=0.000
2026-04-20 14:23:02 [INFO] MONITOR az=350.325 el=30.150 AZ_ERR=0.000 EL_ERR=0.000 AZ_PID=0.000 EL_PID=0.000 EL_FF=0.000
2026-04-20 14:23:03 [INFO] MONITOR az=350.325 el=30.150 AZ_ERR=0.000 EL_ERR=0.000 AZ_PID=0.000 EL_PID=0.000 EL_FF=0.000
2026-04-20 14:23:04 [INFO] MONITOR az=350.325 el=30.150 AZ_ERR=0.000 EL_ERR=0.000 AZ_PID=0.000 EL_PID=0.000 EL_FF=0.000
2026-04-20 14:23:05 [INFO] MONITOR az=350.325 el=30.150 AZ_ERR=0.000 EL_ERR=0.000 AZ_PID=0.000 EL_PID=0.000 EL_FF=0.000
2026-04-20 14:23:06 [INFO] MONITOR az=350.325 el=30.150 AZ_ERR=0.000 EL_ERR=0.000 AZ_PID=0.000 EL_PID=0.000 EL_FF=0.000
2026-04-20 14:23:07 [INFO] MONITOR az=350.325 el=30.150 AZ_ERR=0.000 EL_ERR=0.000 AZ_PID=0.000 EL_PID=0.000 EL_FF=0.000
2026-04-20 14:23:08 [INFO] MONITOR az=350.325 el=30.150 AZ_ERR=0.000 EL_ERR=0.000 AZ_PID=0.000 EL_PID=0.000 EL_FF=0.000
2026-04-20 14:23:09 [INFO] MONITOR az=350.325 el=30.150 AZ_ERR=0.000 EL_ERR=0.000 AZ_PID=0.000 EL_PID=0.000 EL_FF=0.000
2026-04-20 14:23:10 [INFO] MONITOR az=350.325 el=30.150 AZ_ERR=0.000 EL_ERR=0.000 AZ_PID=0.000 EL_PID=0.000 EL_FF=0.000
2026-04-20 14:23:11 [INFO] MONITOR az=350.325 el=30.150 AZ_ERR=0.000 EL_ERR=0.000 AZ_PID=0.000 EL_PID=0.000 EL_FF=0.000
2026-04-20 14:23:12 [INFO] MONITOR az=350.325 el=30.150 AZ_ERR=0.000 EL_ERR=0.000 AZ_PID=0.000 EL_PID=0.000 EL_FF=0.000
2026-04-20 14:23:13 [INFO] MONITOR az=350.325 el=30.150 AZ_ERR=0.000 EL_ERR=0.000 AZ_PID=0.000 EL_PID=0.000 EL_FF=0.000
2026-04-20 14:23:14 [INFO] MONITOR az=350.325 el=30.150 AZ_ERR=0.000 EL_ERR=0.000 AZ_PID=0.000 EL_PID=0.000 EL_FF=0.000
2026-04-20 14:23:15 [INFO] MONITOR az=350.325 el=30.150 AZ_ERR=0.000 EL_ERR=0.000 AZ_PID=0.000 EL_PID=0.000 EL_FF=0.000
2026-04-20 14:23:16 [INFO] MONITOR az=350.325 el=30.150 AZ_ERR=0.000 EL_ERR=0.000 AZ_PID=0.000 EL_PID=0.000 EL_FF=0.000
2026-04-20 14:23:17 [INFO] MONITOR az=350.325 el=30.150 AZ_ERR=0.000 EL_ERR=0.000 AZ_PID=0.000 EL_PID=0.000 EL_FF=0.000
2026-04-20 14:23:18 [INFO] MONITOR az=350.325 el=30.150 AZ_ERR=0.000 EL_ERR=0.000 AZ_PID=0.000 EL_PID=0.000 EL_FF=0.000
2026-04-20 14:23:19 [INFO] MONITOR az=350.325 el=30.150 AZ_ERR=0.000 EL_ERR=0.000 AZ_PID=0.000 EL_PID=0.000 EL_FF=0.000
2026-04-20 14:23:20 [INFO] MONITOR az=350.325 el=30.150 AZ_ERR=0.000 EL_ERR=0.000 AZ_PID=0.000 EL_PID=0.000 EL_FF=0.000
2026-04-20 14:23:21 [INFO] MONITOR az=350.325 el=30.150 AZ_ERR=0.000 EL_ERR=0.000 AZ_PID=0.000 EL_PID=0.000 EL_FF=0.000
2026-04-20 14:23:22 [INFO] MONITOR az=350.325 el=30.150 AZ_ERR=0.000 EL_ERR=0.000 AZ_PID=0.000 EL_PID=0.000 EL_FF=0.000
2026-04-20 14:23:23 [INFO] MONITOR az=350.325 el=30.150 AZ_ERR=0.000 EL_ERR=0.000 AZ_PID=0.000 EL_PID=0.000 EL_FF=0.000
2026-04-20 14:23:24 [INFO] MONITOR az=350.325 el=30.150 AZ_ERR=0.000 EL_ERR=0.000 AZ_PID=0.000 EL_PID=0.000 EL_FF=0.000
2026-04-20 14:23:25 [INFO] MONITOR az=350.325 el=30.150 AZ_ERR=0.000 EL_ERR=0.000 AZ_PID=0.000 EL_PID=0.000 EL_FF=0.000
2026-04-20 14:23:26 [INFO] MONITOR az=350.325 el=30.150 AZ_ERR=0.000 EL_ERR=0.000 AZ_PID=0.000 EL_PID=0.000 EL_FF=0.000
2026-04-20 14:23:27 [INFO] MONITOR az=350.325 el=30.150 AZ_ERR=0.000 EL_ERR=0.000 AZ_PID=0.000 EL_PID=0.000 EL_FF=0.000
2026-04-20 14:23:28 [INFO] MONITOR az=350.325 el=30.150 AZ_ERR=0.000 EL_ERR=0.000 AZ_PID=0.000 EL_PID=0.000 EL_FF=0.000
2026-04-20 14:23:29 [INFO] MONITOR az=350.325 el=30.150 AZ_ERR=0.000 EL_ERR=0.000 AZ_PID=0.000 EL_PID=0.000 EL_FF=0.000
2026-04-20 14:23:30 [INFO] MONITOR az=350.325 el=30.150 AZ_ERR=0.000 EL_ERR=0.000 AZ_PID=0.000 EL_PID=0.000 EL_FF=0.000
2026-04-20 14:23:31 [INFO] MONITOR az=350.325 el=30.150 AZ_ERR=0.000 EL_ERR=0.000 AZ_PID=0.000 EL_PID=0.000 EL_FF=0.000
2026-04-20 14:23:32 [INFO] MONITOR az=350.325 el=30.150 AZ_ERR=0.000 EL_ERR=0.000 AZ_PID=0.000 EL_PID=0.000 EL_FF=0.000
2026-04-20 14:23:33 [INFO] MONITOR az=350.325 el=30.150 AZ_ERR=0.000 EL_ERR=0.000 AZ_PID=0.000 EL_PID=0.000 EL_FF=0.000
2026-04-20 14:23:34 [INFO] MONITOR az=350.325 el=30.150 AZ_ERR=0.000 EL_ERR=0.000 AZ_PID=0.000 EL_PID=0.000 EL_FF=0.000
2026-04-20 14:23:35 [INFO] MONITOR az=350.325 el=30.150 AZ_ERR=0.000 EL_ERR=0.000 AZ_PID=0.000 EL_PID=0.000 EL_FF=0.000
2026-04-20 14:23:36 [INFO] MONITOR az=350.325 el=30.150 AZ_ERR=0.000 EL_ERR=0.000 AZ_PID=0.000 EL_PID=0.000 EL_FF=0.000
2026-04-20 14:23:37 [INFO] MONITOR az=350.325 el=30.150 AZ_ERR=0.000 EL_ERR=0.000 AZ_PID=0.000 EL_PID=0.000 EL_FF=0.000
2026-04-20 14:23:38 [INFO] MONITOR az=350.325 el=30.150 AZ_ERR=0.000 EL_ERR=0.000 AZ_PID=0.000 EL_PID=0.000 EL_FF=0.000
2026-04-20 14:23:39 [INFO] MONITOR az=350.325 el=30.150 AZ_ERR=0.000 EL_ERR=0.000 AZ_PID=0.000 EL_PID=0.000 EL_FF=0.000
2026-04-20 14:23:40 [INFO] MONITOR az=350.325 el=30.150 AZ_ERR=0.000 EL_ERR=0.000 AZ_PID=0.000 EL_PID=0.000 EL_FF=0.000
2026-04-20 14:23:41 [INFO] MONITOR az=350.325 el=30.150 AZ_ERR=0.000 EL_ERR=0.000 AZ_PID=0.000 EL_PID=0.000 EL_FF=0.000
2026-04-20 14:23:42 [INFO] MONITOR az=350.325 el=30.150 AZ_ERR=0.000 EL_ERR=0.000 AZ_PID=0.000 EL_PID=0.000 EL_FF=0.000
2026-04-20 14:23:43 [INFO] MONITOR az=350.325 el=30.150 AZ_ERR=0.000 EL_ERR=0.000 AZ_PID=0.000 EL_PID=0.000 EL_FF=0.000
2026-04-20 14:23:44 [INFO] MONITOR az=350.325 el=30.150 AZ_ERR=0.000 EL_ERR=0.000 AZ_PID=0.000 EL_PID=0.000 EL_FF=0.000
2026-04-20 14:23:45 [INFO] MONITOR az=350.325 el=30.150 AZ_ERR=0.000 EL_ERR=0.000 AZ_PID=0.000 EL_PID=0.000 EL_FF=0.000
2026-04-20 14:23:46 [INFO] MONITOR az=350.325 el=30.150 AZ_ERR=0.000 EL_ERR=0.000 AZ_PID=0.000 EL_PID=0.000 EL_FF=0.000
2026-04-20 14:23:47 [INFO] MONITOR az=350.325 el=30.150 AZ_ERR=0.000 EL_ERR=0.000 AZ_PID=0.000 EL_PID=0.000 EL_FF=0.000
2026-04-20 14:23:48 [INFO] MONITOR az=350.325 el=30.150 AZ_ERR=0.000 EL_ERR=0.000 AZ_PID=0.000 EL_PID=0.000 EL_FF=0.000
2026-04-20 14:23:49 [INFO] MONITOR az=350.325 el=30.150 AZ_ERR=0.000 EL_ERR=0.000 AZ_PID=0.000 EL_PID=0.000 EL_FF=0.000
2026-04-20 14:23:50 [INFO] MONITOR az=350.325 el=30.150 AZ_ERR=0.000 EL_ERR=0.000 AZ_PID=0.000 EL_PID=0.000 EL_FF=0.000
2026-04-20 14:23:51 [INFO] MONITOR az=350.325 el=30.150 AZ_ERR=0.000 EL_ERR=0.000 AZ_PID=0.000 EL_PID=0.000 EL_FF=0.000
2026-04-20 14:23:52 [INFO] MONITOR az=350.325 el=30.150 AZ_ERR=0.000 EL_ERR=0.000 AZ_PID=0.000 EL_PID=0.000 EL_FF=0.000
2026-04-20 14:23:53 [INFO] MONITOR az=350.325 el=30.150 AZ_ERR=0.000 EL_ERR=0.000 AZ_PID=0.000 EL_PID=0.000 EL_FF=0.000
2026-04-20 14:23:54 [INFO] MONITOR az=350.325 el=30.150 AZ_ERR=0.000 EL_ERR=0.000 AZ_PID=0.000 EL_PID=0.000 EL_FF=0.000
2026-04-20 14:23:55 [INFO] MONITOR az=350.325 el=30.150 AZ_ERR=0.000 EL_ERR=0.000 AZ_PID=0.000 EL_PID=0.000 EL_FF=0.000
2026-04-20 14:23:56 [INFO] MONITOR az=350.325 el=30.150 AZ_ERR=0.000 EL_ERR=0.000 AZ_PID=0.000 EL_PID=0.000 EL_FF=0.000
2026-04-20 14:23:57 [INFO] MONITOR az=350.325 el=30.150 AZ_ERR=0.000 EL_ERR=0.000 AZ_PID=0.000 EL_PID=0.000 EL_FF=0.000
2026-04-20 14:23:58 [INFO] MONITOR az=350.325 el=30.150 AZ_ERR=0.000 EL_ERR=0.000 AZ_PID=0.000 EL_PID=0.000 EL_FF=0.000
2026-04-20 14:23:59 [INFO] MONITOR az=350.325 el=30.150 AZ_ERR=0.000 EL_ERR=0.000 AZ_PID=0.000 EL_PID=0.000 EL_FF=0.000
2026-04-20 14:24:00 [INFO] MONITOR az=350.325 el=30.150 AZ_ERR=0.000 EL_ERR=0.000 AZ_PID=0.000 EL_PID=0.000 EL_FF=0.000
2026-04-20 14:24:01 [INFO] MONITOR az=350.325 el=30.150 AZ_ERR=0.000 EL_ERR=0.000 AZ_PID=0.000 EL_PID=0.000 EL_FF=0.000
2026-04-20 14:24:02 [INFO] MONITOR az=350.325 el=30.150 AZ_ERR=0.000 EL_ERR=0.000 AZ_PID=0.000 EL_PID=0.000 EL_FF=0.000
2026-04-20 14:24:03 [INFO] MONITOR az=350.325 el=30.150 AZ_ERR=0.000 EL_ERR=0.000 AZ_PID=0.000 EL_PID=0.000 EL_FF=0.000
2026-04-20 14:24:04 [INFO] MONITOR az=350.325 el=30.150 AZ_ERR=0.000 EL_ERR=0.000 AZ_PID=0.000 EL_PID=0.000 EL_FF=0.000
2026-04-20 14:24:05 [INFO] MONITOR az=350.325 el=30.150 AZ_ERR=0.000 EL_ERR=0.000 AZ_PID=0.000 EL_PID=0.000 EL_FF=0.000
2026-04-20 14:24:06 [INFO] MONITOR az=350.325 el=30.150 AZ_ERR=0.000 EL_ERR=0.000 AZ_PID=0.000 EL_PID=0.000 EL_FF=0.000
2026-04-20 14:24:07 [INFO] MONITOR az=350.325 el=30.150 AZ_ERR=0.000 EL_ERR=0.000 AZ_PID=0.000 EL_PID=0.000 EL_FF=0.000
2026-04-20 14:24:08 [INFO] MONITOR az=350.325 el=30.150 AZ_ERR=0.000 EL_ERR=0.000 AZ_PID=0.000 EL_PID=0.000 EL_FF=0.000
2026-04-20 14:24:09 [INFO] MONITOR az=350.325 el=30.150 AZ_ERR=0.000 EL_ERR=0.000 AZ_PID=0.000 EL_PID=0.000 EL_FF=0.000
2026-04-20 14:24:10 [INFO] MONITOR az=350.325 el=30.150 AZ_ERR=0.000 EL_ERR=0.000 AZ_PID=0.000 EL_PID=0.000 EL_FF=0.000
2026-04-20 14:24:11 [INFO] MONITOR az=350.325 el=30.150 AZ_ERR=0.000 EL_ERR=0.000 AZ_PID=0.000 EL_PID=0.000 EL_FF=0.000
2026-04-20 14:24:12 [INFO] MONITOR az=350.325 el=30.150 AZ_ERR=0.000 EL_ERR=0.000 AZ_PID=0.000 EL_PID=0.000 EL_FF=0.000
2026-04-20 14:24:13 [INFO] MONITOR az=350.325 el=30.150 AZ_ERR=0.000 EL_ERR=0.000 AZ_PID=0.000 EL_PID=0.000 EL_FF=0.000
2026-04-20 14:24:14 [INFO] MONITOR az=350.325 el=30.150 AZ_ERR=0.000 EL_ERR=0.000 AZ_PID=0.000 EL_PID=0.000 EL_FF=0.000
2026-04-20 14:24:15 [INFO] MONITOR az=350.325 el=30.150 AZ_ERR=0.000 EL_ERR=0.000 AZ_PID=0.000 EL_PID=0.000 EL_FF=0.000
2026-04-20 14:24:16 [INFO] MONITOR az=350.325 el=30.150 AZ_ERR=0.000 EL_ERR=0.000 AZ_PID=0.000 EL_PID=0.000 EL_FF=0.000
2026-04-20 14:24:17 [INFO] MONITOR az=350.325 el=30.150 AZ_ERR=0.000 EL_ERR=0.000 AZ_PID=0.000 EL_PID=0.000 EL_FF=0.000
2026-04-20 14:24:18 [INFO] MONITOR az=350.325 el=30.150 AZ_ERR=0.000 EL_ERR=0.000 AZ_PID=0.000 EL_PID=0.000 EL_FF=0.000
2026-04-20 14:24:19 [INFO] MONITOR az=350.325 el=30.150 AZ_ERR=0.000 EL_ERR=0.000 AZ_PID=0.000 EL_PID=0.000 EL_FF=0.000
2026-04-20 14:24:20 [INFO] MONITOR az=350.325 el=30.150 AZ_ERR=0.000 EL_ERR=0.000 AZ_PID=0.000 EL_PID=0.000 EL_FF=0.000
2026-04-20 14:24:21 [INFO] MONITOR az=350.325 el=30.150 AZ_ERR=0.000 EL_ERR=0.000 AZ_PID=0.000 EL_PID=0.000 EL_FF=0.000
2026-04-20 14:24:22 [INFO] MONITOR az=350.325 el=30.150 AZ_ERR=0.000 EL_ERR=0.000 AZ_PID=0.000 EL_PID=0.000 EL_FF=0.000
2026-04-20 14:24:23 [INFO] MONITOR az=350.325 el=30.150 AZ_ERR=0.000 EL_ERR=0.000 AZ_PID=0.000 EL_PID=0.000 EL_FF=0.000
2026-04-20 14:24:24 [INFO] MONITOR az=350.325 el=30.150 AZ_ERR=0.000 EL_ERR=0.000 AZ_PID=0.000 EL_PID=0.000 EL_FF=0.000
2026-04-20 14:24:25 [INFO] MONITOR az=350.325 el=30.150 AZ_ERR=0.000 EL_ERR=0.000 AZ_PID=0.000 EL_PID=0.000 EL_FF=0.000
2026-04-20 14:24:26 [INFO] MONITOR az=350.325 el=30.150 AZ_ERR=0.000 EL_ERR=0.000 AZ_PID=0.000 EL_PID=0.000 EL_FF=0.000
2026-04-20 14:24:27 [INFO] MONITOR az=350.325 el=30.150 AZ_ERR=0.000 EL_ERR=0.000 AZ_PID=0.000 EL_PID=0.000 EL_FF=0.000
2026-04-20 14:24:28 [INFO] MONITOR az=350.325 el=30.150 AZ_ERR=0.000 EL_ERR=0.000 AZ_PID=0.000 EL_PID=0.000 EL_FF=0.000
2026-04-20 14:24:29 [INFO] MONITOR az=350.325 el=30.150 AZ_ERR=0.000 EL_ERR=0.000 AZ_PID=0.000 EL_PID=0.000 EL_FF=0.000
2026-04-20 14:24:30 [INFO] MONITOR az=350.325 el=30.150 AZ_ERR=0.000 EL_ERR=0.000 AZ_PID=0.000 EL_PID=0.000 EL_FF=0.000
2026-04-20 14:24:31 [INFO] MONITOR az=350.325 el=30.150 AZ_ERR=0.000 EL_ERR=0.000 AZ_PID=0.000 EL_PID=0.000 EL_FF=0.000
2026-04-20 14:24:32 [INFO] MONITOR az=350.325 el=30.150 AZ_ERR=0.000 EL_ERR=0.000 AZ_PID=0.000 EL_PID=0.000 EL_FF=0.000
2026-04-20 14:24:33 [INFO] MONITOR az=350.325 el=30.150 AZ_ERR=0.000 EL_ERR=0.000 AZ_PID=0.000 EL_PID=0.000 EL_FF=0.000
2026-04-20 14:24:34 [INFO] MONITOR az=350.325 el=30.150 AZ_ERR=0.000 EL_ERR=0.000 AZ_PID=0.000 EL_PID=0.000 EL_FF=0.000
2026-04-20 14:24:35 [INFO] MONITOR az=350.325 el=30.150 AZ_ERR=0.000 EL_ERR=0.000 AZ_PID=0.000 EL_PID=0.000 EL_FF=0.000
2026-04-20 14:24:36 [INFO] MONITOR az=350.325 el=30.150 AZ_ERR=0.000 EL_ERR=0.000 AZ_PID=0.000 EL_PID=0.000 EL_FF=0.000
2026-04-20 14:24:37 [INFO] MONITOR az=350.325 el=30.150 AZ_ERR=0.000 EL_ERR=0.000 AZ_PID=0.000 EL_PID=0.000 EL_FF=0.000
2026-04-20 14:24:38 [INFO] MONITOR az=350.325 el=30.150 AZ_ERR=0.000 EL_ERR=0.000 AZ_PID=0.000 EL_PID=0.000 EL_FF=0.000
2026-04-20 14:24:39 [INFO] MONITOR az=350.325 el=30.150 AZ_ERR=0.000 EL_ERR=0.000 AZ_PID=0.000 EL_PID=0.000 EL_FF=0.000
2026-04-20 14:24:40 [INFO] MONITOR az=350.325 el=30.150 AZ_ERR=0.000 EL_ERR=0.000 AZ_PID=0.000 EL_PID=0.000 EL_FF=0.000
2026-04-20 14:24:41 [INFO] MONITOR az=350.325 el=30.150 AZ_ERR=0.000 EL_ERR=0.000 AZ_PID=0.000 EL_PID=0.000 EL_FF=0.000
2026-04-20 14:24:42 [INFO] MONITOR az=350.325 el=30.150 AZ_ERR=0.000 EL_ERR=0.000 AZ_PID=0.000 EL_PID=0.000 EL_FF=0.000
2026-04-20 14:24:43 [INFO] MONITOR az=350.325 el=30.150 AZ_ERR=0.000 EL_ERR=0.000 AZ_PID=0.000 EL_PID=0.000 EL_FF=0.000
2026-04-20 14:24:44 [INFO] MONITOR az=350.325 el=30.150 AZ_ERR=0.000 EL_ERR=0.000 AZ_PID=0.000 EL_PID=0.000 EL_FF=0.000
2026-04-20 14:24:45 [INFO] MONITOR az=350.325 el=30.150 AZ_ERR=0.000 EL_ERR=0.000 AZ_PID=0.000 EL_PID=0.000 EL_FF=0.000
2026-04-20 14:24:46 [INFO] MONITOR az=350.325 el=30.150 AZ_ERR=0.000 EL_ERR=0.000 AZ_PID=0.000 EL_PID=0.000 EL_FF=0.000
2026-04-20 14:24:47 [INFO] MONITOR az=350.325 el=30.150 AZ_ERR=0.000 EL_ERR=0.000 AZ_PID=0.000 EL_PID=0.000 EL_FF=0.000
2026-04-20 14:24:48 [INFO] MONITOR az=350.325 el=30.150 AZ_ERR=0.000 EL_ERR=0.000 AZ_PID=0.000 EL_PID=0.000 EL_FF=0.000
2026-04-20 14:24:49 [INFO] MONITOR az=350.325 el=30.150 AZ_ERR=0.000 EL_ERR=0.000 AZ_PID=0.000 EL_PID=0.000 EL_FF=0.000
2026-04-20 14:24:50 [INFO] MONITOR az=350.325 el=30.150 AZ_ERR=0.000 EL_ERR=0.000 AZ_PID=0.000 EL_PID=0.000 EL_FF=0.000
2026-04-20 14:24:51 [INFO] MONITOR az=350.325 el=30.150 AZ_ERR=0.000 EL_ERR=0.000 AZ_PID=0.000 EL_PID=0.000 EL_FF=0.000
2026-04-20 14:24:52 [INFO] MONITOR az=350.325 el=30.150 AZ_ERR=0.000 EL_ERR=0.000 AZ_PID=0.000 EL_PID=0.000 EL_FF=0.000
2026-04-20 14:24:53 [INFO] MONITOR az=350.325 el=30.150 AZ_ERR=0.000 EL_ERR=0.000 AZ_PID=0.000 EL_PID=0.000 EL_FF=0.000
2026-04-20 14:24:54 [INFO] MONITOR az=350.325 el=30.150 AZ_ERR=0.000 EL_ERR=0.000 AZ_PID=0.000 EL_PID=0.000 EL_FF=0.000
2026-04-20 14:24:55 [INFO] MONITOR az=350.325 el=30.150 AZ_ERR=0.000 EL_ERR=0.000 AZ_PID=0.000 EL_PID=0.000 EL_FF=0.000
2026-04-20 14:24:56 [INFO] MONITOR az=350.325 el=30.150 AZ_ERR=0.000 EL_ERR=0.000 AZ_PID=0.000 EL_PID=0.000 EL_FF=0.000
2026-04-20 14:24:57 [INFO] MONITOR az=350.325 el=30.150 AZ_ERR=0.000 EL_ERR=0.000 AZ_PID=0.000 EL_PID=0.000 EL_FF=0.000
2026-04-20 14:24:58 [INFO] MONITOR az=350.325 el=30.150 AZ_ERR=0.000 EL_ERR=0.000 AZ_PID=0.000 EL_PID=0.000 EL_FF=0.000
2026-04-20 14:24:59 [INFO] MONITOR az=350.325 el=30.150 AZ_ERR=0.000 EL_ERR=0.000 AZ_PID=0.000 EL_PID=0.000 EL_FF=0.000
2026-04-20 14:25:00 [INFO] MONITOR az=350.325 el=30.150 AZ_ERR=0.000 EL_ERR=0.000 AZ_PID=0.000 EL_PID=0.000 EL_FF=0.000
2026-04-20 14:25:01 [INFO] MONITOR az=350.325 el=30.150 AZ_ERR=0.000 EL_ERR=0.000 AZ_PID=0.000 EL_PID=0.000 EL_FF=0.000
2026-04-20 14:25:02 [INFO] MONITOR az=350.325 el=30.150 AZ_ERR=0.000 EL_ERR=0.000 AZ_PID=0.000 EL_PID=0.000 EL_FF=0.000
2026-04-20 14:25:03 [INFO] MONITOR az=350.325 el=30.150 AZ_ERR=0.000 EL_ERR=0.000 AZ_PID=0.000 EL_PID=0.000 EL_FF=0.000
2026-04-20 14:25:04 [INFO] MONITOR az=350.325 el=30.150 AZ_ERR=0.000 EL_ERR=0.000 AZ_PID=0.000 EL_PID=0.000 EL_FF=0.000
2026-04-20 14:25:05 [INFO] MONITOR az=350.325 el=30.150 AZ_ERR=0.000 EL_ERR=0.000 AZ_PID=0.000 EL_PID=0.000 EL_FF=0.000
2026-04-20 14:25:06 [INFO] MONITOR az=350.325 el=30.150 AZ_ERR=0.000 EL_ERR=0.000 AZ_PID=0.000 EL_PID=0.000 EL_FF=0.000
2026-04-20 14:25:07 [INFO] MONITOR az=350.325 el=30.150 AZ_ERR=0.000 EL_ERR=0.000 AZ_PID=0.000 EL_PID=0.000 EL_FF=0.000
2026-04-20 14:25:08 [INFO] MONITOR az=350.325 el=30.150 AZ_ERR=0.000 EL_ERR=0.000 AZ_PID=0.000 EL_PID=0.000 EL_FF=0.000
2026-04-20 14:25:09 [INFO] MONITOR az=350.325 el=30.150 AZ_ERR=0.000 EL_ERR=0.000 AZ_PID=0.000 EL_PID=0.000 EL_FF=0.000
2026-04-20 14:25:10 [INFO] MONITOR az=350.325 el=30.150 AZ_ERR=0.000 EL_ERR=0.000 AZ_PID=0.000 EL_PID=0.000 EL_FF=0.000
2026-04-20 14:25:11 [INFO] MONITOR az=350.325 el=30.150 AZ_ERR=0.000 EL_ERR=0.000 AZ_PID=0.000 EL_PID=0.000 EL_FF=0.000
2026-04-20 14:25:12 [INFO] MONITOR az=350.325 el=30.150 AZ_ERR=0.000 EL_ERR=0.000 AZ_PID=0.000 EL_PID=0.000 EL_FF=0.000
2026-04-20 14:25:13 [INFO] MONITOR az=350.325 el=30.150 AZ_ERR=0.000 EL_ERR=0.000 AZ_PID=0.000 EL_PID=0.000 EL_FF=0.000
2026-04-20 14:25:14 [INFO] MONITOR az=350.325 el=30.150 AZ_ERR=0.000 EL_ERR=0.000 AZ_PID=0.000 EL_PID=0.000 EL_FF=0.000
2026-04-20 14:25:15 [INFO] MONITOR az=350.325 el=30.150 AZ_ERR=0.000 EL_ERR=0.000 AZ_PID=0.000 EL_PID=0.000 EL_FF=0.000
2026-04-20 14:25:16 [INFO] MONITOR az=350.325 el=30.150 AZ_ERR=0.000 EL_ERR=0.000 AZ_PID=0.000 EL_PID=0.000 EL_FF=0.000
2026-04-20 14:25:17 [INFO] MONITOR az=350.325 el=30.150 AZ_ERR=0.000 EL_ERR=0.000 AZ_PID=0.000 EL_PID=0.000 EL_FF=0.000
2026-04-20 14:25:18 [INFO] MONITOR az=350.325 el=30.150 AZ_ERR=0.000 EL_ERR=0.000 AZ_PID=0.000 EL_PID=0.000 EL_FF=0.000
2026-04-20 14:25:19 [INFO] MONITOR az=350.325 el=30.150 AZ_ERR=0.000 EL_ERR=0.000 AZ_PID=0.000 EL_PID=0.000 EL_FF=0.000
2026-04-20 14:25:20 [INFO] MONITOR az=350.325 el=30.150 AZ_ERR=0.000 EL_ERR=0.000 AZ_PID=0.000 EL_PID=0.000 EL_FF=0.000
2026-04-20 14:25:21 [INFO] MONITOR az=350.325 el=30.150 AZ_ERR=0.000 EL_ERR=0.000 AZ_PID=0.000 EL_PID=0.000 EL_FF=0.000
2026-04-20 14:25:22 [INFO] MONITOR az=350.325 el=30.150 AZ_ERR=0.000 EL_ERR=0.000 AZ_PID=0.000 EL_PID=0.000 EL_FF=0.000
2026-04-20 14:25:23 [INFO] MONITOR az=350.325 el=30.150 AZ_ERR=0.000 EL_ERR=0.000 AZ_PID=0.000 EL_PID=0.000 EL_FF=0.000
2026-04-20 14:25:24 [INFO] MONITOR az=350.325 el=30.150 AZ_ERR=0.000 EL_ERR=0.000 AZ_PID=0.000 EL_PID=0.000 EL_FF=0.000
2026-04-20 14:25:25 [INFO] MONITOR az=350.325 el=30.150 AZ_ERR=0.000 EL_ERR=0.000 AZ_PID=0.000 EL_PID=0.000 EL_FF=0.000
2026-04-20 14:25:26 [INFO] MONITOR az=350.325 el=30.150 AZ_ERR=0.000 EL_ERR=0.000 AZ_PID=0.000 EL_PID=0.000 EL_FF=0.000
2026-04-20 14:25:27 [INFO] MONITOR az=350.325 el=30.150 AZ_ERR=0.000 EL_ERR=0.000 AZ_PID=0.000 EL_PID=0.000 EL_FF=0.000
2026-04-20 14:25:28 [INFO] MONITOR az=350.325 el=30.150 AZ_ERR=0.000 EL_ERR=0.000 AZ_PID=0.000 EL_PID=0.000 EL_FF=0.000
2026-04-20 14:25:29 [INFO] MONITOR az=350.325 el=30.150 AZ_ERR=0.000 EL_ERR=0.000 AZ_PID=0.000 EL_PID=0.000 EL_FF=0.000
2026-04-20 14:25:30 [INFO] MONITOR az=350.325 el=30.150 AZ_ERR=0.000 EL_ERR=0.000 AZ_PID=0.000 EL_PID=0.000 EL_FF=0.000
2026-04-20 14:25:31 [INFO] MONITOR az=350.325 el=30.150 AZ_ERR=0.000 EL_ERR=0.000 AZ_PID=0.000 EL_PID=0.000 EL_FF=0.000
2026-04-20 14:25:32 [INFO] MONITOR az=350.325 el=30.150 AZ_ERR=0.000 EL_ERR=0.000 AZ_PID=0.000 EL_PID=0.000 EL_FF=0.000
2026-04-20 14:25:33 [INFO] MONITOR az=350.325 el=30.150 AZ_ERR=0.000 EL_ERR=0.000 AZ_PID=0.000 EL_PID=0.000 EL_FF=0.000
2026-04-20 14:25:34 [INFO] MONITOR az=350.325 el=30.150 AZ_ERR=0.000 EL_ERR=0.000 AZ_PID=0.000 EL_PID=0.000 EL_FF=0.000
2026-04-20 14:25:35 [INFO] MONITOR az=350.325 el=30.150 AZ_ERR=0.000 EL_ERR=0.000 AZ_PID=0.000 EL_PID=0.000 EL_FF=0.000
2026-04-20 14:25:36 [INFO] MONITOR az=350.325 el=30.150 AZ_ERR=0.000 EL_ERR=0.000 AZ_PID=0.000 EL_PID=0.000 EL_FF=0.000
2026-04-20 14:25:37 [INFO] MONITOR az=350.325 el=30.150 AZ_ERR=0.000 EL_ERR=0.000 AZ_PID=0.000 EL_PID=0.000 EL_FF=0.000
2026-04-20 14:25:38 [INFO] MONITOR az=350.325 el=30.150 AZ_ERR=0.000 EL_ERR=0.000 AZ_PID=0.000 EL_PID=0.000 EL_FF=0.000
2026-04-20 14:25:39 [INFO] MONITOR az=350.325 el=30.150 AZ_ERR=0.000 EL_ERR=0.000 AZ_PID=0.000 EL_PID=0.000 EL_FF=0.000
2026-04-20 14:25:40 [INFO] MONITOR az=350.325 el=30.150 AZ_ERR=0.000 EL_ERR=0.000 AZ_PID=0.000 EL_PID=0.000 EL_FF=0.000
2026-04-20 14:25:41 [INFO] MONITOR az=350.325 el=30.150 AZ_ERR=0.000 EL_ERR=0.000 AZ_PID=0.000 EL_PID=0.000 EL_FF=0.000
2026-04-20 14:25:42 [INFO] MONITOR az=350.325 el=30.150 AZ_ERR=0.000 EL_ERR=0.000 AZ_PID=0.000 EL_PID=0.000 EL_FF=0.000
2026-04-20 14:25:43 [INFO] MONITOR az=350.325 el=30.150 AZ_ERR=0.000 EL_ERR=0.000 AZ_PID=0.000 EL_PID=0.000 EL_FF=0.000
2026-04-20 14:25:44 [INFO] MONITOR az=350.325 el=30.150 AZ_ERR=0.000 EL_ERR=0.000 AZ_PID=0.000 EL_PID=0.000 EL_FF=0.000
2026-04-20 14:25:45 [INFO] MONITOR az=350.325 el=30.150 AZ_ERR=0.000 EL_ERR=0.000 AZ_PID=0.000 EL_PID=0.000 EL_FF=0.000
2026-04-20 14:25:46 [INFO] MONITOR az=350.325 el=30.150 AZ_ERR=0.000 EL_ERR=0.000 AZ_PID=0.000 EL_PID=0.000 EL_FF=0.000
2026-04-20 14:25:47 [INFO] MONITOR az=350.325 el=30.150 AZ_ERR=0.000 EL_ERR=0.000 AZ_PID=0.000 EL_PID=0.000 EL_FF=0.000
2026-04-20 14:25:49 [INFO] MONITOR az=350.325 el=30.150 AZ_ERR=0.000 EL_ERR=0.000 AZ_PID=0.000 EL_PID=0.000 EL_FF=0.000
2026-04-20 14:25:50 [INFO] MONITOR az=350.325 el=30.150 AZ_ERR=0.000 EL_ERR=0.000 AZ_PID=0.000 EL_PID=0.000 EL_FF=0.000
2026-04-20 14:25:51 [INFO] MONITOR az=350.325 el=30.150 AZ_ERR=0.000 EL_ERR=0.000 AZ_PID=0.000 EL_PID=0.000 EL_FF=0.000
2026-04-20 14:25:52 [INFO] MONITOR az=350.325 el=30.150 AZ_ERR=0.000 EL_ERR=0.000 AZ_PID=0.000 EL_PID=0.000 EL_FF=0.000
2026-04-20 14:25:53 [INFO] MONITOR az=350.325 el=30.150 AZ_ERR=0.000 EL_ERR=0.000 AZ_PID=0.000 EL_PID=0.000 EL_FF=0.000
2026-04-20 14:25:54 [INFO] MONITOR az=350.325 el=30.150 AZ_ERR=0.000 EL_ERR=0.000 AZ_PID=0.000 EL_PID=0.000 EL_FF=0.000
2026-04-20 14:25:55 [INFO] MONITOR az=350.325 el=30.150 AZ_ERR=0.000 EL_ERR=0.000 AZ_PID=0.000 EL_PID=0.000 EL_FF=0.000
2026-04-20 14:25:56 [INFO] MONITOR az=350.325 el=30.150 AZ_ERR=0.000 EL_ERR=0.000 AZ_PID=0.000 EL_PID=0.000 EL_FF=0.000
2026-04-20 14:25:57 [INFO] MONITOR az=350.325 el=30.150 AZ_ERR=0.000 EL_ERR=0.000 AZ_PID=0.000 EL_PID=0.000 EL_FF=0.000
2026-04-20 14:25:58 [INFO] MONITOR az=350.325 el=30.150 AZ_ERR=0.000 EL_ERR=0.000 AZ_PID=0.000 EL_PID=0.000 EL_FF=0.000
2026-04-20 14:25:59 [INFO] MONITOR az=350.325 el=30.150 AZ_ERR=0.000 EL_ERR=0.000 AZ_PID=0.000 EL_PID=0.000 EL_FF=0.000
2026-04-20 14:26:00 [INFO] MONITOR az=350.325 el=30.150 AZ_ERR=0.000 EL_ERR=0.000 AZ_PID=0.000 EL_PID=0.000 EL_FF=0.000
2026-04-20 14:26:01 [INFO] MONITOR az=350.325 el=30.150 AZ_ERR=0.000 EL_ERR=0.000 AZ_PID=0.000 EL_PID=0.000 EL_FF=0.000
2026-04-20 14:26:02 [INFO] MONITOR az=350.325 el=30.150 AZ_ERR=0.000 EL_ERR=0.000 AZ_PID=0.000 EL_PID=0.000 EL_FF=0.000
2026-04-20 14:26:03 [INFO] MONITOR az=350.325 el=30.150 AZ_ERR=0.000 EL_ERR=0.000 AZ_PID=0.000 EL_PID=0.000 EL_FF=0.000
2026-04-20 14:26:04 [INFO] MONITOR az=350.325 el=30.150 AZ_ERR=0.000 EL_ERR=0.000 AZ_PID=0.000 EL_PID=0.000 EL_FF=0.000
2026-04-20 14:26:05 [INFO] MONITOR az=350.325 el=30.150 AZ_ERR=0.000 EL_ERR=0.000 AZ_PID=0.000 EL_PID=0.000 EL_FF=0.000
2026-04-20 14:26:06 [INFO] MONITOR az=350.325 el=30.150 AZ_ERR=0.000 EL_ERR=0.000 AZ_PID=0.000 EL_PID=0.000 EL_FF=0.000
2026-04-20 14:26:07 [INFO] MONITOR az=350.325 el=30.150 AZ_ERR=0.000 EL_ERR=0.000 AZ_PID=0.000 EL_PID=0.000 EL_FF=0.000
2026-04-20 14:26:08 [INFO] MONITOR az=350.325 el=30.150 AZ_ERR=0.000 EL_ERR=0.000 AZ_PID=0.000 EL_PID=0.000 EL_FF=0.000
2026-04-20 14:26:09 [INFO] MONITOR az=350.325 el=30.150 AZ_ERR=0.000 EL_ERR=0.000 AZ_PID=0.000 EL_PID=0.000 EL_FF=0.000
2026-04-20 14:26:10 [INFO] MONITOR az=350.325 el=30.150 AZ_ERR=0.000 EL_ERR=0.000 AZ_PID=0.000 EL_PID=0.000 EL_FF=0.000
2026-04-20 14:26:11 [INFO] MONITOR az=350.325 el=30.150 AZ_ERR=0.000 EL_ERR=0.000 AZ_PID=0.000 EL_PID=0.000 EL_FF=0.000
2026-04-20 14:26:12 [INFO] MONITOR az=350.325 el=30.150 AZ_ERR=0.000 EL_ERR=0.000 AZ_PID=0.000 EL_PID=0.000 EL_FF=0.000
2026-04-20 14:26:13 [INFO] MONITOR az=350.325 el=30.150 AZ_ERR=0.000 EL_ERR=0.000 AZ_PID=0.000 EL_PID=0.000 EL_FF=0.000
2026-04-20 14:26:14 [INFO] MONITOR az=350.325 el=30.150 AZ_ERR=0.000 EL_ERR=0.000 AZ_PID=0.000 EL_PID=0.000 EL_FF=0.000
2026-04-20 14:26:15 [INFO] MONITOR az=350.325 el=30.150 AZ_ERR=0.000 EL_ERR=0.000 AZ_PID=0.000 EL_PID=0.000 EL_FF=0.000
2026-04-20 14:26:16 [INFO] MONITOR az=350.325 el=30.150 AZ_ERR=0.000 EL_ERR=0.000 AZ_PID=0.000 EL_PID=0.000 EL_FF=0.000
2026-04-20 14:26:17 [INFO] MONITOR az=350.325 el=30.150 AZ_ERR=0.000 EL_ERR=0.000 AZ_PID=0.000 EL_PID=0.000 EL_FF=0.000
2026-04-20 14:26:18 [INFO] MONITOR az=350.325 el=30.150 AZ_ERR=0.000 EL_ERR=0.000 AZ_PID=0.000 EL_PID=0.000 EL_FF=0.000
2026-04-20 14:26:19 [INFO] MONITOR az=350.325 el=30.150 AZ_ERR=0.000 EL_ERR=0.000 AZ_PID=0.000 EL_PID=0.000 EL_FF=0.000
2026-04-20 14:26:20 [INFO] MONITOR az=350.325 el=30.150 AZ_ERR=0.000 EL_ERR=0.000 AZ_PID=0.000 EL_PID=0.000 EL_FF=0.000
2026-04-20 14:26:21 [INFO] MONITOR az=350.325 el=30.150 AZ_ERR=0.000 EL_ERR=0.000 AZ_PID=0.000 EL_PID=0.000 EL_FF=0.000
2026-04-20 14:26:22 [INFO] MONITOR az=350.325 el=30.150 AZ_ERR=0.000 EL_ERR=0.000 AZ_PID=0.000 EL_PID=0.000 EL_FF=0.000
2026-04-20 14:26:23 [INFO] MONITOR az=350.325 el=30.150 AZ_ERR=0.000 EL_ERR=0.000 AZ_PID=0.000 EL_PID=0.000 EL_FF=0.000
2026-04-20 14:26:24 [INFO] MONITOR az=350.325 el=30.150 AZ_ERR=0.000 EL_ERR=0.000 AZ_PID=0.000 EL_PID=0.000 EL_FF=0.000
2026-04-20 14:26:25 [INFO] MONITOR az=350.325 el=30.150 AZ_ERR=0.000 EL_ERR=0.000 AZ_PID=0.000 EL_PID=0.000 EL_FF=0.000
2026-04-20 14:26:26 [INFO] MONITOR az=350.325 el=30.150 AZ_ERR=0.000 EL_ERR=0.000 AZ_PID=0.000 EL_PID=0.000 EL_FF=0.000
2026-04-20 14:26:27 [INFO] MONITOR az=350.325 el=30.150 AZ_ERR=0.000 EL_ERR=0.000 AZ_PID=0.000 EL_PID=0.000 EL_FF=0.000
2026-04-20 14:26:28 [INFO] MONITOR az=350.325 el=30.150 AZ_ERR=0.000 EL_ERR=0.000 AZ_PID=0.000 EL_PID=0.000 EL_FF=0.000
2026-04-20 14:26:29 [INFO] MONITOR az=350.325 el=30.150 AZ_ERR=0.000 EL_ERR=0.000 AZ_PID=0.000 EL_PID=0.000 EL_FF=0.000
2026-04-20 14:26:30 [INFO] MONITOR az=350.325 el=30.150 AZ_ERR=0.000 EL_ERR=0.000 AZ_PID=0.000 EL_PID=0.000 EL_FF=0.000
2026-04-20 14:26:31 [INFO] MONITOR az=350.325 el=30.150 AZ_ERR=0.000 EL_ERR=0.000 AZ_PID=0.000 EL_PID=0.000 EL_FF=0.000
2026-04-20 14:26:32 [INFO] MONITOR az=350.325 el=30.150 AZ_ERR=0.000 EL_ERR=0.000 AZ_PID=0.000 EL_PID=0.000 EL_FF=0.000
2026-04-20 14:26:33 [INFO] MONITOR az=350.325 el=30.150 AZ_ERR=0.000 EL_ERR=0.000 AZ_PID=0.000 EL_PID=0.000 EL_FF=0.000
2026-04-20 14:26:34 [INFO] MONITOR az=350.325 el=30.150 AZ_ERR=0.000 EL_ERR=0.000 AZ_PID=0.000 EL_PID=0.000 EL_FF=0.000
2026-04-20 14:26:35 [INFO] MONITOR az=350.325 el=30.150 AZ_ERR=0.000 EL_ERR=0.000 AZ_PID=0.000 EL_PID=0.000 EL_FF=0.000
2026-04-20 14:26:36 [INFO] MONITOR az=350.325 el=30.150 AZ_ERR=0.000 EL_ERR=0.000 AZ_PID=0.000 EL_PID=0.000 EL_FF=0.000
2026-04-20 14:26:37 [INFO] MONITOR az=350.325 el=30.150 AZ_ERR=0.000 EL_ERR=0.000 AZ_PID=0.000 EL_PID=0.000 EL_FF=0.000
2026-04-20 14:26:38 [INFO] MONITOR az=350.325 el=30.150 AZ_ERR=0.000 EL_ERR=0.000 AZ_PID=0.000 EL_PID=0.000 EL_FF=0.000
2026-04-20 14:26:39 [INFO] MONITOR az=350.325 el=30.150 AZ_ERR=0.000 EL_ERR=0.000 AZ_PID=0.000 EL_PID=0.000 EL_FF=0.000
2026-04-20 14:26:40 [INFO] MONITOR az=350.325 el=30.150 AZ_ERR=0.000 EL_ERR=0.000 AZ_PID=0.000 EL_PID=0.000 EL_FF=0.000
2026-04-20 14:26:41 [INFO] MONITOR az=350.325 el=30.150 AZ_ERR=0.000 EL_ERR=0.000 AZ_PID=0.000 EL_PID=0.000 EL_FF=0.000
2026-04-20 14:26:42 [INFO] MONITOR az=350.325 el=30.150 AZ_ERR=0.000 EL_ERR=0.000 AZ_PID=0.000 EL_PID=0.000 EL_FF=0.000
2026-04-20 14:26:43 [INFO] MONITOR az=350.325 el=30.150 AZ_ERR=0.000 EL_ERR=0.000 AZ_PID=0.000 EL_PID=0.000 EL_FF=0.000
2026-04-20 14:26:44 [INFO] MONITOR az=350.325 el=30.150 AZ_ERR=0.000 EL_ERR=0.000 AZ_PID=0.000 EL_PID=0.000 EL_FF=0.000
2026-04-20 14:26:45 [INFO] MONITOR az=350.325 el=30.150 AZ_ERR=0.000 EL_ERR=0.000 AZ_PID=0.000 EL_PID=0.000 EL_FF=0.000
2026-04-20 14:26:46 [INFO] MONITOR az=350.325 el=30.150 AZ_ERR=0.000 EL_ERR=0.000 AZ_PID=0.000 EL_PID=0.000 EL_FF=0.000
2026-04-20 14:26:47 [INFO] MONITOR az=350.325 el=30.150 AZ_ERR=0.000 EL_ERR=0.000 AZ_PID=0.000 EL_PID=0.000 EL_FF=0.000
2026-04-20 14:26:48 [INFO] MONITOR az=350.325 el=30.150 AZ_ERR=0.000 EL_ERR=0.000 AZ_PID=0.000 EL_PID=0.000 EL_FF=0.000
2026-04-20 14:26:49 [INFO] MONITOR az=350.325 el=30.150 AZ_ERR=0.000 EL_ERR=0.000 AZ_PID=0.000 EL_PID=0.000 EL_FF=0.000
2026-04-20 14:26:50 [INFO] MONITOR az=350.325 el=30.150 AZ_ERR=0.000 EL_ERR=0.000 AZ_PID=0.000 EL_PID=0.000 EL_FF=0.000
2026-04-20 14:26:51 [INFO] MONITOR az=350.325 el=30.150 AZ_ERR=0.000 EL_ERR=0.000 AZ_PID=0.000 EL_PID=0.000 EL_FF=0.000
2026-04-20 14:26:52 [INFO] MONITOR az=350.325 el=30.150 AZ_ERR=0.000 EL_ERR=0.000 AZ_PID=0.000 EL_PID=0.000 EL_FF=0.000
2026-04-20 14:26:53 [INFO] MONITOR az=350.325 el=30.150 AZ_ERR=0.000 EL_ERR=0.000 AZ_PID=0.000 EL_PID=0.000 EL_FF=0.000
2026-04-20 14:26:54 [INFO] MONITOR az=350.325 el=30.150 AZ_ERR=0.000 EL_ERR=0.000 AZ_PID=0.000 EL_PID=0.000 EL_FF=0.000
2026-04-20 14:26:55 [INFO] MONITOR az=350.325 el=30.150 AZ_ERR=0.000 EL_ERR=0.000 AZ_PID=0.000 EL_PID=0.000 EL_FF=0.000
2026-04-20 14:26:56 [INFO] MONITOR az=350.325 el=30.150 AZ_ERR=0.000 EL_ERR=0.000 AZ_PID=0.000 EL_PID=0.000 EL_FF=0.000
2026-04-20 14:26:57 [INFO] MONITOR az=350.325 el=30.150 AZ_ERR=0.000 EL_ERR=0.000 AZ_PID=0.000 EL_PID=0.000 EL_FF=0.000
2026-04-20 14:26:58 [INFO] MONITOR az=350.325 el=30.150 AZ_ERR=0.000 EL_ERR=0.000 AZ_PID=0.000 EL_PID=0.000 EL_FF=0.000
2026-04-20 14:26:59 [INFO] MONITOR az=350.325 el=30.150 AZ_ERR=0.000 EL_ERR=0.000 AZ_PID=0.000 EL_PID=0.000 EL_FF=0.000
2026-04-20 14:27:00 [INFO] MONITOR az=350.325 el=30.150 AZ_ERR=0.000 EL_ERR=0.000 AZ_PID=0.000 EL_PID=0.000 EL_FF=0.000
2026-04-20 14:27:01 [INFO] MONITOR az=350.325 el=30.150 AZ_ERR=0.000 EL_ERR=0.000 AZ_PID=0.000 EL_PID=0.000 EL_FF=0.000
2026-04-20 14:27:02 [INFO] MONITOR az=350.325 el=30.150 AZ_ERR=0.000 EL_ERR=0.000 AZ_PID=0.000 EL_PID=0.000 EL_FF=0.000
2026-04-20 14:27:03 [INFO] MONITOR az=350.325 el=30.150 AZ_ERR=0.000 EL_ERR=0.000 AZ_PID=0.000 EL_PID=0.000 EL_FF=0.000
2026-04-20 14:27:04 [INFO] MONITOR az=350.325 el=30.150 AZ_ERR=0.000 EL_ERR=0.000 AZ_PID=0.000 EL_PID=0.000 EL_FF=0.000
2026-04-20 14:27:05 [INFO] MONITOR az=350.325 el=30.150 AZ_ERR=0.000 EL_ERR=0.000 AZ_PID=0.000 EL_PID=0.000 EL_FF=0.000
2026-04-20 14:27:06 [INFO] MONITOR az=350.325 el=30.150 AZ_ERR=0.000 EL_ERR=0.000 AZ_PID=0.000 EL_PID=0.000 EL_FF=0.000
2026-04-20 14:27:07 [INFO] MONITOR az=350.325 el=30.150 AZ_ERR=0.000 EL_ERR=0.000 AZ_PID=0.000 EL_PID=0.000 EL_FF=0.000
2026-04-20 14:27:08 [INFO] MONITOR az=350.325 el=30.150 AZ_ERR=0.000 EL_ERR=0.000 AZ_PID=0.000 EL_PID=0.000 EL_FF=0.000
2026-04-20 14:27:09 [INFO] MONITOR az=350.325 el=30.150 AZ_ERR=0.000 EL_ERR=0.000 AZ_PID=0.000 EL_PID=0.000 EL_FF=0.000
2026-04-20 14:27:10 [INFO] MONITOR az=350.325 el=30.150 AZ_ERR=0.000 EL_ERR=0.000 AZ_PID=0.000 EL_PID=0.000 EL_FF=0.000
2026-04-20 14:27:11 [INFO] MONITOR az=350.325 el=30.150 AZ_ERR=0.000 EL_ERR=0.000 AZ_PID=0.000 EL_PID=0.000 EL_FF=0.000
2026-04-20 14:27:12 [INFO] MONITOR az=350.325 el=30.150 AZ_ERR=0.000 EL_ERR=0.000 AZ_PID=0.000 EL_PID=0.000 EL_FF=0.000
2026-04-20 14:27:13 [INFO] MONITOR az=350.325 el=30.150 AZ_ERR=0.000 EL_ERR=0.000 AZ_PID=0.000 EL_PID=0.000 EL_FF=0.000
2026-04-20 14:27:14 [INFO] MONITOR az=350.325 el=30.150 AZ_ERR=0.000 EL_ERR=0.000 AZ_PID=0.000 EL_PID=0.000 EL_FF=0.000
2026-04-20 14:27:15 [INFO] MONITOR az=350.325 el=30.150 AZ_ERR=0.000 EL_ERR=0.000 AZ_PID=0.000 EL_PID=0.000 EL_FF=0.000
2026-04-20 14:27:16 [INFO] MONITOR az=350.325 el=30.150 AZ_ERR=0.000 EL_ERR=0.000 AZ_PID=0.000 EL_PID=0.000 EL_FF=0.000
2026-04-20 14:27:17 [INFO] MONITOR az=350.325 el=30.150 AZ_ERR=0.000 EL_ERR=0.000 AZ_PID=0.000 EL_PID=0.000 EL_FF=0.000
2026-04-20 14:27:18 [INFO] MONITOR az=350.325 el=30.150 AZ_ERR=0.000 EL_ERR=0.000 AZ_PID=0.000 EL_PID=0.000 EL_FF=0.000
2026-04-20 14:27:19 [INFO] MONITOR az=350.325 el=30.150 AZ_ERR=0.000 EL_ERR=0.000 AZ_PID=0.000 EL_PID=0.000 EL_FF=0.000
2026-04-20 14:27:20 [INFO] MONITOR az=350.325 el=30.150 AZ_ERR=0.000 EL_ERR=0.000 AZ_PID=0.000 EL_PID=0.000 EL_FF=0.000
2026-04-20 14:27:21 [INFO] MONITOR az=350.325 el=30.150 AZ_ERR=0.000 EL_ERR=0.000 AZ_PID=0.000 EL_PID=0.000 EL_FF=0.000
2026-04-20 14:27:22 [INFO] MONITOR az=350.325 el=30.150 AZ_ERR=0.000 EL_ERR=0.000 AZ_PID=0.000 EL_PID=0.000 EL_FF=0.000
2026-04-20 14:27:23 [INFO] MONITOR az=350.325 el=30.150 AZ_ERR=0.000 EL_ERR=0.000 AZ_PID=0.000 EL_PID=0.000 EL_FF=0.000
2026-04-20 14:27:24 [INFO] MONITOR az=350.325 el=30.150 AZ_ERR=0.000 EL_ERR=0.000 AZ_PID=0.000 EL_PID=0.000 EL_FF=0.000
2026-04-20 14:27:25 [INFO] MONITOR az=350.325 el=30.150 AZ_ERR=0.000 EL_ERR=0.000 AZ_PID=0.000 EL_PID=0.000 EL_FF=0.000
2026-04-20 14:27:26 [INFO] MONITOR az=350.325 el=30.150 AZ_ERR=0.000 EL_ERR=0.000 AZ_PID=0.000 EL_PID=0.000 EL_FF=0.000
2026-04-20 14:27:27 [INFO] MONITOR az=350.325 el=30.150 AZ_ERR=0.000 EL_ERR=0.000 AZ_PID=0.000 EL_PID=0.000 EL_FF=0.000
2026-04-20 14:27:28 [INFO] MONITOR az=350.325 el=30.150 AZ_ERR=0.000 EL_ERR=0.000 AZ_PID=0.000 EL_PID=0.000 EL_FF=0.000
2026-04-20 14:27:29 [INFO] MONITOR az=350.325 el=30.150 AZ_ERR=0.000 EL_ERR=0.000 AZ_PID=0.000 EL_PID=0.000 EL_FF=0.000
2026-04-20 14:27:30 [INFO] MONITOR az=350.325 el=30.150 AZ_ERR=0.000 EL_ERR=0.000 AZ_PID=0.000 EL_PID=0.000 EL_FF=0.000
2026-04-20 14:27:31 [INFO] MONITOR az=350.325 el=30.150 AZ_ERR=0.000 EL_ERR=0.000 AZ_PID=0.000 EL_PID=0.000 EL_FF=0.000
2026-04-20 14:27:32 [INFO] MONITOR az=350.325 el=30.150 AZ_ERR=0.000 EL_ERR=0.000 AZ_PID=0.000 EL_PID=0.000 EL_FF=0.000
2026-04-20 14:27:33 [INFO] MONITOR az=350.325 el=30.150 AZ_ERR=0.000 EL_ERR=0.000 AZ_PID=0.000 EL_PID=0.000 EL_FF=0.000
2026-04-20 14:27:34 [INFO] MONITOR az=350.325 el=30.150 AZ_ERR=0.000 EL_ERR=0.000 AZ_PID=0.000 EL_PID=0.000 EL_FF=0.000
2026-04-20 14:27:35 [INFO] MONITOR az=350.325 el=30.150 AZ_ERR=0.000 EL_ERR=0.000 AZ_PID=0.000 EL_PID=0.000 EL_FF=0.000
2026-04-20 14:27:36 [INFO] MONITOR az=350.325 el=30.150 AZ_ERR=0.000 EL_ERR=0.000 AZ_PID=0.000 EL_PID=0.000 EL_FF=0.000
2026-04-20 14:27:37 [INFO] MONITOR az=350.325 el=30.150 AZ_ERR=0.000 EL_ERR=0.000 AZ_PID=0.000 EL_PID=0.000 EL_FF=0.000
2026-04-20 14:27:38 [INFO] MONITOR az=350.325 el=30.150 AZ_ERR=0.000 EL_ERR=0.000 AZ_PID=0.000 EL_PID=0.000 EL_FF=0.000
2026-04-20 14:27:39 [INFO] MONITOR az=350.325 el=30.150 AZ_ERR=0.000 EL_ERR=0.000 AZ_PID=0.000 EL_PID=0.000 EL_FF=0.000
2026-04-20 14:27:40 [INFO] MONITOR az=350.325 el=30.150 AZ_ERR=0.000 EL_ERR=0.000 AZ_PID=0.000 EL_PID=0.000 EL_FF=0.000
2026-04-20 14:27:41 [INFO] MONITOR az=350.325 el=30.150 AZ_ERR=0.000 EL_ERR=0.000 AZ_PID=0.000 EL_PID=0.000 EL_FF=0.000
2026-04-20 14:27:42 [INFO] MONITOR az=350.325 el=30.150 AZ_ERR=0.000 EL_ERR=0.000 AZ_PID=0.000 EL_PID=0.000 EL_FF=0.000
2026-04-20 14:27:43 [INFO] MONITOR az=350.325 el=30.150 AZ_ERR=0.000 EL_ERR=0.000 AZ_PID=0.000 EL_PID=0.000 EL_FF=0.000
2026-04-20 14:27:44 [INFO] MONITOR az=350.325 el=30.150 AZ_ERR=0.000 EL_ERR=0.000 AZ_PID=0.000 EL_PID=0.000 EL_FF=0.000
2026-04-20 14:27:45 [INFO] MONITOR az=350.325 el=30.150 AZ_ERR=0.000 EL_ERR=0.000 AZ_PID=0.000 EL_PID=0.000 EL_FF=0.000
2026-04-20 14:27:46 [INFO] MONITOR az=350.325 el=30.150 AZ_ERR=0.000 EL_ERR=0.000 AZ_PID=0.000 EL_PID=0.000 EL_FF=0.000
2026-04-20 14:27:47 [INFO] MONITOR az=350.325 el=30.150 AZ_ERR=0.000 EL_ERR=0.000 AZ_PID=0.000 EL_PID=0.000 EL_FF=0.000
2026-04-20 14:27:48 [INFO] MONITOR az=350.325 el=30.150 AZ_ERR=0.000 EL_ERR=0.000 AZ_PID=0.000 EL_PID=0.000 EL_FF=0.000
2026-04-20 14:27:49 [INFO] MONITOR az=350.325 el=30.150 AZ_ERR=0.000 EL_ERR=0.000 AZ_PID=0.000 EL_PID=0.000 EL_FF=0.000
2026-04-20 14:27:50 [INFO] MONITOR az=350.325 el=30.150 AZ_ERR=0.000 EL_ERR=0.000 AZ_PID=0.000 EL_PID=0.000 EL_FF=0.000
2026-04-20 14:27:51 [INFO] MONITOR az=350.325 el=30.150 AZ_ERR=0.000 EL_ERR=0.000 AZ_PID=0.000 EL_PID=0.000 EL_FF=0.000
2026-04-20 14:27:52 [INFO] MONITOR az=350.325 el=30.150 AZ_ERR=0.000 EL_ERR=0.000 AZ_PID=0.000 EL_PID=0.000 EL_FF=0.000
2026-04-20 14:27:53 [INFO] MONITOR az=350.325 el=30.150 AZ_ERR=0.000 EL_ERR=0.000 AZ_PID=0.000 EL_PID=0.000 EL_FF=0.000
2026-04-20 14:27:54 [INFO] MONITOR az=350.325 el=30.150 AZ_ERR=0.000 EL_ERR=0.000 AZ_PID=0.000 EL_PID=0.000 EL_FF=0.000
2026-04-20 14:27:55 [INFO] MONITOR az=350.325 el=30.150 AZ_ERR=0.000 EL_ERR=0.000 AZ_PID=0.000 EL_PID=0.000 EL_FF=0.000
2026-04-20 14:27:56 [INFO] MONITOR az=350.325 el=30.150 AZ_ERR=0.000 EL_ERR=0.000 AZ_PID=0.000 EL_PID=0.000 EL_FF=0.000
2026-04-20 14:27:57 [INFO] MONITOR az=350.325 el=30.150 AZ_ERR=0.000 EL_ERR=0.000 AZ_PID=0.000 EL_PID=0.000 EL_FF=0.000
2026-04-20 14:27:58 [INFO] MONITOR az=350.325 el=30.150 AZ_ERR=0.000 EL_ERR=0.000 AZ_PID=0.000 EL_PID=0.000 EL_FF=0.000
2026-04-20 14:27:59 [INFO] MONITOR az=350.325 el=30.150 AZ_ERR=0.000 EL_ERR=0.000 AZ_PID=0.000 EL_PID=0.000 EL_FF=0.000
2026-04-20 14:28:00 [INFO] MONITOR az=350.325 el=30.150 AZ_ERR=0.000 EL_ERR=0.000 AZ_PID=0.000 EL_PID=0.000 EL_FF=0.000
2026-04-20 14:28:01 [INFO] MONITOR az=350.325 el=30.150 AZ_ERR=0.000 EL_ERR=0.000 AZ_PID=0.000 EL_PID=0.000 EL_FF=0.000
2026-04-20 14:28:02 [INFO] MONITOR az=350.325 el=30.150 AZ_ERR=0.000 EL_ERR=0.000 AZ_PID=0.000 EL_PID=0.000 EL_FF=0.000
2026-04-20 14:28:03 [INFO] MONITOR az=350.325 el=30.150 AZ_ERR=0.000 EL_ERR=0.000 AZ_PID=0.000 EL_PID=0.000 EL_FF=0.000
2026-04-20 14:28:04 [INFO] MONITOR az=350.325 el=30.150 AZ_ERR=0.000 EL_ERR=0.000 AZ_PID=0.000 EL_PID=0.000 EL_FF=0.000
2026-04-20 14:28:05 [INFO] MONITOR az=350.325 el=30.150 AZ_ERR=0.000 EL_ERR=0.000 AZ_PID=0.000 EL_PID=0.000 EL_FF=0.000
2026-04-20 14:28:06 [INFO] MONITOR az=350.325 el=30.150 AZ_ERR=0.000 EL_ERR=0.000 AZ_PID=0.000 EL_PID=0.000 EL_FF=0.000
2026-04-20 14:28:07 [INFO] MONITOR az=350.325 el=30.150 AZ_ERR=0.000 EL_ERR=0.000 AZ_PID=0.000 EL_PID=0.000 EL_FF=0.000
2026-04-20 14:29:36 [INFO] MONITOR az=350.325 el=30.150 AZ_ERR=0.000 EL_ERR=0.000 AZ_PID=0.000 EL_PID=0.000 EL_FF=0.000
2026-04-20 14:29:37 [INFO] MONITOR az=350.325 el=30.150 AZ_ERR=0.000 EL_ERR=0.000 AZ_PID=0.000 EL_PID=0.000 EL_FF=0.000
2026-04-20 14:29:38 [INFO] MONITOR az=350.325 el=30.150 AZ_ERR=0.000 EL_ERR=0.000 AZ_PID=0.000 EL_PID=0.000 EL_FF=0.000
2026-04-20 14:29:39 [INFO] MONITOR az=350.325 el=30.150 AZ_ERR=0.000 EL_ERR=0.000 AZ_PID=0.000 EL_PID=0.000 EL_FF=0.000
2026-04-20 14:29:40 [INFO] MONITOR az=350.325 el=30.150 AZ_ERR=0.000 EL_ERR=0.000 AZ_PID=0.000 EL_PID=0.000 EL_FF=0.000
2026-04-20 14:29:41 [INFO] MONITOR az=350.325 el=30.150 AZ_ERR=0.000 EL_ERR=0.000 AZ_PID=0.000 EL_PID=0.000 EL_FF=0.000
2026-04-20 14:29:42 [INFO] MONITOR az=350.325 el=30.150 AZ_ERR=0.000 EL_ERR=0.000 AZ_PID=0.000 EL_PID=0.000 EL_FF=0.000
2026-04-20 14:29:43 [INFO] MONITOR az=350.325 el=30.150 AZ_ERR=0.000 EL_ERR=0.000 AZ_PID=0.000 EL_PID=0.000 EL_FF=0.000
2026-04-20 14:29:44 [INFO] MONITOR az=350.325 el=30.150 AZ_ERR=0.000 EL_ERR=0.000 AZ_PID=0.000 EL_PID=0.000 EL_FF=0.000
2026-04-20 14:29:45 [INFO] MONITOR az=350.325 el=30.150 AZ_ERR=0.000 EL_ERR=0.000 AZ_PID=0.000 EL_PID=0.000 EL_FF=0.000
2026-04-20 14:29:46 [INFO] MONITOR az=350.325 el=30.150 AZ_ERR=0.000 EL_ERR=0.000 AZ_PID=0.000 EL_PID=0.000 EL_FF=0.000
2026-04-20 14:29:47 [INFO] MONITOR az=350.325 el=30.150 AZ_ERR=0.000 EL_ERR=0.000 AZ_PID=0.000 EL_PID=0.000 EL_FF=0.000
2026-04-20 14:29:48 [INFO] MONITOR az=350.325 el=30.150 AZ_ERR=0.000 EL_ERR=0.000 AZ_PID=0.000 EL_PID=0.000 EL_FF=0.000
2026-04-20 14:29:49 [INFO] MONITOR az=350.325 el=30.150 AZ_ERR=0.000 EL_ERR=0.000 AZ_PID=0.000 EL_PID=0.000 EL_FF=0.000
2026-04-20 14:29:50 [INFO] MONITOR az=350.325 el=30.150 AZ_ERR=0.000 EL_ERR=0.000 AZ_PID=0.000 EL_PID=0.000 EL_FF=0.000
2026-04-20 14:29:51 [INFO] MONITOR az=350.325 el=30.150 AZ_ERR=0.000 EL_ERR=0.000 AZ_PID=0.000 EL_PID=0.000 EL_FF=0.000
2026-04-20 14:29:52 [INFO] MONITOR az=350.325 el=30.150 AZ_ERR=0.000 EL_ERR=0.000 AZ_PID=0.000 EL_PID=0.000 EL_FF=0.000
2026-04-20 14:29:53 [INFO] MONITOR az=350.325 el=30.150 AZ_ERR=0.000 EL_ERR=0.000 AZ_PID=0.000 EL_PID=0.000 EL_FF=0.000
2026-04-20 14:29:54 [INFO] MONITOR az=350.325 el=30.150 AZ_ERR=0.000 EL_ERR=0.000 AZ_PID=0.000 EL_PID=0.000 EL_FF=0.000
2026-04-20 14:29:55 [INFO] MONITOR az=350.325 el=30.150 AZ_ERR=0.000 EL_ERR=0.000 AZ_PID=0.000 EL_PID=0.000 EL_FF=0.000
2026-04-20 14:29:56 [INFO] MONITOR az=350.325 el=30.150 AZ_ERR=0.000 EL_ERR=0.000 AZ_PID=0.000 EL_PID=0.000 EL_FF=0.000
2026-04-20 14:29:57 [INFO] MONITOR az=350.325 el=30.150 AZ_ERR=0.000 EL_ERR=0.000 AZ_PID=0.000 EL_PID=0.000 EL_FF=0.000
2026-04-20 14:29:58 [INFO] MONITOR az=350.325 el=30.150 AZ_ERR=0.000 EL_ERR=0.000 AZ_PID=0.000 EL_PID=0.000 EL_FF=0.000
2026-04-20 14:29:59 [INFO] MONITOR az=350.325 el=30.150 AZ_ERR=0.000 EL_ERR=0.000 AZ_PID=0.000 EL_PID=0.000 EL_FF=0.000
2026-04-20 14:30:00 [INFO] MONITOR az=350.325 el=30.150 AZ_ERR=0.000 EL_ERR=0.000 AZ_PID=0.000 EL_PID=0.000 EL_FF=0.000
2026-04-20 14:30:01 [INFO] MONITOR az=350.325 el=30.150 AZ_ERR=0.000 EL_ERR=0.000 AZ_PID=0.000 EL_PID=0.000 EL_FF=0.000
2026-04-20 14:30:02 [INFO] MONITOR az=350.325 el=30.150 AZ_ERR=0.000 EL_ERR=0.000 AZ_PID=0.000 EL_PID=0.000 EL_FF=0.000
2026-04-20 14:30:03 [INFO] MONITOR az=350.325 el=30.150 AZ_ERR=0.000 EL_ERR=0.000 AZ_PID=0.000 EL_PID=0.000 EL_FF=0.000
2026-04-20 14:30:04 [INFO] MONITOR az=350.325 el=30.150 AZ_ERR=0.000 EL_ERR=0.000 AZ_PID=0.000 EL_PID=0.000 EL_FF=0.000
2026-04-20 14:30:05 [INFO] MONITOR az=350.325 el=30.150 AZ_ERR=0.000 EL_ERR=0.000 AZ_PID=0.000 EL_PID=0.000 EL_FF=0.000
2026-04-20 14:30:06 [INFO] MONITOR az=350.325 el=30.150 AZ_ERR=0.000 EL_ERR=0.000 AZ_PID=0.000 EL_PID=0.000 EL_FF=0.000
2026-04-20 14:30:07 [INFO] MONITOR az=350.325 el=30.150 AZ_ERR=0.000 EL_ERR=0.000 AZ_PID=0.000 EL_PID=0.000 EL_FF=0.000
2026-04-20 14:30:08 [INFO] MONITOR az=350.325 el=30.150 AZ_ERR=0.000 EL_ERR=0.000 AZ_PID=0.000 EL_PID=0.000 EL_FF=0.000
2026-04-20 14:30:09 [INFO] MONITOR az=350.325 el=30.150 AZ_ERR=0.000 EL_ERR=0.000 AZ_PID=0.000 EL_PID=0.000 EL_FF=0.000
2026-04-20 14:30:10 [INFO] MONITOR az=350.325 el=30.150 AZ_ERR=0.000 EL_ERR=0.000 AZ_PID=0.000 EL_PID=0.000 EL_FF=0.000
2026-04-20 14:30:11 [INFO] MONITOR az=350.325 el=30.150 AZ_ERR=0.000 EL_ERR=0.000 AZ_PID=0.000 EL_PID=0.000 EL_FF=0.000
2026-04-20 14:30:12 [INFO] MONITOR az=350.325 el=30.150 AZ_ERR=0.000 EL_ERR=0.000 AZ_PID=0.000 EL_PID=0.000 EL_FF=0.000
2026-04-20 14:30:13 [INFO] MONITOR az=350.325 el=30.150 AZ_ERR=0.000 EL_ERR=0.000 AZ_PID=0.000 EL_PID=0.000 EL_FF=0.000
2026-04-20 14:30:14 [INFO] MONITOR az=350.325 el=30.150 AZ_ERR=0.000 EL_ERR=0.000 AZ_PID=0.000 EL_PID=0.000 EL_FF=0.000
2026-04-20 14:30:15 [INFO] MONITOR az=350.325 el=30.150 AZ_ERR=0.000 EL_ERR=0.000 AZ_PID=0.000 EL_PID=0.000 EL_FF=0.000
2026-04-20 14:30:16 [INFO] MONITOR az=350.325 el=30.150 AZ_ERR=0.000 EL_ERR=0.000 AZ_PID=0.000 EL_PID=0.000 EL_FF=0.000
2026-04-20 14:30:17 [INFO] MONITOR az=350.325 el=30.150 AZ_ERR=0.000 EL_ERR=0.000 AZ_PID=0.000 EL_PID=0.000 EL_FF=0.000
2026-04-20 14:30:18 [INFO] MONITOR az=350.325 el=30.150 AZ_ERR=0.000 EL_ERR=0.000 AZ_PID=0.000 EL_PID=0.000 EL_FF=0.000
2026-04-20 14:30:19 [INFO] MONITOR az=350.325 el=30.150 AZ_ERR=0.000 EL_ERR=0.000 AZ_PID=0.000 EL_PID=0.000 EL_FF=0.000
2026-04-20 14:30:20 [INFO] MONITOR az=350.325 el=30.150 AZ_ERR=0.000 EL_ERR=0.000 AZ_PID=0.000 EL_PID=0.000 EL_FF=0.000
2026-04-20 14:30:21 [INFO] MONITOR az=350.325 el=30.150 AZ_ERR=0.000 EL_ERR=0.000 AZ_PID=0.000 EL_PID=0.000 EL_FF=0.000
2026-04-20 14:30:22 [INFO] MONITOR az=350.325 el=30.150 AZ_ERR=0.000 EL_ERR=0.000 AZ_PID=0.000 EL_PID=0.000 EL_FF=0.000
2026-04-20 14:30:23 [INFO] MONITOR az=350.325 el=30.150 AZ_ERR=0.000 EL_ERR=0.000 AZ_PID=0.000 EL_PID=0.000 EL_FF=0.000
2026-04-20 14:30:24 [INFO] MONITOR az=350.325 el=30.150 AZ_ERR=0.000 EL_ERR=0.000 AZ_PID=0.000 EL_PID=0.000 EL_FF=0.000
2026-04-20 14:30:25 [INFO] MONITOR az=350.325 el=30.150 AZ_ERR=0.000 EL_ERR=0.000 AZ_PID=0.000 EL_PID=0.000 EL_FF=0.000
2026-04-20 14:30:26 [INFO] MONITOR az=350.325 el=30.150 AZ_ERR=0.000 EL_ERR=0.000 AZ_PID=0.000 EL_PID=0.000 EL_FF=0.000
2026-04-20 14:30:27 [INFO] MONITOR az=350.325 el=30.150 AZ_ERR=0.000 EL_ERR=0.000 AZ_PID=0.000 EL_PID=0.000 EL_FF=0.000
2026-04-20 14:30:28 [INFO] MONITOR az=350.325 el=30.150 AZ_ERR=0.000 EL_ERR=0.000 AZ_PID=0.000 EL_PID=0.000 EL_FF=0.000
2026-04-20 14:30:29 [INFO] MONITOR az=350.325 el=30.150 AZ_ERR=0.000 EL_ERR=0.000 AZ_PID=0.000 EL_PID=0.000 EL_FF=0.000
2026-04-20 14:30:30 [INFO] MONITOR az=350.325 el=30.150 AZ_ERR=0.000 EL_ERR=0.000 AZ_PID=0.000 EL_PID=0.000 EL_FF=0.000
2026-04-20 14:30:31 [INFO] MONITOR az=350.325 el=30.150 AZ_ERR=0.000 EL_ERR=0.000 AZ_PID=0.000 EL_PID=0.000 EL_FF=0.000
2026-04-20 14:30:32 [INFO] MONITOR az=350.325 el=30.150 AZ_ERR=0.000 EL_ERR=0.000 AZ_PID=0.000 EL_PID=0.000 EL_FF=0.000
2026-04-20 14:30:33 [INFO] MONITOR az=350.325 el=30.150 AZ_ERR=0.000 EL_ERR=0.000 AZ_PID=0.000 EL_PID=0.000 EL_FF=0.000
2026-04-20 14:30:34 [INFO] MONITOR az=350.325 el=30.150 AZ_ERR=0.000 EL_ERR=0.000 AZ_PID=0.000 EL_PID=0.000 EL_FF=0.000
2026-04-20 14:30:35 [INFO] MONITOR az=350.325 el=30.150 AZ_ERR=0.000 EL_ERR=0.000 AZ_PID=0.000 EL_PID=0.000 EL_FF=0.000
2026-04-20 14:30:36 [INFO] MONITOR az=350.325 el=30.150 AZ_ERR=0.000 EL_ERR=0.000 AZ_PID=0.000 EL_PID=0.000 EL_FF=0.000
2026-04-20 14:30:37 [INFO] MONITOR az=350.325 el=30.150 AZ_ERR=0.000 EL_ERR=0.000 AZ_PID=0.000 EL_PID=0.000 EL_FF=0.000
2026-04-20 14:30:38 [INFO] MONITOR az=350.325 el=30.150 AZ_ERR=0.000 EL_ERR=0.000 AZ_PID=0.000 EL_PID=0.000 EL_FF=0.000
2026-04-20 14:30:39 [INFO] MONITOR az=350.325 el=30.150 AZ_ERR=0.000 EL_ERR=0.000 AZ_PID=0.000 EL_PID=0.000 EL_FF=0.000
2026-04-20 14:30:40 [INFO] MONITOR az=350.325 el=30.150 AZ_ERR=0.000 EL_ERR=0.000 AZ_PID=0.000 EL_PID=0.000 EL_FF=0.000
2026-04-20 14:30:41 [INFO] MONITOR az=350.325 el=30.150 AZ_ERR=0.000 EL_ERR=0.000 AZ_PID=0.000 EL_PID=0.000 EL_FF=0.000
2026-04-20 14:30:42 [INFO] MONITOR az=350.325 el=30.150 AZ_ERR=0.000 EL_ERR=0.000 AZ_PID=0.000 EL_PID=0.000 EL_FF=0.000
2026-04-20 14:30:43 [INFO] MONITOR az=350.325 el=30.150 AZ_ERR=0.000 EL_ERR=0.000 AZ_PID=0.000 EL_PID=0.000 EL_FF=0.000
2026-04-20 14:30:44 [INFO] MONITOR az=350.325 el=30.150 AZ_ERR=0.000 EL_ERR=0.000 AZ_PID=0.000 EL_PID=0.000 EL_FF=0.000
2026-04-20 14:30:45 [INFO] MONITOR az=350.325 el=30.150 AZ_ERR=0.000 EL_ERR=0.000 AZ_PID=0.000 EL_PID=0.000 EL_FF=0.000
2026-04-20 14:30:46 [INFO] MONITOR az=350.325 el=30.150 AZ_ERR=0.000 EL_ERR=0.000 AZ_PID=0.000 EL_PID=0.000 EL_FF=0.000
2026-04-20 14:30:47 [INFO] MONITOR az=350.325 el=30.150 AZ_ERR=0.000 EL_ERR=0.000 AZ_PID=0.000 EL_PID=0.000 EL_FF=0.000
2026-04-20 14:30:48 [INFO] MONITOR az=350.325 el=30.150 AZ_ERR=0.000 EL_ERR=0.000 AZ_PID=0.000 EL_PID=0.000 EL_FF=0.000
2026-04-20 14:30:49 [INFO] MONITOR az=350.325 el=30.150 AZ_ERR=0.000 EL_ERR=0.000 AZ_PID=0.000 EL_PID=0.000 EL_FF=0.000
2026-04-20 14:30:50 [INFO] MONITOR az=350.325 el=30.150 AZ_ERR=0.000 EL_ERR=0.000 AZ_PID=0.000 EL_PID=0.000 EL_FF=0.000
2026-04-20 14:30:51 [INFO] MONITOR az=350.325 el=30.150 AZ_ERR=0.000 EL_ERR=0.000 AZ_PID=0.000 EL_PID=0.000 EL_FF=0.000
2026-04-20 14:30:52 [INFO] MONITOR az=350.325 el=30.150 AZ_ERR=0.000 EL_ERR=0.000 AZ_PID=0.000 EL_PID=0.000 EL_FF=0.000
2026-04-20 14:30:53 [INFO] MONITOR az=350.325 el=30.150 AZ_ERR=0.000 EL_ERR=0.000 AZ_PID=0.000 EL_PID=0.000 EL_FF=0.000
2026-04-20 14:30:54 [INFO] MONITOR az=350.325 el=30.150 AZ_ERR=0.000 EL_ERR=0.000 AZ_PID=0.000 EL_PID=0.000 EL_FF=0.000
2026-04-20 14:30:55 [INFO] MONITOR az=350.325 el=30.150 AZ_ERR=0.000 EL_ERR=0.000 AZ_PID=0.000 EL_PID=0.000 EL_FF=0.000
2026-04-20 14:30:56 [INFO] MONITOR az=350.325 el=30.150 AZ_ERR=0.000 EL_ERR=0.000 AZ_PID=0.000 EL_PID=0.000 EL_FF=0.000
2026-04-20 14:30:57 [INFO] MONITOR az=350.325 el=30.150 AZ_ERR=0.000 EL_ERR=0.000 AZ_PID=0.000 EL_PID=0.000 EL_FF=0.000
2026-04-20 14:30:58 [INFO] MONITOR az=350.325 el=30.150 AZ_ERR=0.000 EL_ERR=0.000 AZ_PID=0.000 EL_PID=0.000 EL_FF=0.000
2026-04-20 14:30:59 [INFO] MONITOR az=350.325 el=30.150 AZ_ERR=0.000 EL_ERR=0.000 AZ_PID=0.000 EL_PID=0.000 EL_FF=0.000
2026-04-20 14:31:00 [INFO] MONITOR az=350.325 el=30.150 AZ_ERR=0.000 EL_ERR=0.000 AZ_PID=0.000 EL_PID=0.000 EL_FF=0.000
2026-04-20 14:31:01 [INFO] MONITOR az=350.325 el=30.150 AZ_ERR=0.000 EL_ERR=0.000 AZ_PID=0.000 EL_PID=0.000 EL_FF=0.000
2026-04-20 14:31:02 [INFO] MONITOR az=350.325 el=30.150 AZ_ERR=0.000 EL_ERR=0.000 AZ_PID=0.000 EL_PID=0.000 EL_FF=0.000
2026-04-20 14:31:03 [INFO] MONITOR az=350.325 el=30.150 AZ_ERR=0.000 EL_ERR=0.000 AZ_PID=0.000 EL_PID=0.000 EL_FF=0.000
2026-04-20 14:31:04 [INFO] MONITOR az=350.325 el=30.150 AZ_ERR=0.000 EL_ERR=0.000 AZ_PID=0.000 EL_PID=0.000 EL_FF=0.000
2026-04-20 14:31:05 [INFO] MONITOR az=350.325 el=30.150 AZ_ERR=0.000 EL_ERR=0.000 AZ_PID=0.000 EL_PID=0.000 EL_FF=0.000
2026-04-20 14:31:06 [INFO] MONITOR az=350.325 el=30.150 AZ_ERR=0.000 EL_ERR=0.000 AZ_PID=0.000 EL_PID=0.000 EL_FF=0.000
2026-04-20 14:31:07 [INFO] MONITOR az=350.325 el=30.150 AZ_ERR=0.000 EL_ERR=0.000 AZ_PID=0.000 EL_PID=0.000 EL_FF=0.000
2026-04-20 14:31:08 [INFO] MONITOR az=350.325 el=30.150 AZ_ERR=0.000 EL_ERR=0.000 AZ_PID=0.000 EL_PID=0.000 EL_FF=0.000
2026-04-20 14:31:09 [INFO] MONITOR az=350.325 el=30.150 AZ_ERR=0.000 EL_ERR=0.000 AZ_PID=0.000 EL_PID=0.000 EL_FF=0.000
2026-04-20 14:31:10 [INFO] MONITOR az=350.325 el=30.150 AZ_ERR=0.000 EL_ERR=0.000 AZ_PID=0.000 EL_PID=0.000 EL_FF=0.000
2026-04-20 14:31:11 [INFO] MONITOR az=350.325 el=30.150 AZ_ERR=0.000 EL_ERR=0.000 AZ_PID=0.000 EL_PID=0.000 EL_FF=0.000
2026-04-20 14:31:12 [INFO] MONITOR az=350.325 el=30.150 AZ_ERR=0.000 EL_ERR=0.000 AZ_PID=0.000 EL_PID=0.000 EL_FF=0.000
2026-04-20 14:31:13 [INFO] MONITOR az=350.325 el=30.150 AZ_ERR=0.000 EL_ERR=0.000 AZ_PID=0.000 EL_PID=0.000 EL_FF=0.000
2026-04-20 14:31:14 [INFO] MONITOR az=350.325 el=30.150 AZ_ERR=0.000 EL_ERR=0.000 AZ_PID=0.000 EL_PID=0.000 EL_FF=0.000
2026-04-20 14:31:15 [INFO] MONITOR az=350.325 el=30.150 AZ_ERR=0.000 EL_ERR=0.000 AZ_PID=0.000 EL_PID=0.000 EL_FF=0.000
2026-04-20 14:31:16 [INFO] MONITOR az=350.325 el=30.150 AZ_ERR=0.000 EL_ERR=0.000 AZ_PID=0.000 EL_PID=0.000 EL_FF=0.000
2026-04-20 14:31:17 [INFO] MONITOR az=350.325 el=30.150 AZ_ERR=0.000 EL_ERR=0.000 AZ_PID=0.000 EL_PID=0.000 EL_FF=0.000
2026-04-20 14:31:18 [INFO] MONITOR az=350.325 el=30.150 AZ_ERR=0.000 EL_ERR=0.000 AZ_PID=0.000 EL_PID=0.000 EL_FF=0.000
2026-04-20 14:31:19 [INFO] MONITOR az=350.325 el=30.150 AZ_ERR=0.000 EL_ERR=0.000 AZ_PID=0.000 EL_PID=0.000 EL_FF=0.000
2026-04-20 14:31:20 [INFO] MONITOR az=350.325 el=30.150 AZ_ERR=0.000 EL_ERR=0.000 AZ_PID=0.000 EL_PID=0.000 EL_FF=0.000
2026-04-20 14:31:21 [INFO] MONITOR az=350.325 el=30.150 AZ_ERR=0.000 EL_ERR=0.000 AZ_PID=0.000 EL_PID=0.000 EL_FF=0.000
2026-04-20 14:31:22 [INFO] MONITOR az=350.325 el=30.150 AZ_ERR=0.000 EL_ERR=0.000 AZ_PID=0.000 EL_PID=0.000 EL_FF=0.000
2026-04-20 14:31:23 [INFO] MONITOR az=350.325 el=30.150 AZ_ERR=0.000 EL_ERR=0.000 AZ_PID=0.000 EL_PID=0.000 EL_FF=0.000
2026-04-20 14:31:24 [INFO] MONITOR az=350.325 el=30.150 AZ_ERR=0.000 EL_ERR=0.000 AZ_PID=0.000 EL_PID=0.000 EL_FF=0.000
2026-04-20 14:31:25 [INFO] MONITOR az=350.325 el=30.150 AZ_ERR=0.000 EL_ERR=0.000 AZ_PID=0.000 EL_PID=0.000 EL_FF=0.000
2026-04-20 14:31:26 [INFO] MONITOR az=350.325 el=30.150 AZ_ERR=0.000 EL_ERR=0.000 AZ_PID=0.000 EL_PID=0.000 EL_FF=0.000
2026-04-20 14:31:28 [INFO] MONITOR az=350.325 el=30.150 AZ_ERR=0.000 EL_ERR=0.000 AZ_PID=0.000 EL_PID=0.000 EL_FF=0.000
2026-04-20 14:31:29 [INFO] MONITOR az=350.325 el=30.150 AZ_ERR=0.000 EL_ERR=0.000 AZ_PID=0.000 EL_PID=0.000 EL_FF=0.000
2026-04-20 14:31:30 [INFO] MONITOR az=350.325 el=30.150 AZ_ERR=0.000 EL_ERR=0.000 AZ_PID=0.000 EL_PID=0.000 EL_FF=0.000
2026-04-20 14:31:31 [INFO] MONITOR az=350.325 el=30.150 AZ_ERR=0.000 EL_ERR=0.000 AZ_PID=0.000 EL_PID=0.000 EL_FF=0.000
2026-04-20 14:31:32 [INFO] MONITOR az=350.325 el=30.150 AZ_ERR=0.000 EL_ERR=0.000 AZ_PID=0.000 EL_PID=0.000 EL_FF=0.000
2026-04-20 14:31:33 [INFO] MONITOR az=350.325 el=30.150 AZ_ERR=0.000 EL_ERR=0.000 AZ_PID=0.000 EL_PID=0.000 EL_FF=0.000
2026-04-20 14:31:34 [INFO] MONITOR az=350.325 el=30.150 AZ_ERR=0.000 EL_ERR=0.000 AZ_PID=0.000 EL_PID=0.000 EL_FF=0.000
2026-04-20 14:31:35 [INFO] MONITOR az=350.325 el=30.150 AZ_ERR=0.000 EL_ERR=0.000 AZ_PID=0.000 EL_PID=0.000 EL_FF=0.000
2026-04-20 14:31:36 [INFO] MONITOR az=350.325 el=30.150 AZ_ERR=0.000 EL_ERR=0.000 AZ_PID=0.000 EL_PID=0.000 EL_FF=0.000
2026-04-20 14:31:37 [INFO] MONITOR az=350.325 el=30.150 AZ_ERR=0.000 EL_ERR=0.000 AZ_PID=0.000 EL_PID=0.000 EL_FF=0.000
2026-04-20 14:31:38 [INFO] MONITOR az=350.325 el=30.150 AZ_ERR=0.000 EL_ERR=0.000 AZ_PID=0.000 EL_PID=0.000 EL_FF=0.000
2026-04-20 14:31:39 [INFO] MONITOR az=350.325 el=30.150 AZ_ERR=0.000 EL_ERR=0.000 AZ_PID=0.000 EL_PID=0.000 EL_FF=0.000
2026-04-20 14:31:40 [INFO] MONITOR az=350.325 el=30.150 AZ_ERR=0.000 EL_ERR=0.000 AZ_PID=0.000 EL_PID=0.000 EL_FF=0.000
2026-04-20 14:31:41 [INFO] MONITOR az=350.325 el=30.150 AZ_ERR=0.000 EL_ERR=0.000 AZ_PID=0.000 EL_PID=0.000 EL_FF=0.000
2026-04-20 14:31:42 [INFO] MONITOR az=350.325 el=30.150 AZ_ERR=0.000 EL_ERR=0.000 AZ_PID=0.000 EL_PID=0.000 EL_FF=0.000
2026-04-20 14:31:43 [INFO] MONITOR az=350.325 el=30.150 AZ_ERR=0.000 EL_ERR=0.000 AZ_PID=0.000 EL_PID=0.000 EL_FF=0.000
2026-04-20 14:31:44 [INFO] MONITOR az=350.325 el=30.150 AZ_ERR=0.000 EL_ERR=0.000 AZ_PID=0.000 EL_PID=0.000 EL_FF=0.000
2026-04-20 14:31:45 [INFO] MONITOR az=350.325 el=30.150 AZ_ERR=0.000 EL_ERR=0.000 AZ_PID=0.000 EL_PID=0.000 EL_FF=0.000
2026-04-20 14:31:46 [INFO] MONITOR az=350.325 el=30.150 AZ_ERR=0.000 EL_ERR=0.000 AZ_PID=0.000 EL_PID=0.000 EL_FF=0.000
2026-04-20 14:31:47 [INFO] MONITOR az=350.325 el=30.150 AZ_ERR=0.000 EL_ERR=0.000 AZ_PID=0.000 EL_PID=0.000 EL_FF=0.000
2026-04-20 14:31:48 [INFO] MONITOR az=350.325 el=30.150 AZ_ERR=0.000 EL_ERR=0.000 AZ_PID=0.000 EL_PID=0.000 EL_FF=0.000
2026-04-20 14:31:49 [INFO] MONITOR az=350.325 el=30.150 AZ_ERR=0.000 EL_ERR=0.000 AZ_PID=0.000 EL_PID=0.000 EL_FF=0.000
2026-04-20 14:31:50 [INFO] MONITOR az=350.325 el=30.150 AZ_ERR=0.000 EL_ERR=0.000 AZ_PID=0.000 EL_PID=0.000 EL_FF=0.000
2026-04-20 14:31:51 [INFO] MONITOR az=350.325 el=30.150 AZ_ERR=0.000 EL_ERR=0.000 AZ_PID=0.000 EL_PID=0.000 EL_FF=0.000
2026-04-20 14:31:52 [INFO] MONITOR az=350.325 el=30.150 AZ_ERR=0.000 EL_ERR=0.000 AZ_PID=0.000 EL_PID=0.000 EL_FF=0.000
2026-04-20 14:31:53 [INFO] MONITOR az=350.325 el=30.150 AZ_ERR=0.000 EL_ERR=0.000 AZ_PID=0.000 EL_PID=0.000 EL_FF=0.000
2026-04-20 14:31:54 [INFO] MONITOR az=350.325 el=30.150 AZ_ERR=0.000 EL_ERR=0.000 AZ_PID=0.000 EL_PID=0.000 EL_FF=0.000
2026-04-20 14:31:55 [INFO] MONITOR az=350.325 el=30.150 AZ_ERR=0.000 EL_ERR=0.000 AZ_PID=0.000 EL_PID=0.000 EL_FF=0.000
2026-04-20 14:31:56 [INFO] MONITOR az=350.325 el=30.150 AZ_ERR=0.000 EL_ERR=0.000 AZ_PID=0.000 EL_PID=0.000 EL_FF=0.000
2026-04-20 14:31:57 [INFO] MONITOR az=350.325 el=30.150 AZ_ERR=0.000 EL_ERR=0.000 AZ_PID=0.000 EL_PID=0.000 EL_FF=0.000
2026-04-20 14:31:58 [INFO] MONITOR az=350.325 el=30.150 AZ_ERR=0.000 EL_ERR=0.000 AZ_PID=0.000 EL_PID=0.000 EL_FF=0.000
2026-04-20 14:31:59 [INFO] MONITOR az=350.325 el=30.150 AZ_ERR=0.000 EL_ERR=0.000 AZ_PID=0.000 EL_PID=0.000 EL_FF=0.000
2026-04-20 14:32:00 [INFO] MONITOR az=350.325 el=30.150 AZ_ERR=0.000 EL_ERR=0.000 AZ_PID=0.000 EL_PID=0.000 EL_FF=0.000
2026-04-20 14:32:01 [INFO] MONITOR az=350.325 el=30.150 AZ_ERR=0.000 EL_ERR=0.000 AZ_PID=0.000 EL_PID=0.000 EL_FF=0.000
2026-04-20 14:32:02 [INFO] MONITOR az=350.325 el=30.150 AZ_ERR=0.000 EL_ERR=0.000 AZ_PID=0.000 EL_PID=0.000 EL_FF=0.000
2026-04-20 14:32:03 [INFO] MONITOR az=350.325 el=30.150 AZ_ERR=0.000 EL_ERR=0.000 AZ_PID=0.000 EL_PID=0.000 EL_FF=0.000
2026-04-20 14:32:04 [INFO] MONITOR az=350.325 el=30.150 AZ_ERR=0.000 EL_ERR=0.000 AZ_PID=0.000 EL_PID=0.000 EL_FF=0.000
2026-04-20 14:32:05 [INFO] MONITOR az=350.325 el=30.150 AZ_ERR=0.000 EL_ERR=0.000 AZ_PID=0.000 EL_PID=0.000 EL_FF=0.000
2026-04-20 14:32:06 [INFO] MONITOR az=350.325 el=30.150 AZ_ERR=0.000 EL_ERR=0.000 AZ_PID=0.000 EL_PID=0.000 EL_FF=0.000
2026-04-20 14:32:07 [INFO] MONITOR az=350.325 el=30.150 AZ_ERR=0.000 EL_ERR=0.000 AZ_PID=0.000 EL_PID=0.000 EL_FF=0.000
2026-04-20 14:32:08 [INFO] MONITOR az=350.325 el=30.150 AZ_ERR=0.000 EL_ERR=0.000 AZ_PID=0.000 EL_PID=0.000 EL_FF=0.000
2026-04-20 14:32:09 [INFO] MONITOR az=350.325 el=30.150 AZ_ERR=0.000 EL_ERR=0.000 AZ_PID=0.000 EL_PID=0.000 EL_FF=0.000
2026-04-20 14:32:10 [INFO] MONITOR az=350.325 el=30.150 AZ_ERR=0.000 EL_ERR=0.000 AZ_PID=0.000 EL_PID=0.000 EL_FF=0.000
2026-04-20 14:32:11 [INFO] MONITOR az=350.325 el=30.150 AZ_ERR=0.000 EL_ERR=0.000 AZ_PID=0.000 EL_PID=0.000 EL_FF=0.000
2026-04-20 14:32:12 [INFO] MONITOR az=350.325 el=30.150 AZ_ERR=0.000 EL_ERR=0.000 AZ_PID=0.000 EL_PID=0.000 EL_FF=0.000
2026-04-20 14:32:13 [INFO] MONITOR az=350.325 el=30.150 AZ_ERR=0.000 EL_ERR=0.000 AZ_PID=0.000 EL_PID=0.000 EL_FF=0.000
2026-04-20 14:32:14 [INFO] MONITOR az=350.325 el=30.150 AZ_ERR=0.000 EL_ERR=0.000 AZ_PID=0.000 EL_PID=0.000 EL_FF=0.000
2026-04-20 14:32:15 [INFO] MONITOR az=350.325 el=30.150 AZ_ERR=0.000 EL_ERR=0.000 AZ_PID=0.000 EL_PID=0.000 EL_FF=0.000
2026-04-20 14:32:16 [INFO] MONITOR az=350.325 el=30.150 AZ_ERR=0.000 EL_ERR=0.000 AZ_PID=0.000 EL_PID=0.000 EL_FF=0.000
2026-04-20 14:32:17 [INFO] MONITOR az=350.325 el=30.150 AZ_ERR=0.000 EL_ERR=0.000 AZ_PID=0.000 EL_PID=0.000 EL_FF=0.000
2026-04-20 14:32:18 [INFO] MONITOR az=350.325 el=30.150 AZ_ERR=0.000 EL_ERR=0.000 AZ_PID=0.000 EL_PID=0.000 EL_FF=0.000
2026-04-20 14:32:19 [INFO] MONITOR az=350.325 el=30.150 AZ_ERR=0.000 EL_ERR=0.000 AZ_PID=0.000 EL_PID=0.000 EL_FF=0.000
2026-04-20 14:32:20 [INFO] MONITOR az=350.325 el=30.150 AZ_ERR=0.000 EL_ERR=0.000 AZ_PID=0.000 EL_PID=0.000 EL_FF=0.000
2026-04-20 14:32:21 [INFO] MONITOR az=350.325 el=30.150 AZ_ERR=0.000 EL_ERR=0.000 AZ_PID=0.000 EL_PID=0.000 EL_FF=0.000
2026-04-20 14:32:22 [INFO] MONITOR az=350.325 el=30.150 AZ_ERR=0.000 EL_ERR=0.000 AZ_PID=0.000 EL_PID=0.000 EL_FF=0.000
2026-04-20 14:32:23 [INFO] MONITOR az=350.325 el=30.150 AZ_ERR=0.000 EL_ERR=0.000 AZ_PID=0.000 EL_PID=0.000 EL_FF=0.000
2026-04-20 14:32:24 [INFO] MONITOR az=350.325 el=30.150 AZ_ERR=0.000 EL_ERR=0.000 AZ_PID=0.000 EL_PID=0.000 EL_FF=0.000
2026-04-20 14:32:25 [INFO] MONITOR az=350.325 el=30.150 AZ_ERR=0.000 EL_ERR=0.000 AZ_PID=0.000 EL_PID=0.000 EL_FF=0.000
2026-04-20 14:32:26 [INFO] MONITOR az=350.325 el=30.150 AZ_ERR=0.000 EL_ERR=0.000 AZ_PID=0.000 EL_PID=0.000 EL_FF=0.000
2026-04-20 14:32:27 [INFO] MONITOR az=350.325 el=30.150 AZ_ERR=0.000 EL_ERR=0.000 AZ_PID=0.000 EL_PID=0.000 EL_FF=0.000
2026-04-20 14:32:28 [INFO] MONITOR az=350.325 el=30.150 AZ_ERR=0.000 EL_ERR=0.000 AZ_PID=0.000 EL_PID=0.000 EL_FF=0.000
2026-04-20 14:32:29 [INFO] MONITOR az=350.325 el=30.150 AZ_ERR=0.000 EL_ERR=0.000 AZ_PID=0.000 EL_PID=0.000 EL_FF=0.000
2026-04-20 14:32:30 [INFO] MONITOR az=350.325 el=30.150 AZ_ERR=0.000 EL_ERR=0.000 AZ_PID=0.000 EL_PID=0.000 EL_FF=0.000
2026-04-20 14:32:31 [INFO] MONITOR az=350.325 el=30.150 AZ_ERR=0.000 EL_ERR=0.000 AZ_PID=0.000 EL_PID=0.000 EL_FF=0.000
2026-04-20 14:32:32 [INFO] MONITOR az=350.325 el=30.150 AZ_ERR=0.000 EL_ERR=0.000 AZ_PID=0.000 EL_PID=0.000 EL_FF=0.000
2026-04-20 14:32:33 [INFO] MONITOR az=350.325 el=30.150 AZ_ERR=0.000 EL_ERR=0.000 AZ_PID=0.000 EL_PID=0.000 EL_FF=0.000
2026-04-20 14:32:34 [INFO] MONITOR az=350.325 el=30.150 AZ_ERR=0.000 EL_ERR=0.000 AZ_PID=0.000 EL_PID=0.000 EL_FF=0.000
2026-04-20 14:32:35 [INFO] MONITOR az=350.325 el=30.150 AZ_ERR=0.000 EL_ERR=0.000 AZ_PID=0.000 EL_PID=0.000 EL_FF=0.000
2026-04-20 14:32:36 [INFO] MONITOR az=350.325 el=30.150 AZ_ERR=0.000 EL_ERR=0.000 AZ_PID=0.000 EL_PID=0.000 EL_FF=0.000
2026-04-20 14:32:37 [INFO] MONITOR az=350.325 el=30.150 AZ_ERR=0.000 EL_ERR=0.000 AZ_PID=0.000 EL_PID=0.000 EL_FF=0.000
2026-04-20 14:32:38 [INFO] MONITOR az=350.325 el=30.150 AZ_ERR=0.000 EL_ERR=0.000 AZ_PID=0.000 EL_PID=0.000 EL_FF=0.000
2026-04-20 14:32:39 [INFO] MONITOR az=350.325 el=30.150 AZ_ERR=0.000 EL_ERR=0.000 AZ_PID=0.000 EL_PID=0.000 EL_FF=0.000
2026-04-20 14:32:40 [INFO] MONITOR az=350.325 el=30.150 AZ_ERR=0.000 EL_ERR=0.000 AZ_PID=0.000 EL_PID=0.000 EL_FF=0.000
2026-04-20 14:32:41 [INFO] MONITOR az=350.325 el=30.150 AZ_ERR=0.000 EL_ERR=0.000 AZ_PID=0.000 EL_PID=0.000 EL_FF=0.000
2026-04-20 14:32:42 [INFO] MONITOR az=350.325 el=30.150 AZ_ERR=0.000 EL_ERR=0.000 AZ_PID=0.000 EL_PID=0.000 EL_FF=0.000
2026-04-20 14:32:43 [INFO] MONITOR az=350.325 el=30.150 AZ_ERR=0.000 EL_ERR=0.000 AZ_PID=0.000 EL_PID=0.000 EL_FF=0.000
2026-04-20 14:32:44 [INFO] MONITOR az=350.325 el=30.150 AZ_ERR=0.000 EL_ERR=0.000 AZ_PID=0.000 EL_PID=0.000 EL_FF=0.000
2026-04-20 14:32:45 [INFO] MONITOR az=350.325 el=30.150 AZ_ERR=0.000 EL_ERR=0.000 AZ_PID=0.000 EL_PID=0.000 EL_FF=0.000
2026-04-20 14:32:46 [INFO] MONITOR az=350.325 el=30.150 AZ_ERR=0.000 EL_ERR=0.000 AZ_PID=0.000 EL_PID=0.000 EL_FF=0.000
2026-04-20 14:32:47 [INFO] MONITOR az=350.325 el=30.150 AZ_ERR=0.000 EL_ERR=0.000 AZ_PID=0.000 EL_PID=0.000 EL_FF=0.000
2026-04-20 14:32:48 [INFO] MONITOR az=350.325 el=30.150 AZ_ERR=0.000 EL_ERR=0.000 AZ_PID=0.000 EL_PID=0.000 EL_FF=0.000
2026-04-20 14:32:49 [INFO] MONITOR az=350.325 el=30.150 AZ_ERR=0.000 EL_ERR=0.000 AZ_PID=0.000 EL_PID=0.000 EL_FF=0.000
2026-04-20 14:32:50 [INFO] MONITOR az=350.325 el=30.150 AZ_ERR=0.000 EL_ERR=0.000 AZ_PID=0.000 EL_PID=0.000 EL_FF=0.000
2026-04-20 14:32:51 [INFO] MONITOR az=350.325 el=30.150 AZ_ERR=0.000 EL_ERR=0.000 AZ_PID=0.000 EL_PID=0.000 EL_FF=0.000
2026-04-20 14:32:52 [INFO] MONITOR az=350.325 el=30.150 AZ_ERR=0.000 EL_ERR=0.000 AZ_PID=0.000 EL_PID=0.000 EL_FF=0.000
2026-04-20 14:32:53 [INFO] MONITOR az=350.325 el=30.150 AZ_ERR=0.000 EL_ERR=0.000 AZ_PID=0.000 EL_PID=0.000 EL_FF=0.000
2026-04-20 14:32:54 [INFO] MONITOR az=350.325 el=30.150 AZ_ERR=0.000 EL_ERR=0.000 AZ_PID=0.000 EL_PID=0.000 EL_FF=0.000
2026-04-20 14:32:55 [INFO] MONITOR az=350.325 el=30.150 AZ_ERR=0.000 EL_ERR=0.000 AZ_PID=0.000 EL_PID=0.000 EL_FF=0.000
2026-04-20 14:32:56 [INFO] MONITOR az=350.325 el=30.150 AZ_ERR=0.000 EL_ERR=0.000 AZ_PID=0.000 EL_PID=0.000 EL_FF=0.000
2026-04-20 14:32:57 [INFO] MONITOR az=350.325 el=30.150 AZ_ERR=0.000 EL_ERR=0.000 AZ_PID=0.000 EL_PID=0.000 EL_FF=0.000
2026-04-20 14:32:58 [INFO] MONITOR az=350.325 el=30.150 AZ_ERR=0.000 EL_ERR=0.000 AZ_PID=0.000 EL_PID=0.000 EL_FF=0.000
2026-04-20 14:32:59 [INFO] MONITOR az=350.325 el=30.150 AZ_ERR=0.000 EL_ERR=0.000 AZ_PID=0.000 EL_PID=0.000 EL_FF=0.000
2026-04-20 14:33:00 [INFO] MONITOR az=350.325 el=30.150 AZ_ERR=0.000 EL_ERR=0.000 AZ_PID=0.000 EL_PID=0.000 EL_FF=0.000
2026-04-20 14:33:01 [INFO] MONITOR az=350.325 el=30.150 AZ_ERR=0.000 EL_ERR=0.000 AZ_PID=0.000 EL_PID=0.000 EL_FF=0.000
2026-04-20 14:33:02 [INFO] MONITOR az=350.325 el=30.150 AZ_ERR=0.000 EL_ERR=0.000 AZ_PID=0.000 EL_PID=0.000 EL_FF=0.000
2026-04-20 14:33:03 [INFO] MONITOR az=350.325 el=30.150 AZ_ERR=0.000 EL_ERR=0.000 AZ_PID=0.000 EL_PID=0.000 EL_FF=0.000
2026-04-20 14:33:04 [INFO] MONITOR az=350.325 el=30.150 AZ_ERR=0.000 EL_ERR=0.000 AZ_PID=0.000 EL_PID=0.000 EL_FF=0.000
2026-04-20 14:33:05 [INFO] MONITOR az=350.325 el=30.150 AZ_ERR=0.000 EL_ERR=0.000 AZ_PID=0.000 EL_PID=0.000 EL_FF=0.000
2026-04-20 14:33:06 [INFO] MONITOR az=350.325 el=30.150 AZ_ERR=0.000 EL_ERR=0.000 AZ_PID=0.000 EL_PID=0.000 EL_FF=0.000
2026-04-20 14:33:07 [INFO] MONITOR az=350.325 el=30.150 AZ_ERR=0.000 EL_ERR=0.000 AZ_PID=0.000 EL_PID=0.000 EL_FF=0.000
2026-04-20 14:33:08 [INFO] MONITOR az=350.325 el=30.150 AZ_ERR=0.000 EL_ERR=0.000 AZ_PID=0.000 EL_PID=0.000 EL_FF=0.000
2026-04-20 14:33:09 [INFO] MONITOR az=350.325 el=30.150 AZ_ERR=0.000 EL_ERR=0.000 AZ_PID=0.000 EL_PID=0.000 EL_FF=0.000
2026-04-20 14:33:10 [INFO] MONITOR az=350.325 el=30.150 AZ_ERR=0.000 EL_ERR=0.000 AZ_PID=0.000 EL_PID=0.000 EL_FF=0.000
2026-04-20 14:33:11 [INFO] MONITOR az=350.325 el=30.150 AZ_ERR=0.000 EL_ERR=0.000 AZ_PID=0.000 EL_PID=0.000 EL_FF=0.000
2026-04-20 14:33:12 [INFO] MONITOR az=350.325 el=30.150 AZ_ERR=0.000 EL_ERR=0.000 AZ_PID=0.000 EL_PID=0.000 EL_FF=0.000
2026-04-20 14:33:13 [INFO] MONITOR az=350.325 el=30.150 AZ_ERR=0.000 EL_ERR=0.000 AZ_PID=0.000 EL_PID=0.000 EL_FF=0.000
2026-04-20 14:33:14 [INFO] MONITOR az=350.325 el=30.150 AZ_ERR=0.000 EL_ERR=0.000 AZ_PID=0.000 EL_PID=0.000 EL_FF=0.000
2026-04-20 14:33:15 [INFO] MONITOR az=350.325 el=30.150 AZ_ERR=0.000 EL_ERR=0.000 AZ_PID=0.000 EL_PID=0.000 EL_FF=0.000
2026-04-20 14:33:16 [INFO] MONITOR az=350.325 el=30.150 AZ_ERR=0.000 EL_ERR=0.000 AZ_PID=0.000 EL_PID=0.000 EL_FF=0.000
2026-04-20 14:33:17 [INFO] MONITOR az=350.325 el=30.150 AZ_ERR=0.000 EL_ERR=0.000 AZ_PID=0.000 EL_PID=0.000 EL_FF=0.000
2026-04-20 14:33:18 [INFO] MONITOR az=350.325 el=30.150 AZ_ERR=0.000 EL_ERR=0.000 AZ_PID=0.000 EL_PID=0.000 EL_FF=0.000
2026-04-20 14:33:19 [INFO] MONITOR az=350.325 el=30.150 AZ_ERR=0.000 EL_ERR=0.000 AZ_PID=0.000 EL_PID=0.000 EL_FF=0.000
2026-04-20 14:33:20 [INFO] MONITOR az=350.325 el=30.150 AZ_ERR=0.000 EL_ERR=0.000 AZ_PID=0.000 EL_PID=0.000 EL_FF=0.000
2026-04-20 14:33:21 [INFO] MONITOR az=350.325 el=30.150 AZ_ERR=0.000 EL_ERR=0.000 AZ_PID=0.000 EL_PID=0.000 EL_FF=0.000
2026-04-20 14:33:22 [INFO] MONITOR az=350.325 el=30.150 AZ_ERR=0.000 EL_ERR=0.000 AZ_PID=0.000 EL_PID=0.000 EL_FF=0.000
2026-04-20 14:33:23 [INFO] MONITOR az=350.325 el=30.150 AZ_ERR=0.000 EL_ERR=0.000 AZ_PID=0.000 EL_PID=0.000 EL_FF=0.000
2026-04-20 14:33:24 [INFO] MONITOR az=350.325 el=30.150 AZ_ERR=0.000 EL_ERR=0.000 AZ_PID=0.000 EL_PID=0.000 EL_FF=0.000
2026-04-20 14:33:25 [INFO] MONITOR az=350.325 el=30.150 AZ_ERR=0.000 EL_ERR=0.000 AZ_PID=0.000 EL_PID=0.000 EL_FF=0.000
2026-04-20 14:33:26 [INFO] MONITOR az=350.325 el=30.150 AZ_ERR=0.000 EL_ERR=0.000 AZ_PID=0.000 EL_PID=0.000 EL_FF=0.000
2026-04-20 14:33:27 [INFO] MONITOR az=350.325 el=30.150 AZ_ERR=0.000 EL_ERR=0.000 AZ_PID=0.000 EL_PID=0.000 EL_FF=0.000
2026-04-20 14:33:28 [INFO] MONITOR az=350.325 el=30.150 AZ_ERR=0.000 EL_ERR=0.000 AZ_PID=0.000 EL_PID=0.000 EL_FF=0.000
2026-04-20 14:33:29 [INFO] MONITOR az=350.325 el=30.150 AZ_ERR=0.000 EL_ERR=0.000 AZ_PID=0.000 EL_PID=0.000 EL_FF=0.000
2026-04-20 14:33:30 [INFO] MONITOR az=350.325 el=30.150 AZ_ERR=0.000 EL_ERR=0.000 AZ_PID=0.000 EL_PID=0.000 EL_FF=0.000
2026-04-20 14:33:31 [INFO] MONITOR az=350.325 el=30.150 AZ_ERR=0.000 EL_ERR=0.000 AZ_PID=0.000 EL_PID=0.000 EL_FF=0.000
2026-04-20 14:33:32 [INFO] MONITOR az=350.325 el=30.150 AZ_ERR=0.000 EL_ERR=0.000 AZ_PID=0.000 EL_PID=0.000 EL_FF=0.000
2026-04-20 14:33:33 [INFO] MONITOR az=350.325 el=30.150 AZ_ERR=0.000 EL_ERR=0.000 AZ_PID=0.000 EL_PID=0.000 EL_FF=0.000
2026-04-20 14:33:34 [INFO] MONITOR az=350.325 el=30.150 AZ_ERR=0.000 EL_ERR=0.000 AZ_PID=0.000 EL_PID=0.000 EL_FF=0.000
2026-04-20 14:33:35 [INFO] MONITOR az=350.325 el=30.150 AZ_ERR=0.000 EL_ERR=0.000 AZ_PID=0.000 EL_PID=0.000 EL_FF=0.000
2026-04-20 14:33:36 [INFO] MONITOR az=350.325 el=30.150 AZ_ERR=0.000 EL_ERR=0.000 AZ_PID=0.000 EL_PID=0.000 EL_FF=0.000
2026-04-20 14:33:37 [INFO] MONITOR az=350.325 el=30.150 AZ_ERR=0.000 EL_ERR=0.000 AZ_PID=0.000 EL_PID=0.000 EL_FF=0.000
2026-04-20 14:33:38 [INFO] MONITOR az=350.325 el=30.150 AZ_ERR=0.000 EL_ERR=0.000 AZ_PID=0.000 EL_PID=0.000 EL_FF=0.000
2026-04-20 14:33:39 [INFO] MONITOR az=350.325 el=30.150 AZ_ERR=0.000 EL_ERR=0.000 AZ_PID=0.000 EL_PID=0.000 EL_FF=0.000
2026-04-20 14:33:40 [INFO] MONITOR az=350.325 el=30.150 AZ_ERR=0.000 EL_ERR=0.000 AZ_PID=0.000 EL_PID=0.000 EL_FF=0.000
2026-04-20 14:33:41 [INFO] MONITOR az=350.325 el=30.150 AZ_ERR=0.000 EL_ERR=0.000 AZ_PID=0.000 EL_PID=0.000 EL_FF=0.000
2026-04-20 14:33:42 [INFO] MONITOR az=350.325 el=30.150 AZ_ERR=0.000 EL_ERR=0.000 AZ_PID=0.000 EL_PID=0.000 EL_FF=0.000
2026-04-20 14:33:43 [INFO] MONITOR az=350.325 el=30.150 AZ_ERR=0.000 EL_ERR=0.000 AZ_PID=0.000 EL_PID=0.000 EL_FF=0.000
2026-04-20 14:33:44 [INFO] MONITOR az=350.325 el=30.150 AZ_ERR=0.000 EL_ERR=0.000 AZ_PID=0.000 EL_PID=0.000 EL_FF=0.000
2026-04-20 14:33:45 [INFO] MONITOR az=350.325 el=30.150 AZ_ERR=0.000 EL_ERR=0.000 AZ_PID=0.000 EL_PID=0.000 EL_FF=0.000
2026-04-20 14:33:46 [INFO] MONITOR az=350.325 el=30.150 AZ_ERR=0.000 EL_ERR=0.000 AZ_PID=0.000 EL_PID=0.000 EL_FF=0.000
2026-04-20 14:33:47 [INFO] MONITOR az=350.325 el=30.150 AZ_ERR=0.000 EL_ERR=0.000 AZ_PID=0.000 EL_PID=0.000 EL_FF=0.000
2026-04-20 14:33:48 [INFO] MONITOR az=350.325 el=30.150 AZ_ERR=0.000 EL_ERR=0.000 AZ_PID=0.000 EL_PID=0.000 EL_FF=0.000
2026-04-20 14:33:49 [INFO] MONITOR az=350.325 el=30.150 AZ_ERR=0.000 EL_ERR=0.000 AZ_PID=0.000 EL_PID=0.000 EL_FF=0.000
2026-04-20 14:33:50 [INFO] MONITOR az=350.325 el=30.150 AZ_ERR=0.000 EL_ERR=0.000 AZ_PID=0.000 EL_PID=0.000 EL_FF=0.000
2026-04-20 14:33:51 [INFO] MONITOR az=350.325 el=30.150 AZ_ERR=0.000 EL_ERR=0.000 AZ_PID=0.000 EL_PID=0.000 EL_FF=0.000
2026-04-20 14:33:52 [INFO] MONITOR az=350.325 el=30.150 AZ_ERR=0.000 EL_ERR=0.000 AZ_PID=0.000 EL_PID=0.000 EL_FF=0.000
2026-04-20 14:33:53 [INFO] MONITOR az=350.325 el=30.150 AZ_ERR=0.000 EL_ERR=0.000 AZ_PID=0.000 EL_PID=0.000 EL_FF=0.000
2026-04-20 14:33:54 [INFO] MONITOR az=350.325 el=30.150 AZ_ERR=0.000 EL_ERR=0.000 AZ_PID=0.000 EL_PID=0.000 EL_FF=0.000
2026-04-20 14:33:55 [INFO] MONITOR az=350.325 el=30.150 AZ_ERR=0.000 EL_ERR=0.000 AZ_PID=0.000 EL_PID=0.000 EL_FF=0.000
2026-04-20 14:33:56 [INFO] MONITOR az=350.325 el=30.150 AZ_ERR=0.000 EL_ERR=0.000 AZ_PID=0.000 EL_PID=0.000 EL_FF=0.000
2026-04-20 14:33:57 [INFO] MONITOR az=350.325 el=30.150 AZ_ERR=0.000 EL_ERR=0.000 AZ_PID=0.000 EL_PID=0.000 EL_FF=0.000
2026-04-20 14:33:58 [INFO] MONITOR az=350.325 el=30.150 AZ_ERR=0.000 EL_ERR=0.000 AZ_PID=0.000 EL_PID=0.000 EL_FF=0.000
2026-04-20 14:33:59 [INFO] MONITOR az=350.325 el=30.150 AZ_ERR=0.000 EL_ERR=0.000 AZ_PID=0.000 EL_PID=0.000 EL_FF=0.000
2026-04-20 14:34:00 [INFO] MONITOR az=350.325 el=30.150 AZ_ERR=0.000 EL_ERR=0.000 AZ_PID=0.000 EL_PID=0.000 EL_FF=0.000
2026-04-20 14:34:01 [INFO] MONITOR az=350.325 el=30.150 AZ_ERR=0.000 EL_ERR=0.000 AZ_PID=0.000 EL_PID=0.000 EL_FF=0.000
2026-04-20 14:34:02 [INFO] MONITOR az=350.325 el=30.150 AZ_ERR=0.000 EL_ERR=0.000 AZ_PID=0.000 EL_PID=0.000 EL_FF=0.000
2026-04-20 14:34:03 [INFO] MONITOR az=350.325 el=30.150 AZ_ERR=0.000 EL_ERR=0.000 AZ_PID=0.000 EL_PID=0.000 EL_FF=0.000
2026-04-20 14:34:04 [INFO] MONITOR az=350.325 el=30.150 AZ_ERR=0.000 EL_ERR=0.000 AZ_PID=0.000 EL_PID=0.000 EL_FF=0.000
2026-04-20 14:34:05 [INFO] MONITOR az=350.325 el=30.150 AZ_ERR=0.000 EL_ERR=0.000 AZ_PID=0.000 EL_PID=0.000 EL_FF=0.000
2026-04-20 14:34:06 [INFO] MONITOR az=350.325 el=30.150 AZ_ERR=0.000 EL_ERR=0.000 AZ_PID=0.000 EL_PID=0.000 EL_FF=0.000
2026-04-20 14:34:07 [INFO] MONITOR az=350.325 el=30.150 AZ_ERR=0.000 EL_ERR=0.000 AZ_PID=0.000 EL_PID=0.000 EL_FF=0.000
2026-04-20 14:34:08 [INFO] MONITOR az=350.325 el=30.150 AZ_ERR=0.000 EL_ERR=0.000 AZ_PID=0.000 EL_PID=0.000 EL_FF=0.000
2026-04-20 14:34:09 [INFO] MONITOR az=350.325 el=30.150 AZ_ERR=0.000 EL_ERR=0.000 AZ_PID=0.000 EL_PID=0.000 EL_FF=0.000
2026-04-20 14:34:10 [INFO] MONITOR az=350.325 el=30.150 AZ_ERR=0.000 EL_ERR=0.000 AZ_PID=0.000 EL_PID=0.000 EL_FF=0.000
2026-04-20 14:34:11 [INFO] MONITOR az=350.325 el=30.150 AZ_ERR=0.000 EL_ERR=0.000 AZ_PID=0.000 EL_PID=0.000 EL_FF=0.000
2026-04-20 14:34:12 [INFO] MONITOR az=350.325 el=30.150 AZ_ERR=0.000 EL_ERR=0.000 AZ_PID=0.000 EL_PID=0.000 EL_FF=0.000
2026-04-20 14:34:13 [INFO] MONITOR az=350.325 el=30.150 AZ_ERR=0.000 EL_ERR=0.000 AZ_PID=0.000 EL_PID=0.000 EL_FF=0.000
2026-04-20 14:34:14 [INFO] MONITOR az=350.325 el=30.150 AZ_ERR=0.000 EL_ERR=0.000 AZ_PID=0.000 EL_PID=0.000 EL_FF=0.000
2026-04-20 14:34:15 [INFO] MONITOR az=350.325 el=30.150 AZ_ERR=0.000 EL_ERR=0.000 AZ_PID=0.000 EL_PID=0.000 EL_FF=0.000
2026-04-20 14:34:16 [INFO] MONITOR az=350.325 el=30.150 AZ_ERR=0.000 EL_ERR=0.000 AZ_PID=0.000 EL_PID=0.000 EL_FF=0.000
2026-04-20 14:34:17 [INFO] MONITOR az=350.325 el=30.150 AZ_ERR=0.000 EL_ERR=0.000 AZ_PID=0.000 EL_PID=0.000 EL_FF=0.000
2026-04-20 14:34:18 [INFO] MONITOR az=350.325 el=30.150 AZ_ERR=0.000 EL_ERR=0.000 AZ_PID=0.000 EL_PID=0.000 EL_FF=0.000
2026-04-20 14:34:19 [INFO] MONITOR az=350.325 el=30.150 AZ_ERR=0.000 EL_ERR=0.000 AZ_PID=0.000 EL_PID=0.000 EL_FF=0.000
2026-04-20 14:34:20 [INFO] MONITOR az=350.325 el=30.150 AZ_ERR=0.000 EL_ERR=0.000 AZ_PID=0.000 EL_PID=0.000 EL_FF=0.000
2026-04-20 14:34:21 [INFO] MONITOR az=350.325 el=30.150 AZ_ERR=0.000 EL_ERR=0.000 AZ_PID=0.000 EL_PID=0.000 EL_FF=0.000
2026-04-20 14:34:22 [INFO] MONITOR az=350.325 el=30.150 AZ_ERR=0.000 EL_ERR=0.000 AZ_PID=0.000 EL_PID=0.000 EL_FF=0.000
2026-04-20 14:34:23 [INFO] MONITOR az=350.325 el=30.150 AZ_ERR=0.000 EL_ERR=0.000 AZ_PID=0.000 EL_PID=0.000 EL_FF=0.000
2026-04-20 14:34:24 [INFO] MONITOR az=350.325 el=30.150 AZ_ERR=0.000 EL_ERR=0.000 AZ_PID=0.000 EL_PID=0.000 EL_FF=0.000
2026-04-20 14:34:25 [INFO] MONITOR az=350.325 el=30.150 AZ_ERR=0.000 EL_ERR=0.000 AZ_PID=0.000 EL_PID=0.000 EL_FF=0.000
2026-04-20 14:34:26 [INFO] MONITOR az=350.325 el=30.150 AZ_ERR=0.000 EL_ERR=0.000 AZ_PID=0.000 EL_PID=0.000 EL_FF=0.000
2026-04-20 14:34:27 [INFO] MONITOR az=350.325 el=30.150 AZ_ERR=0.000 EL_ERR=0.000 AZ_PID=0.000 EL_PID=0.000 EL_FF=0.000
2026-04-20 14:34:28 [INFO] MONITOR az=350.325 el=30.150 AZ_ERR=0.000 EL_ERR=0.000 AZ_PID=0.000 EL_PID=0.000 EL_FF=0.000
2026-04-20 14:34:29 [INFO] MONITOR az=350.325 el=30.150 AZ_ERR=0.000 EL_ERR=0.000 AZ_PID=0.000 EL_PID=0.000 EL_FF=0.000
2026-04-20 14:34:30 [INFO] MONITOR az=350.325 el=30.150 AZ_ERR=0.000 EL_ERR=0.000 AZ_PID=0.000 EL_PID=0.000 EL_FF=0.000
2026-04-20 14:34:31 [INFO] MONITOR az=350.325 el=30.150 AZ_ERR=0.000 EL_ERR=0.000 AZ_PID=0.000 EL_PID=0.000 EL_FF=0.000
2026-04-20 14:34:32 [INFO] MONITOR az=350.325 el=30.150 AZ_ERR=0.000 EL_ERR=0.000 AZ_PID=0.000 EL_PID=0.000 EL_FF=0.000
2026-04-20 14:34:33 [INFO] MONITOR az=350.325 el=30.150 AZ_ERR=0.000 EL_ERR=0.000 AZ_PID=0.000 EL_PID=0.000 EL_FF=0.000
2026-04-20 14:34:34 [INFO] MONITOR az=350.325 el=30.150 AZ_ERR=0.000 EL_ERR=0.000 AZ_PID=0.000 EL_PID=0.000 EL_FF=0.000
2026-04-20 14:34:35 [INFO] MONITOR az=350.325 el=30.150 AZ_ERR=0.000 EL_ERR=0.000 AZ_PID=0.000 EL_PID=0.000 EL_FF=0.000
2026-04-20 14:34:36 [INFO] MONITOR az=350.325 el=30.150 AZ_ERR=0.000 EL_ERR=0.000 AZ_PID=0.000 EL_PID=0.000 EL_FF=0.000
2026-04-20 14:34:37 [INFO] MONITOR az=350.325 el=30.150 AZ_ERR=0.000 EL_ERR=0.000 AZ_PID=0.000 EL_PID=0.000 EL_FF=0.000
2026-04-20 14:34:38 [INFO] MONITOR az=350.325 el=30.150 AZ_ERR=0.000 EL_ERR=0.000 AZ_PID=0.000 EL_PID=0.000 EL_FF=0.000
2026-04-20 14:34:39 [INFO] MONITOR az=350.325 el=30.150 AZ_ERR=0.000 EL_ERR=0.000 AZ_PID=0.000 EL_PID=0.000 EL_FF=0.000
2026-04-20 14:34:40 [INFO] MONITOR az=350.325 el=30.150 AZ_ERR=0.000 EL_ERR=0.000 AZ_PID=0.000 EL_PID=0.000 EL_FF=0.000
2026-04-20 14:34:41 [INFO] MONITOR az=350.325 el=30.150 AZ_ERR=0.000 EL_ERR=0.000 AZ_PID=0.000 EL_PID=0.000 EL_FF=0.000
2026-04-20 14:34:42 [INFO] MONITOR az=350.325 el=30.150 AZ_ERR=0.000 EL_ERR=0.000 AZ_PID=0.000 EL_PID=0.000 EL_FF=0.000
2026-04-20 14:34:43 [INFO] MONITOR az=350.325 el=30.150 AZ_ERR=0.000 EL_ERR=0.000 AZ_PID=0.000 EL_PID=0.000 EL_FF=0.000
2026-04-20 14:34:44 [INFO] MONITOR az=350.325 el=30.150 AZ_ERR=0.000 EL_ERR=0.000 AZ_PID=0.000 EL_PID=0.000 EL_FF=0.000
2026-04-20 14:34:45 [INFO] MONITOR az=350.325 el=30.150 AZ_ERR=0.000 EL_ERR=0.000 AZ_PID=0.000 EL_PID=0.000 EL_FF=0.000
2026-04-20 14:34:46 [INFO] MONITOR az=350.325 el=30.150 AZ_ERR=0.000 EL_ERR=0.000 AZ_PID=0.000 EL_PID=0.000 EL_FF=0.000
2026-04-20 14:34:47 [INFO] MONITOR az=350.325 el=30.150 AZ_ERR=0.000 EL_ERR=0.000 AZ_PID=0.000 EL_PID=0.000 EL_FF=0.000
2026-04-20 14:34:48 [INFO] MONITOR az=350.325 el=30.150 AZ_ERR=0.000 EL_ERR=0.000 AZ_PID=0.000 EL_PID=0.000 EL_FF=0.000
2026-04-20 14:34:49 [INFO] MONITOR az=350.325 el=30.150 AZ_ERR=0.000 EL_ERR=0.000 AZ_PID=0.000 EL_PID=0.000 EL_FF=0.000
2026-04-20 14:34:50 [INFO] MONITOR az=350.325 el=30.150 AZ_ERR=0.000 EL_ERR=0.000 AZ_PID=0.000 EL_PID=0.000 EL_FF=0.000
2026-04-20 14:34:51 [INFO] MONITOR az=350.325 el=30.150 AZ_ERR=0.000 EL_ERR=0.000 AZ_PID=0.000 EL_PID=0.000 EL_FF=0.000
2026-04-20 14:34:52 [INFO] MONITOR az=350.325 el=30.150 AZ_ERR=0.000 EL_ERR=0.000 AZ_PID=0.000 EL_PID=0.000 EL_FF=0.000
2026-04-20 14:34:53 [INFO] MONITOR az=350.325 el=30.150 AZ_ERR=0.000 EL_ERR=0.000 AZ_PID=0.000 EL_PID=0.000 EL_FF=0.000
2026-04-20 14:34:54 [INFO] MONITOR az=350.325 el=30.150 AZ_ERR=0.000 EL_ERR=0.000 AZ_PID=0.000 EL_PID=0.000 EL_FF=0.000
2026-04-20 14:34:55 [INFO] MONITOR az=350.325 el=30.150 AZ_ERR=0.000 EL_ERR=0.000 AZ_PID=0.000 EL_PID=0.000 EL_FF=0.000
2026-04-20 14:34:56 [INFO] MONITOR az=350.325 el=30.150 AZ_ERR=0.000 EL_ERR=0.000 AZ_PID=0.000 EL_PID=0.000 EL_FF=0.000
2026-04-20 14:34:57 [INFO] MONITOR az=350.325 el=30.150 AZ_ERR=0.000 EL_ERR=0.000 AZ_PID=0.000 EL_PID=0.000 EL_FF=0.000
2026-04-20 14:34:58 [INFO] MONITOR az=350.325 el=30.150 AZ_ERR=0.000 EL_ERR=0.000 AZ_PID=0.000 EL_PID=0.000 EL_FF=0.000
2026-04-20 14:34:59 [INFO] MONITOR az=350.325 el=30.150 AZ_ERR=0.000 EL_ERR=0.000 AZ_PID=0.000 EL_PID=0.000 EL_FF=0.000
2026-04-20 14:35:00 [INFO] MONITOR az=350.325 el=30.150 AZ_ERR=0.000 EL_ERR=0.000 AZ_PID=0.000 EL_PID=0.000 EL_FF=0.000
2026-04-20 14:35:01 [INFO] MONITOR az=350.325 el=30.150 AZ_ERR=0.000 EL_ERR=0.000 AZ_PID=0.000 EL_PID=0.000 EL_FF=0.000
2026-04-20 14:35:02 [INFO] MONITOR az=350.325 el=30.150 AZ_ERR=0.000 EL_ERR=0.000 AZ_PID=0.000 EL_PID=0.000 EL_FF=0.000
2026-04-20 14:35:03 [INFO] MONITOR az=350.325 el=30.150 AZ_ERR=0.000 EL_ERR=0.000 AZ_PID=0.000 EL_PID=0.000 EL_FF=0.000
2026-04-20 14:35:04 [INFO] MONITOR az=350.325 el=30.150 AZ_ERR=0.000 EL_ERR=0.000 AZ_PID=0.000 EL_PID=0.000 EL_FF=0.000
2026-04-20 14:35:05 [INFO] MONITOR az=350.325 el=30.150 AZ_ERR=0.000 EL_ERR=0.000 AZ_PID=0.000 EL_PID=0.000 EL_FF=0.000
2026-04-20 14:35:06 [INFO] MONITOR az=350.325 el=30.150 AZ_ERR=0.000 EL_ERR=0.000 AZ_PID=0.000 EL_PID=0.000 EL_FF=0.000
2026-04-20 14:35:07 [INFO] MONITOR az=350.325 el=30.150 AZ_ERR=0.000 EL_ERR=0.000 AZ_PID=0.000 EL_PID=0.000 EL_FF=0.000
2026-04-20 14:35:08 [INFO] MONITOR az=350.325 el=30.150 AZ_ERR=0.000 EL_ERR=0.000 AZ_PID=0.000 EL_PID=0.000 EL_FF=0.000
2026-04-20 14:35:09 [INFO] MONITOR az=350.325 el=30.150 AZ_ERR=0.000 EL_ERR=0.000 AZ_PID=0.000 EL_PID=0.000 EL_FF=0.000
2026-04-20 14:35:10 [INFO] MONITOR az=350.325 el=30.150 AZ_ERR=0.000 EL_ERR=0.000 AZ_PID=0.000 EL_PID=0.000 EL_FF=0.000
2026-04-20 14:35:11 [INFO] MONITOR az=350.325 el=30.150 AZ_ERR=0.000 EL_ERR=0.000 AZ_PID=0.000 EL_PID=0.000 EL_FF=0.000
2026-04-20 14:35:12 [INFO] MONITOR az=350.325 el=30.150 AZ_ERR=0.000 EL_ERR=0.000 AZ_PID=0.000 EL_PID=0.000 EL_FF=0.000
2026-04-20 14:35:13 [INFO] MONITOR az=350.325 el=30.150 AZ_ERR=0.000 EL_ERR=0.000 AZ_PID=0.000 EL_PID=0.000 EL_FF=0.000
2026-04-20 14:35:14 [INFO] MONITOR az=350.325 el=30.150 AZ_ERR=0.000 EL_ERR=0.000 AZ_PID=0.000 EL_PID=0.000 EL_FF=0.000
2026-04-20 14:35:15 [INFO] MONITOR az=350.325 el=30.150 AZ_ERR=0.000 EL_ERR=0.000 AZ_PID=0.000 EL_PID=0.000 EL_FF=0.000
2026-04-20 14:35:16 [INFO] MONITOR az=350.325 el=30.150 AZ_ERR=0.000 EL_ERR=0.000 AZ_PID=0.000 EL_PID=0.000 EL_FF=0.000
2026-04-20 14:35:17 [INFO] MONITOR az=350.325 el=30.150 AZ_ERR=0.000 EL_ERR=0.000 AZ_PID=0.000 EL_PID=0.000 EL_FF=0.000
2026-04-20 14:35:19 [INFO] MONITOR az=350.325 el=30.150 AZ_ERR=0.000 EL_ERR=0.000 AZ_PID=0.000 EL_PID=0.000 EL_FF=0.000
2026-04-20 14:35:20 [INFO] MONITOR az=350.325 el=30.150 AZ_ERR=0.000 EL_ERR=0.000 AZ_PID=0.000 EL_PID=0.000 EL_FF=0.000
2026-04-20 14:35:21 [INFO] MONITOR az=350.325 el=30.150 AZ_ERR=0.000 EL_ERR=0.000 AZ_PID=0.000 EL_PID=0.000 EL_FF=0.000
2026-04-20 14:35:22 [INFO] MONITOR az=350.325 el=30.150 AZ_ERR=0.000 EL_ERR=0.000 AZ_PID=0.000 EL_PID=0.000 EL_FF=0.000
2026-04-20 14:35:23 [INFO] MONITOR az=350.325 el=30.150 AZ_ERR=0.000 EL_ERR=0.000 AZ_PID=0.000 EL_PID=0.000 EL_FF=0.000
2026-04-20 14:35:24 [INFO] MONITOR az=350.325 el=30.150 AZ_ERR=0.000 EL_ERR=0.000 AZ_PID=0.000 EL_PID=0.000 EL_FF=0.000
2026-04-20 14:35:25 [INFO] MONITOR az=350.325 el=30.150 AZ_ERR=0.000 EL_ERR=0.000 AZ_PID=0.000 EL_PID=0.000 EL_FF=0.000
2026-04-20 14:35:26 [INFO] MONITOR az=350.325 el=30.150 AZ_ERR=0.000 EL_ERR=0.000 AZ_PID=0.000 EL_PID=0.000 EL_FF=0.000
2026-04-20 14:35:27 [INFO] MONITOR az=350.325 el=30.150 AZ_ERR=0.000 EL_ERR=0.000 AZ_PID=0.000 EL_PID=0.000 EL_FF=0.000
2026-04-20 14:35:28 [INFO] MONITOR az=350.325 el=30.150 AZ_ERR=0.000 EL_ERR=0.000 AZ_PID=0.000 EL_PID=0.000 EL_FF=0.000
2026-04-20 14:35:29 [INFO] MONITOR az=350.325 el=30.150 AZ_ERR=0.000 EL_ERR=0.000 AZ_PID=0.000 EL_PID=0.000 EL_FF=0.000
2026-04-20 14:35:30 [INFO] MONITOR az=350.325 el=30.150 AZ_ERR=0.000 EL_ERR=0.000 AZ_PID=0.000 EL_PID=0.000 EL_FF=0.000
2026-04-20 14:35:31 [INFO] MONITOR az=350.325 el=30.150 AZ_ERR=0.000 EL_ERR=0.000 AZ_PID=0.000 EL_PID=0.000 EL_FF=0.000
2026-04-20 14:35:32 [INFO] MONITOR az=350.325 el=30.150 AZ_ERR=0.000 EL_ERR=0.000 AZ_PID=0.000 EL_PID=0.000 EL_FF=0.000
2026-04-20 14:35:33 [INFO] MONITOR az=350.325 el=30.150 AZ_ERR=0.000 EL_ERR=0.000 AZ_PID=0.000 EL_PID=0.000 EL_FF=0.000
2026-04-20 14:35:34 [INFO] MONITOR az=350.325 el=30.150 AZ_ERR=0.000 EL_ERR=0.000 AZ_PID=0.000 EL_PID=0.000 EL_FF=0.000
2026-04-20 14:35:35 [INFO] MONITOR az=350.325 el=30.150 AZ_ERR=0.000 EL_ERR=0.000 AZ_PID=0.000 EL_PID=0.000 EL_FF=0.000
2026-04-20 14:35:36 [INFO] MONITOR az=350.325 el=30.150 AZ_ERR=0.000 EL_ERR=0.000 AZ_PID=0.000 EL_PID=0.000 EL_FF=0.000
2026-04-20 14:35:37 [INFO] MONITOR az=350.325 el=30.150 AZ_ERR=0.000 EL_ERR=0.000 AZ_PID=0.000 EL_PID=0.000 EL_FF=0.000
2026-04-20 14:35:38 [INFO] MONITOR az=350.325 el=30.150 AZ_ERR=0.000 EL_ERR=0.000 AZ_PID=0.000 EL_PID=0.000 EL_FF=0.000
2026-04-20 14:35:39 [INFO] MONITOR az=350.325 el=30.150 AZ_ERR=0.000 EL_ERR=0.000 AZ_PID=0.000 EL_PID=0.000 EL_FF=0.000
2026-04-20 14:35:40 [INFO] MONITOR az=350.325 el=30.150 AZ_ERR=0.000 EL_ERR=0.000 AZ_PID=0.000 EL_PID=0.000 EL_FF=0.000
2026-04-20 14:35:41 [INFO] MONITOR az=350.325 el=30.150 AZ_ERR=0.000 EL_ERR=0.000 AZ_PID=0.000 EL_PID=0.000 EL_FF=0.000
2026-04-20 14:35:42 [INFO] MONITOR az=350.325 el=30.150 AZ_ERR=0.000 EL_ERR=0.000 AZ_PID=0.000 EL_PID=0.000 EL_FF=0.000
2026-04-20 14:35:43 [INFO] MONITOR az=350.325 el=30.150 AZ_ERR=0.000 EL_ERR=0.000 AZ_PID=0.000 EL_PID=0.000 EL_FF=0.000
2026-04-20 14:35:44 [INFO] MONITOR az=350.325 el=30.150 AZ_ERR=0.000 EL_ERR=0.000 AZ_PID=0.000 EL_PID=0.000 EL_FF=0.000
2026-04-20 14:35:45 [INFO] MONITOR az=350.325 el=30.150 AZ_ERR=0.000 EL_ERR=0.000 AZ_PID=0.000 EL_PID=0.000 EL_FF=0.000
2026-04-20 14:35:46 [INFO] MONITOR az=350.325 el=30.150 AZ_ERR=0.000 EL_ERR=0.000 AZ_PID=0.000 EL_PID=0.000 EL_FF=0.000
2026-04-20 14:35:47 [INFO] MONITOR az=350.325 el=30.150 AZ_ERR=0.000 EL_ERR=0.000 AZ_PID=0.000 EL_PID=0.000 EL_FF=0.000
2026-04-20 14:35:48 [INFO] MONITOR az=350.325 el=30.150 AZ_ERR=0.000 EL_ERR=0.000 AZ_PID=0.000 EL_PID=0.000 EL_FF=0.000
2026-04-20 14:35:49 [INFO] MONITOR az=350.325 el=30.150 AZ_ERR=0.000 EL_ERR=0.000 AZ_PID=0.000 EL_PID=0.000 EL_FF=0.000
2026-04-20 14:35:50 [INFO] MONITOR az=350.325 el=30.150 AZ_ERR=0.000 EL_ERR=0.000 AZ_PID=0.000 EL_PID=0.000 EL_FF=0.000
2026-04-20 14:35:51 [INFO] MONITOR az=350.325 el=30.150 AZ_ERR=0.000 EL_ERR=0.000 AZ_PID=0.000 EL_PID=0.000 EL_FF=0.000
2026-04-20 14:35:52 [INFO] MONITOR az=350.325 el=30.150 AZ_ERR=0.000 EL_ERR=0.000 AZ_PID=0.000 EL_PID=0.000 EL_FF=0.000
2026-04-20 14:35:53 [INFO] MONITOR az=350.325 el=30.150 AZ_ERR=0.000 EL_ERR=0.000 AZ_PID=0.000 EL_PID=0.000 EL_FF=0.000
2026-04-20 14:35:54 [INFO] MONITOR az=350.325 el=30.150 AZ_ERR=0.000 EL_ERR=0.000 AZ_PID=0.000 EL_PID=0.000 EL_FF=0.000
2026-04-20 14:35:55 [INFO] MONITOR az=350.325 el=30.150 AZ_ERR=0.000 EL_ERR=0.000 AZ_PID=0.000 EL_PID=0.000 EL_FF=0.000
2026-04-20 14:35:56 [INFO] MONITOR az=350.325 el=30.150 AZ_ERR=0.000 EL_ERR=0.000 AZ_PID=0.000 EL_PID=0.000 EL_FF=0.000
2026-04-20 14:35:57 [INFO] MONITOR az=350.325 el=30.150 AZ_ERR=0.000 EL_ERR=0.000 AZ_PID=0.000 EL_PID=0.000 EL_FF=0.000
2026-04-20 14:35:58 [INFO] MONITOR az=350.325 el=30.150 AZ_ERR=0.000 EL_ERR=0.000 AZ_PID=0.000 EL_PID=0.000 EL_FF=0.000
2026-04-20 14:35:59 [INFO] MONITOR az=350.325 el=30.150 AZ_ERR=0.000 EL_ERR=0.000 AZ_PID=0.000 EL_PID=0.000 EL_FF=0.000
2026-04-20 14:36:00 [INFO] MONITOR az=350.325 el=30.150 AZ_ERR=0.000 EL_ERR=0.000 AZ_PID=0.000 EL_PID=0.000 EL_FF=0.000
2026-04-20 14:36:01 [INFO] MONITOR az=350.325 el=30.150 AZ_ERR=0.000 EL_ERR=0.000 AZ_PID=0.000 EL_PID=0.000 EL_FF=0.000
2026-04-20 14:36:02 [INFO] MONITOR az=350.325 el=30.150 AZ_ERR=0.000 EL_ERR=0.000 AZ_PID=0.000 EL_PID=0.000 EL_FF=0.000
2026-04-20 14:36:03 [INFO] MONITOR az=350.325 el=30.150 AZ_ERR=0.000 EL_ERR=0.000 AZ_PID=0.000 EL_PID=0.000 EL_FF=0.000
2026-04-20 14:36:04 [INFO] MONITOR az=350.325 el=30.150 AZ_ERR=0.000 EL_ERR=0.000 AZ_PID=0.000 EL_PID=0.000 EL_FF=0.000
2026-04-20 14:36:05 [INFO] MONITOR az=350.325 el=30.150 AZ_ERR=0.000 EL_ERR=0.000 AZ_PID=0.000 EL_PID=0.000 EL_FF=0.000
2026-04-20 14:36:06 [INFO] MONITOR az=350.325 el=30.150 AZ_ERR=0.000 EL_ERR=0.000 AZ_PID=0.000 EL_PID=0.000 EL_FF=0.000
2026-04-20 14:36:07 [INFO] MONITOR az=350.325 el=30.150 AZ_ERR=0.000 EL_ERR=0.000 AZ_PID=0.000 EL_PID=0.000 EL_FF=0.000
2026-04-20 14:36:08 [INFO] MONITOR az=350.325 el=30.150 AZ_ERR=0.000 EL_ERR=0.000 AZ_PID=0.000 EL_PID=0.000 EL_FF=0.000
2026-04-20 14:36:09 [INFO] MONITOR az=350.325 el=30.150 AZ_ERR=0.000 EL_ERR=0.000 AZ_PID=0.000 EL_PID=0.000 EL_FF=0.000
2026-04-20 14:36:10 [INFO] MONITOR az=350.325 el=30.150 AZ_ERR=0.000 EL_ERR=0.000 AZ_PID=0.000 EL_PID=0.000 EL_FF=0.000
2026-04-20 14:36:11 [INFO] MONITOR az=350.325 el=30.150 AZ_ERR=0.000 EL_ERR=0.000 AZ_PID=0.000 EL_PID=0.000 EL_FF=0.000
2026-04-20 14:36:12 [INFO] MONITOR az=350.325 el=30.150 AZ_ERR=0.000 EL_ERR=0.000 AZ_PID=0.000 EL_PID=0.000 EL_FF=0.000
2026-04-20 14:36:13 [INFO] MONITOR az=350.325 el=30.150 AZ_ERR=0.000 EL_ERR=0.000 AZ_PID=0.000 EL_PID=0.000 EL_FF=0.000
2026-04-20 14:36:14 [INFO] MONITOR az=350.325 el=30.150 AZ_ERR=0.000 EL_ERR=0.000 AZ_PID=0.000 EL_PID=0.000 EL_FF=0.000
2026-04-20 14:36:15 [INFO] MONITOR az=350.325 el=30.150 AZ_ERR=0.000 EL_ERR=0.000 AZ_PID=0.000 EL_PID=0.000 EL_FF=0.000
2026-04-20 14:36:16 [INFO] MONITOR az=350.325 el=30.150 AZ_ERR=0.000 EL_ERR=0.000 AZ_PID=0.000 EL_PID=0.000 EL_FF=0.000
2026-04-20 14:36:17 [INFO] MONITOR az=350.325 el=30.150 AZ_ERR=0.000 EL_ERR=0.000 AZ_PID=0.000 EL_PID=0.000 EL_FF=0.000
2026-04-20 14:36:18 [INFO] MONITOR az=350.325 el=30.150 AZ_ERR=0.000 EL_ERR=0.000 AZ_PID=0.000 EL_PID=0.000 EL_FF=0.000
2026-04-20 14:36:19 [INFO] MONITOR az=350.325 el=30.150 AZ_ERR=0.000 EL_ERR=0.000 AZ_PID=0.000 EL_PID=0.000 EL_FF=0.000
2026-04-20 14:36:20 [INFO] MONITOR az=350.325 el=30.150 AZ_ERR=0.000 EL_ERR=0.000 AZ_PID=0.000 EL_PID=0.000 EL_FF=0.000
2026-04-20 14:36:21 [INFO] MONITOR az=350.325 el=30.150 AZ_ERR=0.000 EL_ERR=0.000 AZ_PID=0.000 EL_PID=0.000 EL_FF=0.000
2026-04-20 14:36:22 [INFO] MONITOR az=350.325 el=30.150 AZ_ERR=0.000 EL_ERR=0.000 AZ_PID=0.000 EL_PID=0.000 EL_FF=0.000
2026-04-20 14:36:23 [INFO] MONITOR az=350.325 el=30.150 AZ_ERR=0.000 EL_ERR=0.000 AZ_PID=0.000 EL_PID=0.000 EL_FF=0.000
2026-04-20 14:36:24 [INFO] MONITOR az=350.325 el=30.150 AZ_ERR=0.000 EL_ERR=0.000 AZ_PID=0.000 EL_PID=0.000 EL_FF=0.000
2026-04-20 14:36:25 [INFO] MONITOR az=350.325 el=30.150 AZ_ERR=0.000 EL_ERR=0.000 AZ_PID=0.000 EL_PID=0.000 EL_FF=0.000
2026-04-20 14:36:26 [INFO] MONITOR az=350.325 el=30.150 AZ_ERR=0.000 EL_ERR=0.000 AZ_PID=0.000 EL_PID=0.000 EL_FF=0.000
2026-04-20 14:36:27 [INFO] MONITOR az=350.325 el=30.150 AZ_ERR=0.000 EL_ERR=0.000 AZ_PID=0.000 EL_PID=0.000 EL_FF=0.000
2026-04-20 14:36:28 [INFO] MONITOR az=350.325 el=30.150 AZ_ERR=0.000 EL_ERR=0.000 AZ_PID=0.000 EL_PID=0.000 EL_FF=0.000
2026-04-20 14:36:29 [INFO] MONITOR az=350.325 el=30.150 AZ_ERR=0.000 EL_ERR=0.000 AZ_PID=0.000 EL_PID=0.000 EL_FF=0.000
2026-04-20 14:36:30 [INFO] MONITOR az=350.325 el=30.150 AZ_ERR=0.000 EL_ERR=0.000 AZ_PID=0.000 EL_PID=0.000 EL_FF=0.000
2026-04-20 14:36:31 [INFO] MONITOR az=350.325 el=30.150 AZ_ERR=0.000 EL_ERR=0.000 AZ_PID=0.000 EL_PID=0.000 EL_FF=0.000
2026-04-20 14:36:32 [INFO] MONITOR az=350.325 el=30.150 AZ_ERR=0.000 EL_ERR=0.000 AZ_PID=0.000 EL_PID=0.000 EL_FF=0.000
2026-04-20 14:36:33 [INFO] MONITOR az=350.325 el=30.150 AZ_ERR=0.000 EL_ERR=0.000 AZ_PID=0.000 EL_PID=0.000 EL_FF=0.000
2026-04-20 14:36:34 [INFO] MONITOR az=350.325 el=30.150 AZ_ERR=0.000 EL_ERR=0.000 AZ_PID=0.000 EL_PID=0.000 EL_FF=0.000
2026-04-20 14:36:35 [INFO] MONITOR az=350.325 el=30.150 AZ_ERR=0.000 EL_ERR=0.000 AZ_PID=0.000 EL_PID=0.000 EL_FF=0.000
2026-04-20 14:36:36 [INFO] MONITOR az=350.325 el=30.150 AZ_ERR=0.000 EL_ERR=0.000 AZ_PID=0.000 EL_PID=0.000 EL_FF=0.000
2026-04-20 14:36:37 [INFO] MONITOR az=350.325 el=30.150 AZ_ERR=0.000 EL_ERR=0.000 AZ_PID=0.000 EL_PID=0.000 EL_FF=0.000
2026-04-20 14:36:38 [INFO] MONITOR az=350.325 el=30.150 AZ_ERR=0.000 EL_ERR=0.000 AZ_PID=0.000 EL_PID=0.000 EL_FF=0.000
2026-04-20 14:36:39 [INFO] MONITOR az=350.325 el=30.150 AZ_ERR=0.000 EL_ERR=0.000 AZ_PID=0.000 EL_PID=0.000 EL_FF=0.000
2026-04-20 14:36:40 [INFO] MONITOR az=350.325 el=30.150 AZ_ERR=0.000 EL_ERR=0.000 AZ_PID=0.000 EL_PID=0.000 EL_FF=0.000
2026-04-20 14:36:41 [INFO] MONITOR az=350.325 el=30.150 AZ_ERR=0.000 EL_ERR=0.000 AZ_PID=0.000 EL_PID=0.000 EL_FF=0.000
2026-04-20 14:36:42 [INFO] MONITOR az=350.325 el=30.150 AZ_ERR=0.000 EL_ERR=0.000 AZ_PID=0.000 EL_PID=0.000 EL_FF=0.000
2026-04-20 14:36:43 [INFO] MONITOR az=350.325 el=30.150 AZ_ERR=0.000 EL_ERR=0.000 AZ_PID=0.000 EL_PID=0.000 EL_FF=0.000
2026-04-20 14:36:44 [INFO] MONITOR az=350.325 el=30.150 AZ_ERR=0.000 EL_ERR=0.000 AZ_PID=0.000 EL_PID=0.000 EL_FF=0.000
2026-04-20 14:36:45 [INFO] MONITOR az=350.325 el=30.150 AZ_ERR=0.000 EL_ERR=0.000 AZ_PID=0.000 EL_PID=0.000 EL_FF=0.000
2026-04-20 14:36:46 [INFO] MONITOR az=350.325 el=30.150 AZ_ERR=0.000 EL_ERR=0.000 AZ_PID=0.000 EL_PID=0.000 EL_FF=0.000
2026-04-20 14:36:47 [INFO] MONITOR az=350.325 el=30.150 AZ_ERR=0.000 EL_ERR=0.000 AZ_PID=0.000 EL_PID=0.000 EL_FF=0.000
2026-04-20 14:36:48 [INFO] MONITOR az=350.325 el=30.150 AZ_ERR=0.000 EL_ERR=0.000 AZ_PID=0.000 EL_PID=0.000 EL_FF=0.000
2026-04-20 14:36:49 [INFO] MONITOR az=350.325 el=30.150 AZ_ERR=0.000 EL_ERR=0.000 AZ_PID=0.000 EL_PID=0.000 EL_FF=0.000
2026-04-20 14:36:50 [INFO] MONITOR az=350.325 el=30.150 AZ_ERR=0.000 EL_ERR=0.000 AZ_PID=0.000 EL_PID=0.000 EL_FF=0.000
2026-04-20 14:36:51 [INFO] MONITOR az=350.325 el=30.150 AZ_ERR=0.000 EL_ERR=0.000 AZ_PID=0.000 EL_PID=0.000 EL_FF=0.000
2026-04-20 14:36:52 [INFO] MONITOR az=350.325 el=30.150 AZ_ERR=0.000 EL_ERR=0.000 AZ_PID=0.000 EL_PID=0.000 EL_FF=0.000
2026-04-20 14:36:53 [INFO] MONITOR az=350.325 el=30.150 AZ_ERR=0.000 EL_ERR=0.000 AZ_PID=0.000 EL_PID=0.000 EL_FF=0.000
2026-04-20 14:36:54 [INFO] MONITOR az=350.325 el=30.150 AZ_ERR=0.000 EL_ERR=0.000 AZ_PID=0.000 EL_PID=0.000 EL_FF=0.000
2026-04-20 14:36:55 [INFO] MONITOR az=350.325 el=30.150 AZ_ERR=0.000 EL_ERR=0.000 AZ_PID=0.000 EL_PID=0.000 EL_FF=0.000
2026-04-20 14:36:56 [INFO] MONITOR az=350.325 el=30.150 AZ_ERR=0.000 EL_ERR=0.000 AZ_PID=0.000 EL_PID=0.000 EL_FF=0.000
2026-04-20 14:36:57 [INFO] MONITOR az=350.325 el=30.150 AZ_ERR=0.000 EL_ERR=0.000 AZ_PID=0.000 EL_PID=0.000 EL_FF=0.000
2026-04-20 14:36:58 [INFO] MONITOR az=350.325 el=30.150 AZ_ERR=0.000 EL_ERR=0.000 AZ_PID=0.000 EL_PID=0.000 EL_FF=0.000
2026-04-20 14:36:59 [INFO] MONITOR az=350.325 el=30.150 AZ_ERR=0.000 EL_ERR=0.000 AZ_PID=0.000 EL_PID=0.000 EL_FF=0.000
2026-04-20 14:37:00 [INFO] MONITOR az=350.325 el=30.150 AZ_ERR=0.000 EL_ERR=0.000 AZ_PID=0.000 EL_PID=0.000 EL_FF=0.000
2026-04-20 14:37:01 [INFO] MONITOR az=350.325 el=30.150 AZ_ERR=0.000 EL_ERR=0.000 AZ_PID=0.000 EL_PID=0.000 EL_FF=0.000
2026-04-20 14:37:02 [INFO] MONITOR az=350.325 el=30.150 AZ_ERR=0.000 EL_ERR=0.000 AZ_PID=0.000 EL_PID=0.000 EL_FF=0.000
2026-04-20 14:37:03 [INFO] MONITOR az=350.325 el=30.150 AZ_ERR=0.000 EL_ERR=0.000 AZ_PID=0.000 EL_PID=0.000 EL_FF=0.000
2026-04-20 14:37:04 [INFO] MONITOR az=350.325 el=30.150 AZ_ERR=0.000 EL_ERR=0.000 AZ_PID=0.000 EL_PID=0.000 EL_FF=0.000
2026-04-20 14:37:05 [INFO] MONITOR az=350.325 el=30.150 AZ_ERR=0.000 EL_ERR=0.000 AZ_PID=0.000 EL_PID=0.000 EL_FF=0.000
2026-04-20 14:37:06 [INFO] MONITOR az=350.325 el=30.150 AZ_ERR=0.000 EL_ERR=0.000 AZ_PID=0.000 EL_PID=0.000 EL_FF=0.000
2026-04-20 14:37:07 [INFO] MONITOR az=350.325 el=30.150 AZ_ERR=0.000 EL_ERR=0.000 AZ_PID=0.000 EL_PID=0.000 EL_FF=0.000
2026-04-20 14:37:08 [INFO] MONITOR az=350.325 el=30.150 AZ_ERR=0.000 EL_ERR=0.000 AZ_PID=0.000 EL_PID=0.000 EL_FF=0.000
2026-04-20 14:37:09 [INFO] MONITOR az=350.325 el=30.150 AZ_ERR=0.000 EL_ERR=0.000 AZ_PID=0.000 EL_PID=0.000 EL_FF=0.000
2026-04-20 14:37:10 [INFO] MONITOR az=350.325 el=30.150 AZ_ERR=0.000 EL_ERR=0.000 AZ_PID=0.000 EL_PID=0.000 EL_FF=0.000
2026-04-20 14:37:11 [INFO] MONITOR az=350.325 el=30.150 AZ_ERR=0.000 EL_ERR=0.000 AZ_PID=0.000 EL_PID=0.000 EL_FF=0.000
2026-04-20 14:37:12 [INFO] MONITOR az=350.325 el=30.150 AZ_ERR=0.000 EL_ERR=0.000 AZ_PID=0.000 EL_PID=0.000 EL_FF=0.000
2026-04-20 14:37:13 [INFO] MONITOR az=350.325 el=30.150 AZ_ERR=0.000 EL_ERR=0.000 AZ_PID=0.000 EL_PID=0.000 EL_FF=0.000
2026-04-20 14:37:14 [INFO] MONITOR az=350.325 el=30.150 AZ_ERR=0.000 EL_ERR=0.000 AZ_PID=0.000 EL_PID=0.000 EL_FF=0.000
2026-04-20 14:37:15 [INFO] MONITOR az=350.325 el=30.150 AZ_ERR=0.000 EL_ERR=0.000 AZ_PID=0.000 EL_PID=0.000 EL_FF=0.000
2026-04-20 14:37:16 [INFO] MONITOR az=350.325 el=30.150 AZ_ERR=0.000 EL_ERR=0.000 AZ_PID=0.000 EL_PID=0.000 EL_FF=0.000
2026-04-20 14:37:17 [INFO] MONITOR az=350.325 el=30.150 AZ_ERR=0.000 EL_ERR=0.000 AZ_PID=0.000 EL_PID=0.000 EL_FF=0.000
2026-04-20 14:37:18 [INFO] MONITOR az=350.325 el=30.150 AZ_ERR=0.000 EL_ERR=0.000 AZ_PID=0.000 EL_PID=0.000 EL_FF=0.000
2026-04-20 14:37:19 [INFO] MONITOR az=350.325 el=30.150 AZ_ERR=0.000 EL_ERR=0.000 AZ_PID=0.000 EL_PID=0.000 EL_FF=0.000
2026-04-20 14:37:20 [INFO] MONITOR az=350.325 el=30.150 AZ_ERR=0.000 EL_ERR=0.000 AZ_PID=0.000 EL_PID=0.000 EL_FF=0.000
2026-04-20 14:37:21 [INFO] MONITOR az=350.325 el=30.150 AZ_ERR=0.000 EL_ERR=0.000 AZ_PID=0.000 EL_PID=0.000 EL_FF=0.000
2026-04-20 14:37:22 [INFO] MONITOR az=350.325 el=30.150 AZ_ERR=0.000 EL_ERR=0.000 AZ_PID=0.000 EL_PID=0.000 EL_FF=0.000
2026-04-20 14:37:23 [INFO] MONITOR az=350.325 el=30.150 AZ_ERR=0.000 EL_ERR=0.000 AZ_PID=0.000 EL_PID=0.000 EL_FF=0.000
2026-04-20 14:37:24 [INFO] MONITOR az=350.325 el=30.150 AZ_ERR=0.000 EL_ERR=0.000 AZ_PID=0.000 EL_PID=0.000 EL_FF=0.000
2026-04-20 14:37:25 [INFO] MONITOR az=350.325 el=30.150 AZ_ERR=0.000 EL_ERR=0.000 AZ_PID=0.000 EL_PID=0.000 EL_FF=0.000
2026-04-20 14:37:26 [INFO] MONITOR az=350.325 el=30.150 AZ_ERR=0.000 EL_ERR=0.000 AZ_PID=0.000 EL_PID=0.000 EL_FF=0.000
2026-04-20 14:37:27 [INFO] MONITOR az=350.325 el=30.150 AZ_ERR=0.000 EL_ERR=0.000 AZ_PID=0.000 EL_PID=0.000 EL_FF=0.000
2026-04-20 14:37:28 [INFO] MONITOR az=350.325 el=30.150 AZ_ERR=0.000 EL_ERR=0.000 AZ_PID=0.000 EL_PID=0.000 EL_FF=0.000
2026-04-20 14:37:29 [INFO] MONITOR az=350.325 el=30.150 AZ_ERR=0.000 EL_ERR=0.000 AZ_PID=0.000 EL_PID=0.000 EL_FF=0.000
2026-04-20 14:37:30 [INFO] MONITOR az=350.325 el=30.150 AZ_ERR=0.000 EL_ERR=0.000 AZ_PID=0.000 EL_PID=0.000 EL_FF=0.000
2026-04-20 14:37:31 [INFO] MONITOR az=350.325 el=30.150 AZ_ERR=0.000 EL_ERR=0.000 AZ_PID=0.000 EL_PID=0.000 EL_FF=0.000
2026-04-20 14:37:32 [INFO] MONITOR az=350.325 el=30.150 AZ_ERR=0.000 EL_ERR=0.000 AZ_PID=0.000 EL_PID=0.000 EL_FF=0.000
2026-04-20 14:37:33 [INFO] MONITOR az=350.325 el=30.150 AZ_ERR=0.000 EL_ERR=0.000 AZ_PID=0.000 EL_PID=0.000 EL_FF=0.000
2026-04-20 14:37:34 [INFO] MONITOR az=350.325 el=30.150 AZ_ERR=0.000 EL_ERR=0.000 AZ_PID=0.000 EL_PID=0.000 EL_FF=0.000
2026-04-20 14:37:35 [INFO] MONITOR az=350.325 el=30.150 AZ_ERR=0.000 EL_ERR=0.000 AZ_PID=0.000 EL_PID=0.000 EL_FF=0.000
2026-04-20 14:37:36 [INFO] MONITOR az=350.325 el=30.150 AZ_ERR=0.000 EL_ERR=0.000 AZ_PID=0.000 EL_PID=0.000 EL_FF=0.000
2026-04-20 14:37:37 [INFO] MONITOR az=350.325 el=30.150 AZ_ERR=0.000 EL_ERR=0.000 AZ_PID=0.000 EL_PID=0.000 EL_FF=0.000
2026-04-20 14:37:38 [INFO] MONITOR az=350.325 el=30.150 AZ_ERR=0.000 EL_ERR=0.000 AZ_PID=0.000 EL_PID=0.000 EL_FF=0.000
2026-04-20 14:37:39 [INFO] MONITOR az=350.325 el=30.150 AZ_ERR=0.000 EL_ERR=0.000 AZ_PID=0.000 EL_PID=0.000 EL_FF=0.000
2026-04-20 14:37:40 [INFO] MONITOR az=350.325 el=30.150 AZ_ERR=0.000 EL_ERR=0.000 AZ_PID=0.000 EL_PID=0.000 EL_FF=0.000
2026-04-20 14:37:41 [INFO] MONITOR az=350.325 el=30.150 AZ_ERR=0.000 EL_ERR=0.000 AZ_PID=0.000 EL_PID=0.000 EL_FF=0.000
2026-04-20 14:37:42 [INFO] MONITOR az=350.325 el=30.150 AZ_ERR=0.000 EL_ERR=0.000 AZ_PID=0.000 EL_PID=0.000 EL_FF=0.000
2026-04-20 14:37:43 [INFO] MONITOR az=350.325 el=30.150 AZ_ERR=0.000 EL_ERR=0.000 AZ_PID=0.000 EL_PID=0.000 EL_FF=0.000
2026-04-20 14:37:44 [INFO] MONITOR az=350.325 el=30.150 AZ_ERR=0.000 EL_ERR=0.000 AZ_PID=0.000 EL_PID=0.000 EL_FF=0.000
2026-04-20 14:37:45 [INFO] MONITOR az=350.325 el=30.150 AZ_ERR=0.000 EL_ERR=0.000 AZ_PID=0.000 EL_PID=0.000 EL_FF=0.000
2026-04-20 14:37:46 [INFO] MONITOR az=350.325 el=30.150 AZ_ERR=0.000 EL_ERR=0.000 AZ_PID=0.000 EL_PID=0.000 EL_FF=0.000
2026-04-20 14:37:47 [INFO] MONITOR az=350.325 el=30.150 AZ_ERR=0.000 EL_ERR=0.000 AZ_PID=0.000 EL_PID=0.000 EL_FF=0.000
2026-04-20 14:37:48 [INFO] MONITOR az=350.325 el=30.150 AZ_ERR=0.000 EL_ERR=0.000 AZ_PID=0.000 EL_PID=0.000 EL_FF=0.000
2026-04-20 14:37:49 [INFO] MONITOR az=350.325 el=30.150 AZ_ERR=0.000 EL_ERR=0.000 AZ_PID=0.000 EL_PID=0.000 EL_FF=0.000
2026-04-20 14:37:50 [INFO] MONITOR az=350.325 el=30.150 AZ_ERR=0.000 EL_ERR=0.000 AZ_PID=0.000 EL_PID=0.000 EL_FF=0.000
2026-04-20 14:37:51 [INFO] MONITOR az=350.325 el=30.150 AZ_ERR=0.000 EL_ERR=0.000 AZ_PID=0.000 EL_PID=0.000 EL_FF=0.000
2026-04-20 14:37:52 [INFO] MONITOR az=350.325 el=30.150 AZ_ERR=0.000 EL_ERR=0.000 AZ_PID=0.000 EL_PID=0.000 EL_FF=0.000
2026-04-20 14:37:53 [INFO] MONITOR az=350.325 el=30.150 AZ_ERR=0.000 EL_ERR=0.000 AZ_PID=0.000 EL_PID=0.000 EL_FF=0.000
2026-04-20 14:37:54 [INFO] MONITOR az=350.325 el=30.150 AZ_ERR=0.000 EL_ERR=0.000 AZ_PID=0.000 EL_PID=0.000 EL_FF=0.000
2026-04-20 14:37:55 [INFO] MONITOR az=350.325 el=30.150 AZ_ERR=0.000 EL_ERR=0.000 AZ_PID=0.000 EL_PID=0.000 EL_FF=0.000
2026-04-20 14:37:56 [INFO] MONITOR az=350.325 el=30.150 AZ_ERR=0.000 EL_ERR=0.000 AZ_PID=0.000 EL_PID=0.000 EL_FF=0.000
2026-04-20 14:37:57 [INFO] MONITOR az=350.325 el=30.150 AZ_ERR=0.000 EL_ERR=0.000 AZ_PID=0.000 EL_PID=0.000 EL_FF=0.000
2026-04-20 14:37:58 [INFO] MONITOR az=350.325 el=30.150 AZ_ERR=0.000 EL_ERR=0.000 AZ_PID=0.000 EL_PID=0.000 EL_FF=0.000
2026-04-20 14:37:59 [INFO] MONITOR az=350.325 el=30.150 AZ_ERR=0.000 EL_ERR=0.000 AZ_PID=0.000 EL_PID=0.000 EL_FF=0.000
2026-04-20 14:38:00 [INFO] MONITOR az=350.325 el=30.150 AZ_ERR=0.000 EL_ERR=0.000 AZ_PID=0.000 EL_PID=0.000 EL_FF=0.000
2026-04-20 14:38:01 [INFO] MONITOR az=350.325 el=30.150 AZ_ERR=0.000 EL_ERR=0.000 AZ_PID=0.000 EL_PID=0.000 EL_FF=0.000
2026-04-20 14:38:02 [INFO] MONITOR az=350.325 el=30.150 AZ_ERR=0.000 EL_ERR=0.000 AZ_PID=0.000 EL_PID=0.000 EL_FF=0.000
2026-04-20 14:38:03 [INFO] MONITOR az=350.325 el=30.150 AZ_ERR=0.000 EL_ERR=0.000 AZ_PID=0.000 EL_PID=0.000 EL_FF=0.000
2026-04-20 14:38:04 [INFO] MONITOR az=350.325 el=30.150 AZ_ERR=0.000 EL_ERR=0.000 AZ_PID=0.000 EL_PID=0.000 EL_FF=0.000
2026-04-20 14:38:05 [INFO] MONITOR az=350.325 el=30.150 AZ_ERR=0.000 EL_ERR=0.000 AZ_PID=0.000 EL_PID=0.000 EL_FF=0.000
2026-04-20 14:38:06 [INFO] MONITOR az=350.325 el=30.150 AZ_ERR=0.000 EL_ERR=0.000 AZ_PID=0.000 EL_PID=0.000 EL_FF=0.000
2026-04-20 14:38:07 [INFO] MONITOR az=350.325 el=30.150 AZ_ERR=0.000 EL_ERR=0.000 AZ_PID=0.000 EL_PID=0.000 EL_FF=0.000
2026-04-20 14:38:08 [INFO] MONITOR az=350.325 el=30.150 AZ_ERR=0.000 EL_ERR=0.000 AZ_PID=0.000 EL_PID=0.000 EL_FF=0.000
2026-04-20 14:38:09 [INFO] MONITOR az=350.325 el=30.150 AZ_ERR=0.000 EL_ERR=0.000 AZ_PID=0.000 EL_PID=0.000 EL_FF=0.000
2026-04-20 14:38:10 [INFO] MONITOR az=350.325 el=30.150 AZ_ERR=0.000 EL_ERR=0.000 AZ_PID=0.000 EL_PID=0.000 EL_FF=0.000
2026-04-20 14:38:11 [INFO] MONITOR az=350.325 el=30.150 AZ_ERR=0.000 EL_ERR=0.000 AZ_PID=0.000 EL_PID=0.000 EL_FF=0.000
2026-04-20 14:38:12 [INFO] MONITOR az=350.325 el=30.150 AZ_ERR=0.000 EL_ERR=0.000 AZ_PID=0.000 EL_PID=0.000 EL_FF=0.000
2026-04-20 14:38:13 [INFO] MONITOR az=350.325 el=30.150 AZ_ERR=0.000 EL_ERR=0.000 AZ_PID=0.000 EL_PID=0.000 EL_FF=0.000
2026-04-20 14:38:14 [INFO] MONITOR az=350.325 el=30.150 AZ_ERR=0.000 EL_ERR=0.000 AZ_PID=0.000 EL_PID=0.000 EL_FF=0.000
2026-04-20 14:38:15 [INFO] MONITOR az=350.325 el=30.150 AZ_ERR=0.000 EL_ERR=0.000 AZ_PID=0.000 EL_PID=0.000 EL_FF=0.000
2026-04-20 14:38:16 [INFO] MONITOR az=350.325 el=30.150 AZ_ERR=0.000 EL_ERR=0.000 AZ_PID=0.000 EL_PID=0.000 EL_FF=0.000
2026-04-20 14:38:17 [INFO] MONITOR az=350.325 el=30.150 AZ_ERR=0.000 EL_ERR=0.000 AZ_PID=0.000 EL_PID=0.000 EL_FF=0.000
2026-04-20 14:38:18 [INFO] MONITOR az=350.325 el=30.150 AZ_ERR=0.000 EL_ERR=0.000 AZ_PID=0.000 EL_PID=0.000 EL_FF=0.000
2026-04-20 14:38:19 [INFO] MONITOR az=350.325 el=30.150 AZ_ERR=0.000 EL_ERR=0.000 AZ_PID=0.000 EL_PID=0.000 EL_FF=0.000
2026-04-20 14:38:20 [INFO] MONITOR az=350.325 el=30.150 AZ_ERR=0.000 EL_ERR=0.000 AZ_PID=0.000 EL_PID=0.000 EL_FF=0.000
2026-04-20 14:38:21 [INFO] MONITOR az=350.325 el=30.150 AZ_ERR=0.000 EL_ERR=0.000 AZ_PID=0.000 EL_PID=0.000 EL_FF=0.000
2026-04-20 14:38:22 [INFO] MONITOR az=350.325 el=30.150 AZ_ERR=0.000 EL_ERR=0.000 AZ_PID=0.000 EL_PID=0.000 EL_FF=0.000
2026-04-20 14:38:23 [INFO] MONITOR az=350.325 el=30.150 AZ_ERR=0.000 EL_ERR=0.000 AZ_PID=0.000 EL_PID=0.000 EL_FF=0.000
2026-04-20 14:38:24 [INFO] MONITOR az=350.325 el=30.150 AZ_ERR=0.000 EL_ERR=0.000 AZ_PID=0.000 EL_PID=0.000 EL_FF=0.000
2026-04-20 14:38:25 [INFO] MONITOR az=350.325 el=30.150 AZ_ERR=0.000 EL_ERR=0.000 AZ_PID=0.000 EL_PID=0.000 EL_FF=0.000
2026-04-20 14:38:26 [INFO] MONITOR az=350.325 el=30.150 AZ_ERR=0.000 EL_ERR=0.000 AZ_PID=0.000 EL_PID=0.000 EL_FF=0.000
2026-04-20 14:38:27 [INFO] MONITOR az=350.325 el=30.150 AZ_ERR=0.000 EL_ERR=0.000 AZ_PID=0.000 EL_PID=0.000 EL_FF=0.000
2026-04-20 14:38:28 [INFO] MONITOR az=350.325 el=30.150 AZ_ERR=0.000 EL_ERR=0.000 AZ_PID=0.000 EL_PID=0.000 EL_FF=0.000
2026-04-20 14:38:29 [INFO] MONITOR az=350.325 el=30.150 AZ_ERR=0.000 EL_ERR=0.000 AZ_PID=0.000 EL_PID=0.000 EL_FF=0.000
2026-04-20 14:38:30 [INFO] MONITOR az=350.325 el=30.150 AZ_ERR=0.000 EL_ERR=0.000 AZ_PID=0.000 EL_PID=0.000 EL_FF=0.000
2026-04-20 14:38:31 [INFO] MONITOR az=350.325 el=30.150 AZ_ERR=0.000 EL_ERR=0.000 AZ_PID=0.000 EL_PID=0.000 EL_FF=0.000
2026-04-20 14:38:32 [INFO] MONITOR az=350.325 el=30.150 AZ_ERR=0.000 EL_ERR=0.000 AZ_PID=0.000 EL_PID=0.000 EL_FF=0.000
2026-04-20 14:38:33 [INFO] MONITOR az=350.325 el=30.150 AZ_ERR=0.000 EL_ERR=0.000 AZ_PID=0.000 EL_PID=0.000 EL_FF=0.000
2026-04-20 14:38:34 [INFO] MONITOR az=350.325 el=30.150 AZ_ERR=0.000 EL_ERR=0.000 AZ_PID=0.000 EL_PID=0.000 EL_FF=0.000
2026-04-20 14:38:35 [INFO] MONITOR az=350.325 el=30.150 AZ_ERR=0.000 EL_ERR=0.000 AZ_PID=0.000 EL_PID=0.000 EL_FF=0.000
2026-04-20 14:38:36 [INFO] MONITOR az=350.325 el=30.150 AZ_ERR=0.000 EL_ERR=0.000 AZ_PID=0.000 EL_PID=0.000 EL_FF=0.000
2026-04-20 14:38:37 [INFO] MONITOR az=350.325 el=30.150 AZ_ERR=0.000 EL_ERR=0.000 AZ_PID=0.000 EL_PID=0.000 EL_FF=0.000
2026-04-20 14:38:38 [INFO] MONITOR az=350.325 el=30.150 AZ_ERR=0.000 EL_ERR=0.000 AZ_PID=0.000 EL_PID=0.000 EL_FF=0.000
2026-04-20 14:38:39 [INFO] MONITOR az=350.325 el=30.150 AZ_ERR=0.000 EL_ERR=0.000 AZ_PID=0.000 EL_PID=0.000 EL_FF=0.000
2026-04-20 14:38:40 [INFO] MONITOR az=350.325 el=30.150 AZ_ERR=0.000 EL_ERR=0.000 AZ_PID=0.000 EL_PID=0.000 EL_FF=0.000
2026-04-20 14:38:41 [INFO] MONITOR az=350.325 el=30.150 AZ_ERR=0.000 EL_ERR=0.000 AZ_PID=0.000 EL_PID=0.000 EL_FF=0.000
2026-04-20 14:38:42 [INFO] MONITOR az=350.325 el=30.150 AZ_ERR=0.000 EL_ERR=0.000 AZ_PID=0.000 EL_PID=0.000 EL_FF=0.000
2026-04-20 14:38:43 [INFO] MONITOR az=350.325 el=30.150 AZ_ERR=0.000 EL_ERR=0.000 AZ_PID=0.000 EL_PID=0.000 EL_FF=0.000
2026-04-20 14:38:44 [INFO] MONITOR az=350.325 el=30.150 AZ_ERR=0.000 EL_ERR=0.000 AZ_PID=0.000 EL_PID=0.000 EL_FF=0.000
2026-04-20 14:38:45 [INFO] MONITOR az=350.325 el=30.150 AZ_ERR=0.000 EL_ERR=0.000 AZ_PID=0.000 EL_PID=0.000 EL_FF=0.000
2026-04-20 14:38:46 [INFO] MONITOR az=350.325 el=30.150 AZ_ERR=0.000 EL_ERR=0.000 AZ_PID=0.000 EL_PID=0.000 EL_FF=0.000
2026-04-20 14:38:47 [INFO] MONITOR az=350.325 el=30.150 AZ_ERR=0.000 EL_ERR=0.000 AZ_PID=0.000 EL_PID=0.000 EL_FF=0.000
2026-04-20 14:38:48 [INFO] MONITOR az=350.325 el=30.150 AZ_ERR=0.000 EL_ERR=0.000 AZ_PID=0.000 EL_PID=0.000 EL_FF=0.000
2026-04-20 14:38:49 [INFO] MONITOR az=350.325 el=30.150 AZ_ERR=0.000 EL_ERR=0.000 AZ_PID=0.000 EL_PID=0.000 EL_FF=0.000
2026-04-20 14:38:50 [INFO] MONITOR az=350.325 el=30.150 AZ_ERR=0.000 EL_ERR=0.000 AZ_PID=0.000 EL_PID=0.000 EL_FF=0.000
2026-04-20 14:38:51 [INFO] MONITOR az=350.325 el=30.150 AZ_ERR=0.000 EL_ERR=0.000 AZ_PID=0.000 EL_PID=0.000 EL_FF=0.000
2026-04-20 14:38:52 [INFO] MONITOR az=350.325 el=30.150 AZ_ERR=0.000 EL_ERR=0.000 AZ_PID=0.000 EL_PID=0.000 EL_FF=0.000
2026-04-20 14:38:53 [INFO] MONITOR az=350.325 el=30.150 AZ_ERR=0.000 EL_ERR=0.000 AZ_PID=0.000 EL_PID=0.000 EL_FF=0.000
2026-04-20 14:38:54 [INFO] MONITOR az=350.325 el=30.150 AZ_ERR=0.000 EL_ERR=0.000 AZ_PID=0.000 EL_PID=0.000 EL_FF=0.000
2026-04-20 14:38:55 [INFO] MONITOR az=350.325 el=30.150 AZ_ERR=0.000 EL_ERR=0.000 AZ_PID=0.000 EL_PID=0.000 EL_FF=0.000
2026-04-20 14:38:56 [INFO] MONITOR az=350.325 el=30.150 AZ_ERR=0.000 EL_ERR=0.000 AZ_PID=0.000 EL_PID=0.000 EL_FF=0.000
2026-04-20 14:38:57 [INFO] MONITOR az=350.325 el=30.150 AZ_ERR=0.000 EL_ERR=0.000 AZ_PID=0.000 EL_PID=0.000 EL_FF=0.000
2026-04-20 14:38:58 [INFO] MONITOR az=350.325 el=30.150 AZ_ERR=0.000 EL_ERR=0.000 AZ_PID=0.000 EL_PID=0.000 EL_FF=0.000
2026-04-20 14:38:59 [INFO] MONITOR az=350.325 el=30.150 AZ_ERR=0.000 EL_ERR=0.000 AZ_PID=0.000 EL_PID=0.000 EL_FF=0.000
2026-04-20 14:39:00 [INFO] MONITOR az=350.325 el=30.150 AZ_ERR=0.000 EL_ERR=0.000 AZ_PID=0.000 EL_PID=0.000 EL_FF=0.000
2026-04-20 14:39:01 [INFO] MONITOR az=350.325 el=30.150 AZ_ERR=0.000 EL_ERR=0.000 AZ_PID=0.000 EL_PID=0.000 EL_FF=0.000
2026-04-20 14:39:02 [INFO] MONITOR az=350.325 el=30.150 AZ_ERR=0.000 EL_ERR=0.000 AZ_PID=0.000 EL_PID=0.000 EL_FF=0.000
2026-04-20 14:39:03 [INFO] MONITOR az=350.325 el=30.150 AZ_ERR=0.000 EL_ERR=0.000 AZ_PID=0.000 EL_PID=0.000 EL_FF=0.000
2026-04-20 14:39:04 [INFO] MONITOR az=350.325 el=30.150 AZ_ERR=0.000 EL_ERR=0.000 AZ_PID=0.000 EL_PID=0.000 EL_FF=0.000
2026-04-20 14:39:05 [INFO] MONITOR az=350.325 el=30.150 AZ_ERR=0.000 EL_ERR=0.000 AZ_PID=0.000 EL_PID=0.000 EL_FF=0.000
2026-04-20 14:39:06 [INFO] MONITOR az=350.325 el=30.150 AZ_ERR=0.000 EL_ERR=0.000 AZ_PID=0.000 EL_PID=0.000 EL_FF=0.000
2026-04-20 14:39:07 [INFO] MONITOR az=350.325 el=30.150 AZ_ERR=0.000 EL_ERR=0.000 AZ_PID=0.000 EL_PID=0.000 EL_FF=0.000
2026-04-20 14:39:08 [INFO] MONITOR az=350.325 el=30.150 AZ_ERR=0.000 EL_ERR=0.000 AZ_PID=0.000 EL_PID=0.000 EL_FF=0.000
2026-04-20 14:39:09 [INFO] MONITOR az=350.325 el=30.150 AZ_ERR=0.000 EL_ERR=0.000 AZ_PID=0.000 EL_PID=0.000 EL_FF=0.000
2026-04-20 14:39:10 [INFO] MONITOR az=350.325 el=30.150 AZ_ERR=0.000 EL_ERR=0.000 AZ_PID=0.000 EL_PID=0.000 EL_FF=0.000
2026-04-20 14:39:11 [INFO] MONITOR az=350.325 el=30.150 AZ_ERR=0.000 EL_ERR=0.000 AZ_PID=0.000 EL_PID=0.000 EL_FF=0.000
2026-04-20 14:39:12 [INFO] MONITOR az=350.325 el=30.150 AZ_ERR=0.000 EL_ERR=0.000 AZ_PID=0.000 EL_PID=0.000 EL_FF=0.000
2026-04-20 14:39:13 [INFO] MONITOR az=350.325 el=30.150 AZ_ERR=0.000 EL_ERR=0.000 AZ_PID=0.000 EL_PID=0.000 EL_FF=0.000
2026-04-20 14:39:14 [INFO] MONITOR az=350.325 el=30.150 AZ_ERR=0.000 EL_ERR=0.000 AZ_PID=0.000 EL_PID=0.000 EL_FF=0.000
2026-04-20 14:39:15 [INFO] MONITOR az=350.325 el=30.150 AZ_ERR=0.000 EL_ERR=0.000 AZ_PID=0.000 EL_PID=0.000 EL_FF=0.000
2026-04-20 14:39:16 [INFO] MONITOR az=350.325 el=30.150 AZ_ERR=0.000 EL_ERR=0.000 AZ_PID=0.000 EL_PID=0.000 EL_FF=0.000
2026-04-20 14:39:17 [INFO] MONITOR az=350.325 el=30.150 AZ_ERR=0.000 EL_ERR=0.000 AZ_PID=0.000 EL_PID=0.000 EL_FF=0.000
2026-04-20 14:39:18 [INFO] MONITOR az=350.325 el=30.150 AZ_ERR=0.000 EL_ERR=0.000 AZ_PID=0.000 EL_PID=0.000 EL_FF=0.000
2026-04-20 14:39:19 [INFO] MONITOR az=350.325 el=30.150 AZ_ERR=0.000 EL_ERR=0.000 AZ_PID=0.000 EL_PID=0.000 EL_FF=0.000
2026-04-20 14:39:20 [INFO] MONITOR az=350.325 el=30.150 AZ_ERR=0.000 EL_ERR=0.000 AZ_PID=0.000 EL_PID=0.000 EL_FF=0.000
2026-04-20 14:39:21 [INFO] MONITOR az=350.325 el=30.150 AZ_ERR=0.000 EL_ERR=0.000 AZ_PID=0.000 EL_PID=0.000 EL_FF=0.000
2026-04-20 14:39:22 [INFO] MONITOR az=350.325 el=30.150 AZ_ERR=0.000 EL_ERR=0.000 AZ_PID=0.000 EL_PID=0.000 EL_FF=0.000
2026-04-20 14:39:24 [INFO] MONITOR az=350.325 el=30.150 AZ_ERR=0.000 EL_ERR=0.000 AZ_PID=0.000 EL_PID=0.000 EL_FF=0.000
2026-04-20 14:39:25 [INFO] MONITOR az=350.325 el=30.150 AZ_ERR=0.000 EL_ERR=0.000 AZ_PID=0.000 EL_PID=0.000 EL_FF=0.000
2026-04-20 14:39:26 [INFO] MONITOR az=350.325 el=30.150 AZ_ERR=0.000 EL_ERR=0.000 AZ_PID=0.000 EL_PID=0.000 EL_FF=0.000
2026-04-20 14:39:27 [INFO] MONITOR az=350.325 el=30.150 AZ_ERR=0.000 EL_ERR=0.000 AZ_PID=0.000 EL_PID=0.000 EL_FF=0.000
2026-04-20 14:40:06 [INFO] MONITOR az=350.325 el=30.150 AZ_ERR=0.000 EL_ERR=0.000 AZ_PID=0.000 EL_PID=0.000 EL_FF=0.000
2026-04-20 14:40:08 [INFO] MONITOR az=350.325 el=30.150 AZ_ERR=0.000 EL_ERR=0.000 AZ_PID=0.000 EL_PID=0.000 EL_FF=0.000
2026-04-20 14:40:09 [INFO] MONITOR az=350.325 el=30.150 AZ_ERR=0.000 EL_ERR=0.000 AZ_PID=0.000 EL_PID=0.000 EL_FF=0.000
2026-04-20 14:40:10 [INFO] MONITOR az=350.325 el=30.150 AZ_ERR=0.000 EL_ERR=0.000 AZ_PID=0.000 EL_PID=0.000 EL_FF=0.000
2026-04-20 14:40:11 [INFO] MONITOR az=350.325 el=30.150 AZ_ERR=0.000 EL_ERR=0.000 AZ_PID=0.000 EL_PID=0.000 EL_FF=0.000
2026-04-20 14:40:12 [INFO] MONITOR az=350.325 el=30.150 AZ_ERR=0.000 EL_ERR=0.000 AZ_PID=0.000 EL_PID=0.000 EL_FF=0.000
2026-04-20 14:40:13 [INFO] MONITOR az=350.325 el=30.150 AZ_ERR=0.000 EL_ERR=0.000 AZ_PID=0.000 EL_PID=0.000 EL_FF=0.000
2026-04-20 14:40:14 [INFO] MONITOR az=350.325 el=30.150 AZ_ERR=0.000 EL_ERR=0.000 AZ_PID=0.000 EL_PID=0.000 EL_FF=0.000
2026-04-20 14:40:15 [INFO] MONITOR az=350.325 el=30.150 AZ_ERR=0.000 EL_ERR=0.000 AZ_PID=0.000 EL_PID=0.000 EL_FF=0.000
2026-04-20 14:40:16 [INFO] MONITOR az=350.325 el=30.150 AZ_ERR=0.000 EL_ERR=0.000 AZ_PID=0.000 EL_PID=0.000 EL_FF=0.000
2026-04-20 14:40:17 [INFO] MONITOR az=350.325 el=30.150 AZ_ERR=0.000 EL_ERR=0.000 AZ_PID=0.000 EL_PID=0.000 EL_FF=0.000
2026-04-20 14:40:18 [INFO] MONITOR az=350.325 el=30.150 AZ_ERR=0.000 EL_ERR=0.000 AZ_PID=0.000 EL_PID=0.000 EL_FF=0.000
2026-04-20 14:40:19 [INFO] MONITOR az=350.325 el=30.150 AZ_ERR=0.000 EL_ERR=0.000 AZ_PID=0.000 EL_PID=0.000 EL_FF=0.000
2026-04-20 14:40:20 [INFO] MONITOR az=350.325 el=30.150 AZ_ERR=0.000 EL_ERR=0.000 AZ_PID=0.000 EL_PID=0.000 EL_FF=0.000
2026-04-20 14:40:21 [INFO] MONITOR az=350.325 el=30.150 AZ_ERR=0.000 EL_ERR=0.000 AZ_PID=0.000 EL_PID=0.000 EL_FF=0.000
2026-04-20 14:40:22 [INFO] MONITOR az=350.325 el=30.150 AZ_ERR=0.000 EL_ERR=0.000 AZ_PID=0.000 EL_PID=0.000 EL_FF=0.000
2026-04-20 14:40:23 [INFO] MONITOR az=350.325 el=30.150 AZ_ERR=0.000 EL_ERR=0.000 AZ_PID=0.000 EL_PID=0.000 EL_FF=0.000
2026-04-20 14:40:24 [INFO] MONITOR az=350.325 el=30.150 AZ_ERR=0.000 EL_ERR=0.000 AZ_PID=0.000 EL_PID=0.000 EL_FF=0.000
2026-04-20 14:40:25 [INFO] MONITOR az=350.325 el=30.150 AZ_ERR=0.000 EL_ERR=0.000 AZ_PID=0.000 EL_PID=0.000 EL_FF=0.000
2026-04-20 14:40:26 [INFO] MONITOR az=350.325 el=30.150 AZ_ERR=0.000 EL_ERR=0.000 AZ_PID=0.000 EL_PID=0.000 EL_FF=0.000
2026-04-20 14:40:27 [INFO] MONITOR az=350.325 el=30.150 AZ_ERR=0.000 EL_ERR=0.000 AZ_PID=0.000 EL_PID=0.000 EL_FF=0.000
2026-04-20 14:40:28 [INFO] MONITOR az=350.325 el=30.150 AZ_ERR=0.000 EL_ERR=0.000 AZ_PID=0.000 EL_PID=0.000 EL_FF=0.000
2026-04-20 14:40:29 [INFO] MONITOR az=350.325 el=30.150 AZ_ERR=0.000 EL_ERR=0.000 AZ_PID=0.000 EL_PID=0.000 EL_FF=0.000
2026-04-20 14:40:30 [INFO] MONITOR az=350.325 el=30.150 AZ_ERR=0.000 EL_ERR=0.000 AZ_PID=0.000 EL_PID=0.000 EL_FF=0.000
2026-04-20 14:40:31 [INFO] MONITOR az=350.325 el=30.150 AZ_ERR=0.000 EL_ERR=0.000 AZ_PID=0.000 EL_PID=0.000 EL_FF=0.000
2026-04-20 14:40:32 [INFO] MONITOR az=350.325 el=30.150 AZ_ERR=0.000 EL_ERR=0.000 AZ_PID=0.000 EL_PID=0.000 EL_FF=0.000
2026-04-20 14:40:33 [INFO] MONITOR az=350.325 el=30.150 AZ_ERR=0.000 EL_ERR=0.000 AZ_PID=0.000 EL_PID=0.000 EL_FF=0.000
2026-04-20 14:40:34 [INFO] MONITOR az=350.325 el=30.150 AZ_ERR=0.000 EL_ERR=0.000 AZ_PID=0.000 EL_PID=0.000 EL_FF=0.000
2026-04-20 14:40:35 [INFO] MONITOR az=350.325 el=30.150 AZ_ERR=0.000 EL_ERR=0.000 AZ_PID=0.000 EL_PID=0.000 EL_FF=0.000
2026-04-20 14:40:36 [INFO] MONITOR az=350.325 el=30.150 AZ_ERR=0.000 EL_ERR=0.000 AZ_PID=0.000 EL_PID=0.000 EL_FF=0.000
2026-04-20 14:40:37 [INFO] MONITOR az=350.325 el=30.150 AZ_ERR=0.000 EL_ERR=0.000 AZ_PID=0.000 EL_PID=0.000 EL_FF=0.000
2026-04-20 14:40:38 [INFO] MONITOR az=350.325 el=30.150 AZ_ERR=0.000 EL_ERR=0.000 AZ_PID=0.000 EL_PID=0.000 EL_FF=0.000
2026-04-20 14:40:39 [INFO] MONITOR az=350.325 el=30.150 AZ_ERR=0.000 EL_ERR=0.000 AZ_PID=0.000 EL_PID=0.000 EL_FF=0.000
2026-04-20 14:40:40 [INFO] MONITOR az=350.325 el=30.150 AZ_ERR=0.000 EL_ERR=0.000 AZ_PID=0.000 EL_PID=0.000 EL_FF=0.000
2026-04-20 14:40:41 [INFO] MONITOR az=350.325 el=30.150 AZ_ERR=0.000 EL_ERR=0.000 AZ_PID=0.000 EL_PID=0.000 EL_FF=0.000
2026-04-20 14:40:42 [INFO] MONITOR az=350.325 el=30.150 AZ_ERR=0.000 EL_ERR=0.000 AZ_PID=0.000 EL_PID=0.000 EL_FF=0.000
2026-04-20 14:40:43 [INFO] MONITOR az=350.325 el=30.150 AZ_ERR=0.000 EL_ERR=0.000 AZ_PID=0.000 EL_PID=0.000 EL_FF=0.000
2026-04-20 14:40:44 [INFO] MONITOR az=350.325 el=30.150 AZ_ERR=0.000 EL_ERR=0.000 AZ_PID=0.000 EL_PID=0.000 EL_FF=0.000
2026-04-20 14:40:45 [INFO] MONITOR az=350.325 el=30.150 AZ_ERR=0.000 EL_ERR=0.000 AZ_PID=0.000 EL_PID=0.000 EL_FF=0.000
2026-04-20 14:40:46 [INFO] MONITOR az=350.325 el=30.150 AZ_ERR=0.000 EL_ERR=0.000 AZ_PID=0.000 EL_PID=0.000 EL_FF=0.000
2026-04-20 14:40:47 [INFO] MONITOR az=350.325 el=30.150 AZ_ERR=0.000 EL_ERR=0.000 AZ_PID=0.000 EL_PID=0.000 EL_FF=0.000
2026-04-20 14:40:48 [INFO] MONITOR az=350.325 el=30.150 AZ_ERR=0.000 EL_ERR=0.000 AZ_PID=0.000 EL_PID=0.000 EL_FF=0.000
2026-04-20 14:40:49 [INFO] MONITOR az=350.325 el=30.150 AZ_ERR=0.000 EL_ERR=0.000 AZ_PID=0.000 EL_PID=0.000 EL_FF=0.000
2026-04-20 14:40:50 [INFO] MONITOR az=350.325 el=30.150 AZ_ERR=0.000 EL_ERR=0.000 AZ_PID=0.000 EL_PID=0.000 EL_FF=0.000
2026-04-20 14:40:51 [INFO] MONITOR az=350.325 el=30.150 AZ_ERR=0.000 EL_ERR=0.000 AZ_PID=0.000 EL_PID=0.000 EL_FF=0.000
2026-04-20 14:40:52 [INFO] MONITOR az=350.325 el=30.150 AZ_ERR=0.000 EL_ERR=0.000 AZ_PID=0.000 EL_PID=0.000 EL_FF=0.000
2026-04-20 14:40:53 [INFO] MONITOR az=350.325 el=30.150 AZ_ERR=0.000 EL_ERR=0.000 AZ_PID=0.000 EL_PID=0.000 EL_FF=0.000
2026-04-20 14:40:54 [INFO] MONITOR az=350.325 el=30.150 AZ_ERR=0.000 EL_ERR=0.000 AZ_PID=0.000 EL_PID=0.000 EL_FF=0.000
2026-04-20 14:40:55 [INFO] MONITOR az=350.325 el=30.150 AZ_ERR=0.000 EL_ERR=0.000 AZ_PID=0.000 EL_PID=0.000 EL_FF=0.000
2026-04-20 14:40:56 [INFO] MONITOR az=350.325 el=30.150 AZ_ERR=0.000 EL_ERR=0.000 AZ_PID=0.000 EL_PID=0.000 EL_FF=0.000
2026-04-20 14:40:57 [INFO] MONITOR az=350.325 el=30.150 AZ_ERR=0.000 EL_ERR=0.000 AZ_PID=0.000 EL_PID=0.000 EL_FF=0.000
2026-04-20 14:40:58 [INFO] MONITOR az=350.325 el=30.150 AZ_ERR=0.000 EL_ERR=0.000 AZ_PID=0.000 EL_PID=0.000 EL_FF=0.000
2026-04-20 14:40:59 [INFO] MONITOR az=350.325 el=30.150 AZ_ERR=0.000 EL_ERR=0.000 AZ_PID=0.000 EL_PID=0.000 EL_FF=0.000
2026-04-20 14:41:00 [INFO] MONITOR az=350.325 el=30.150 AZ_ERR=0.000 EL_ERR=0.000 AZ_PID=0.000 EL_PID=0.000 EL_FF=0.000
2026-04-20 14:41:01 [INFO] MONITOR az=350.325 el=30.150 AZ_ERR=0.000 EL_ERR=0.000 AZ_PID=0.000 EL_PID=0.000 EL_FF=0.000
2026-04-20 14:41:02 [INFO] MONITOR az=350.325 el=30.150 AZ_ERR=0.000 EL_ERR=0.000 AZ_PID=0.000 EL_PID=0.000 EL_FF=0.000
2026-04-20 14:41:03 [INFO] MONITOR az=350.325 el=30.150 AZ_ERR=0.000 EL_ERR=0.000 AZ_PID=0.000 EL_PID=0.000 EL_FF=0.000
2026-04-20 14:41:04 [INFO] MONITOR az=350.325 el=30.150 AZ_ERR=0.000 EL_ERR=0.000 AZ_PID=0.000 EL_PID=0.000 EL_FF=0.000
2026-04-20 14:41:05 [INFO] MONITOR az=350.325 el=30.150 AZ_ERR=0.000 EL_ERR=0.000 AZ_PID=0.000 EL_PID=0.000 EL_FF=0.000
2026-04-20 14:41:06 [INFO] MONITOR az=350.325 el=30.150 AZ_ERR=0.000 EL_ERR=0.000 AZ_PID=0.000 EL_PID=0.000 EL_FF=0.000
2026-04-20 14:41:07 [INFO] MONITOR az=350.325 el=30.150 AZ_ERR=0.000 EL_ERR=0.000 AZ_PID=0.000 EL_PID=0.000 EL_FF=0.000
2026-04-20 14:41:08 [INFO] MONITOR az=350.325 el=30.150 AZ_ERR=0.000 EL_ERR=0.000 AZ_PID=0.000 EL_PID=0.000 EL_FF=0.000
2026-04-20 14:41:09 [INFO] MONITOR az=350.325 el=30.150 AZ_ERR=0.000 EL_ERR=0.000 AZ_PID=0.000 EL_PID=0.000 EL_FF=0.000
2026-04-20 14:41:10 [INFO] MONITOR az=350.325 el=30.150 AZ_ERR=0.000 EL_ERR=0.000 AZ_PID=0.000 EL_PID=0.000 EL_FF=0.000
2026-04-20 14:41:11 [INFO] MONITOR az=350.325 el=30.150 AZ_ERR=0.000 EL_ERR=0.000 AZ_PID=0.000 EL_PID=0.000 EL_FF=0.000
2026-04-20 14:41:12 [INFO] MONITOR az=350.325 el=30.150 AZ_ERR=0.000 EL_ERR=0.000 AZ_PID=0.000 EL_PID=0.000 EL_FF=0.000
2026-04-20 14:41:13 [INFO] MONITOR az=350.325 el=30.150 AZ_ERR=0.000 EL_ERR=0.000 AZ_PID=0.000 EL_PID=0.000 EL_FF=0.000
2026-04-20 14:41:14 [INFO] MONITOR az=350.325 el=30.150 AZ_ERR=0.000 EL_ERR=0.000 AZ_PID=0.000 EL_PID=0.000 EL_FF=0.000
2026-04-20 14:41:15 [INFO] MONITOR az=350.325 el=30.150 AZ_ERR=0.000 EL_ERR=0.000 AZ_PID=0.000 EL_PID=0.000 EL_FF=0.000
2026-04-20 14:41:16 [INFO] MONITOR az=350.325 el=30.150 AZ_ERR=0.000 EL_ERR=0.000 AZ_PID=0.000 EL_PID=0.000 EL_FF=0.000
2026-04-20 14:41:17 [INFO] MONITOR az=350.325 el=30.150 AZ_ERR=0.000 EL_ERR=0.000 AZ_PID=0.000 EL_PID=0.000 EL_FF=0.000
2026-04-20 14:41:18 [INFO] MONITOR az=350.325 el=30.150 AZ_ERR=0.000 EL_ERR=0.000 AZ_PID=0.000 EL_PID=0.000 EL_FF=0.000
2026-04-20 14:41:19 [INFO] MONITOR az=350.325 el=30.150 AZ_ERR=0.000 EL_ERR=0.000 AZ_PID=0.000 EL_PID=0.000 EL_FF=0.000
2026-04-20 14:41:20 [INFO] MONITOR az=350.325 el=30.150 AZ_ERR=0.000 EL_ERR=0.000 AZ_PID=0.000 EL_PID=0.000 EL_FF=0.000
2026-04-20 14:41:21 [INFO] MONITOR az=350.325 el=30.150 AZ_ERR=0.000 EL_ERR=0.000 AZ_PID=0.000 EL_PID=0.000 EL_FF=0.000
2026-04-20 14:41:22 [INFO] MONITOR az=350.325 el=30.150 AZ_ERR=0.000 EL_ERR=0.000 AZ_PID=0.000 EL_PID=0.000 EL_FF=0.000
2026-04-20 14:41:23 [INFO] MONITOR az=350.325 el=30.150 AZ_ERR=0.000 EL_ERR=0.000 AZ_PID=0.000 EL_PID=0.000 EL_FF=0.000
2026-04-20 14:41:24 [INFO] MONITOR az=350.325 el=30.150 AZ_ERR=0.000 EL_ERR=0.000 AZ_PID=0.000 EL_PID=0.000 EL_FF=0.000
2026-04-20 14:41:25 [INFO] MONITOR az=350.325 el=30.150 AZ_ERR=0.000 EL_ERR=0.000 AZ_PID=0.000 EL_PID=0.000 EL_FF=0.000
2026-04-20 14:41:26 [INFO] MONITOR az=350.325 el=30.150 AZ_ERR=0.000 EL_ERR=0.000 AZ_PID=0.000 EL_PID=0.000 EL_FF=0.000
2026-04-20 14:41:27 [INFO] MONITOR az=350.325 el=30.150 AZ_ERR=0.000 EL_ERR=0.000 AZ_PID=0.000 EL_PID=0.000 EL_FF=0.000
2026-04-20 14:41:28 [INFO] MONITOR az=350.325 el=30.150 AZ_ERR=0.000 EL_ERR=0.000 AZ_PID=0.000 EL_PID=0.000 EL_FF=0.000
2026-04-20 14:41:29 [INFO] MONITOR az=350.325 el=30.150 AZ_ERR=0.000 EL_ERR=0.000 AZ_PID=0.000 EL_PID=0.000 EL_FF=0.000
2026-04-20 14:41:30 [INFO] MONITOR az=350.325 el=30.150 AZ_ERR=0.000 EL_ERR=0.000 AZ_PID=0.000 EL_PID=0.000 EL_FF=0.000
2026-04-20 14:41:31 [INFO] MONITOR az=350.325 el=30.150 AZ_ERR=0.000 EL_ERR=0.000 AZ_PID=0.000 EL_PID=0.000 EL_FF=0.000
2026-04-20 14:41:32 [INFO] MONITOR az=350.325 el=30.150 AZ_ERR=0.000 EL_ERR=0.000 AZ_PID=0.000 EL_PID=0.000 EL_FF=0.000
2026-04-20 14:41:33 [INFO] MONITOR az=350.325 el=30.150 AZ_ERR=0.000 EL_ERR=0.000 AZ_PID=0.000 EL_PID=0.000 EL_FF=0.000
2026-04-20 14:41:34 [INFO] MONITOR az=350.325 el=30.150 AZ_ERR=0.000 EL_ERR=0.000 AZ_PID=0.000 EL_PID=0.000 EL_FF=0.000
2026-04-20 14:47:00 [INFO] MONITOR az=350.325 el=30.150 AZ_ERR=0.000 EL_ERR=0.000 AZ_PID=0.000 EL_PID=0.000 EL_FF=0.000
2026-04-20 14:47:01 [INFO] MONITOR az=350.325 el=30.150 AZ_ERR=0.000 EL_ERR=0.000 AZ_PID=0.000 EL_PID=0.000 EL_FF=0.000
2026-04-20 14:47:02 [INFO] MONITOR az=350.325 el=30.150 AZ_ERR=0.000 EL_ERR=0.000 AZ_PID=0.000 EL_PID=0.000 EL_FF=0.000
2026-04-20 14:47:03 [INFO] MONITOR az=350.325 el=30.150 AZ_ERR=0.000 EL_ERR=0.000 AZ_PID=0.000 EL_PID=0.000 EL_FF=0.000
2026-04-20 14:47:04 [INFO] MONITOR az=350.325 el=30.150 AZ_ERR=0.000 EL_ERR=0.000 AZ_PID=0.000 EL_PID=0.000 EL_FF=0.000
2026-04-20 14:47:05 [INFO] MONITOR az=350.325 el=30.150 AZ_ERR=0.000 EL_ERR=0.000 AZ_PID=0.000 EL_PID=0.000 EL_FF=0.000
2026-04-20 14:47:06 [INFO] MONITOR az=350.325 el=30.150 AZ_ERR=0.000 EL_ERR=0.000 AZ_PID=0.000 EL_PID=0.000 EL_FF=0.000
2026-04-20 14:47:07 [INFO] MONITOR az=350.325 el=30.150 AZ_ERR=0.000 EL_ERR=0.000 AZ_PID=0.000 EL_PID=0.000 EL_FF=0.000
2026-04-20 14:47:08 [INFO] MONITOR az=350.325 el=30.150 AZ_ERR=0.000 EL_ERR=0.000 AZ_PID=0.000 EL_PID=0.000 EL_FF=0.000
2026-04-20 14:47:09 [INFO] MONITOR az=350.325 el=30.150 AZ_ERR=0.000 EL_ERR=0.000 AZ_PID=0.000 EL_PID=0.000 EL_FF=0.000
2026-04-20 14:47:10 [INFO] MONITOR az=350.325 el=30.150 AZ_ERR=0.000 EL_ERR=0.000 AZ_PID=0.000 EL_PID=0.000 EL_FF=0.000
2026-04-20 14:47:11 [INFO] MONITOR az=350.325 el=30.150 AZ_ERR=0.000 EL_ERR=0.000 AZ_PID=0.000 EL_PID=0.000 EL_FF=0.000
2026-04-20 14:47:12 [INFO] MONITOR az=350.325 el=30.150 AZ_ERR=0.000 EL_ERR=0.000 AZ_PID=0.000 EL_PID=0.000 EL_FF=0.000
2026-04-20 14:47:13 [INFO] MONITOR az=350.325 el=30.150 AZ_ERR=0.000 EL_ERR=0.000 AZ_PID=0.000 EL_PID=0.000 EL_FF=0.000
2026-04-20 14:47:14 [INFO] MONITOR az=350.325 el=30.150 AZ_ERR=0.000 EL_ERR=0.000 AZ_PID=0.000 EL_PID=0.000 EL_FF=0.000
2026-04-20 14:47:15 [INFO] MONITOR az=350.325 el=30.150 AZ_ERR=0.000 EL_ERR=0.000 AZ_PID=0.000 EL_PID=0.000 EL_FF=0.000
2026-04-20 14:47:16 [INFO] MONITOR az=350.325 el=30.150 AZ_ERR=0.000 EL_ERR=0.000 AZ_PID=0.000 EL_PID=0.000 EL_FF=0.000
2026-04-20 14:47:17 [INFO] MONITOR az=350.325 el=30.150 AZ_ERR=0.000 EL_ERR=0.000 AZ_PID=0.000 EL_PID=0.000 EL_FF=0.000
2026-04-20 14:47:18 [INFO] MONITOR az=350.325 el=30.150 AZ_ERR=0.000 EL_ERR=0.000 AZ_PID=0.000 EL_PID=0.000 EL_FF=0.000
2026-04-20 14:47:19 [INFO] MONITOR az=350.325 el=30.150 AZ_ERR=0.000 EL_ERR=0.000 AZ_PID=0.000 EL_PID=0.000 EL_FF=0.000
2026-04-20 14:47:20 [INFO] MONITOR az=350.325 el=30.150 AZ_ERR=0.000 EL_ERR=0.000 AZ_PID=0.000 EL_PID=0.000 EL_FF=0.000
2026-04-20 14:47:21 [INFO] MONITOR az=350.325 el=30.150 AZ_ERR=0.000 EL_ERR=0.000 AZ_PID=0.000 EL_PID=0.000 EL_FF=0.000
2026-04-20 14:47:22 [INFO] MONITOR az=350.325 el=30.150 AZ_ERR=0.000 EL_ERR=0.000 AZ_PID=0.000 EL_PID=0.000 EL_FF=0.000
2026-04-20 14:47:23 [INFO] MONITOR az=350.325 el=30.150 AZ_ERR=0.000 EL_ERR=0.000 AZ_PID=0.000 EL_PID=0.000 EL_FF=0.000
2026-04-20 14:47:24 [INFO] MONITOR az=350.325 el=30.150 AZ_ERR=0.000 EL_ERR=0.000 AZ_PID=0.000 EL_PID=0.000 EL_FF=0.000
2026-04-20 14:47:25 [INFO] MONITOR az=350.325 el=30.150 AZ_ERR=0.000 EL_ERR=0.000 AZ_PID=0.000 EL_PID=0.000 EL_FF=0.000
2026-04-20 14:47:26 [INFO] MONITOR az=350.325 el=30.150 AZ_ERR=0.000 EL_ERR=0.000 AZ_PID=0.000 EL_PID=0.000 EL_FF=0.000
2026-04-20 14:47:27 [INFO] MONITOR az=350.325 el=30.150 AZ_ERR=0.000 EL_ERR=0.000 AZ_PID=0.000 EL_PID=0.000 EL_FF=0.000
2026-04-20 14:47:28 [INFO] MONITOR az=350.325 el=30.150 AZ_ERR=0.000 EL_ERR=0.000 AZ_PID=0.000 EL_PID=0.000 EL_FF=0.000
2026-04-20 14:47:29 [INFO] MONITOR az=350.325 el=30.150 AZ_ERR=0.000 EL_ERR=0.000 AZ_PID=0.000 EL_PID=0.000 EL_FF=0.000
2026-04-20 14:47:30 [INFO] MONITOR az=350.325 el=30.150 AZ_ERR=0.000 EL_ERR=0.000 AZ_PID=0.000 EL_PID=0.000 EL_FF=0.000
2026-04-20 14:47:31 [INFO] MONITOR az=350.325 el=30.150 AZ_ERR=0.000 EL_ERR=0.000 AZ_PID=0.000 EL_PID=0.000 EL_FF=0.000
2026-04-20 14:47:32 [INFO] MONITOR az=350.325 el=30.150 AZ_ERR=0.000 EL_ERR=0.000 AZ_PID=0.000 EL_PID=0.000 EL_FF=0.000
2026-04-20 14:47:33 [INFO] MONITOR az=350.325 el=30.150 AZ_ERR=0.000 EL_ERR=0.000 AZ_PID=0.000 EL_PID=0.000 EL_FF=0.000
2026-04-20 14:47:34 [INFO] MONITOR az=350.325 el=30.150 AZ_ERR=0.000 EL_ERR=0.000 AZ_PID=0.000 EL_PID=0.000 EL_FF=0.000
2026-04-20 14:47:35 [INFO] MONITOR az=350.325 el=30.150 AZ_ERR=0.000 EL_ERR=0.000 AZ_PID=0.000 EL_PID=0.000 EL_FF=0.000
2026-04-20 14:47:36 [INFO] MONITOR az=350.325 el=30.150 AZ_ERR=0.000 EL_ERR=0.000 AZ_PID=0.000 EL_PID=0.000 EL_FF=0.000
2026-04-20 14:47:37 [INFO] MONITOR az=350.325 el=30.150 AZ_ERR=0.000 EL_ERR=0.000 AZ_PID=0.000 EL_PID=0.000 EL_FF=0.000
2026-04-20 14:47:38 [INFO] MONITOR az=350.325 el=30.150 AZ_ERR=0.000 EL_ERR=0.000 AZ_PID=0.000 EL_PID=0.000 EL_FF=0.000
2026-04-20 14:47:39 [INFO] MONITOR az=350.325 el=30.150 AZ_ERR=0.000 EL_ERR=0.000 AZ_PID=0.000 EL_PID=0.000 EL_FF=0.000
2026-04-20 14:47:40 [INFO] MONITOR az=350.325 el=30.150 AZ_ERR=0.000 EL_ERR=0.000 AZ_PID=0.000 EL_PID=0.000 EL_FF=0.000
2026-04-20 14:47:41 [INFO] MONITOR az=350.325 el=30.150 AZ_ERR=0.000 EL_ERR=0.000 AZ_PID=0.000 EL_PID=0.000 EL_FF=0.000
2026-04-20 14:47:42 [INFO] MONITOR az=350.325 el=30.150 AZ_ERR=0.000 EL_ERR=0.000 AZ_PID=0.000 EL_PID=0.000 EL_FF=0.000
2026-04-20 14:47:43 [INFO] MONITOR az=350.325 el=30.150 AZ_ERR=0.000 EL_ERR=0.000 AZ_PID=0.000 EL_PID=0.000 EL_FF=0.000
2026-04-20 14:47:44 [INFO] MONITOR az=350.325 el=30.150 AZ_ERR=0.000 EL_ERR=0.000 AZ_PID=0.000 EL_PID=0.000 EL_FF=0.000
2026-04-20 14:47:45 [INFO] MONITOR az=350.325 el=30.150 AZ_ERR=0.000 EL_ERR=0.000 AZ_PID=0.000 EL_PID=0.000 EL_FF=0.000
2026-04-20 14:47:46 [INFO] MONITOR az=350.325 el=30.150 AZ_ERR=0.000 EL_ERR=0.000 AZ_PID=0.000 EL_PID=0.000 EL_FF=0.000
2026-04-20 14:47:47 [INFO] MONITOR az=350.325 el=30.150 AZ_ERR=0.000 EL_ERR=0.000 AZ_PID=0.000 EL_PID=0.000 EL_FF=0.000
2026-04-20 14:47:48 [INFO] MONITOR az=350.325 el=30.150 AZ_ERR=0.000 EL_ERR=0.000 AZ_PID=0.000 EL_PID=0.000 EL_FF=0.000
2026-04-20 14:47:49 [INFO] MONITOR az=350.325 el=30.150 AZ_ERR=0.000 EL_ERR=0.000 AZ_PID=0.000 EL_PID=0.000 EL_FF=0.000
2026-04-20 14:47:50 [INFO] MONITOR az=350.325 el=30.150 AZ_ERR=0.000 EL_ERR=0.000 AZ_PID=0.000 EL_PID=0.000 EL_FF=0.000
2026-04-20 14:47:51 [INFO] MONITOR az=350.325 el=30.150 AZ_ERR=0.000 EL_ERR=0.000 AZ_PID=0.000 EL_PID=0.000 EL_FF=0.000
2026-04-20 14:47:52 [INFO] MONITOR az=350.325 el=30.150 AZ_ERR=0.000 EL_ERR=0.000 AZ_PID=0.000 EL_PID=0.000 EL_FF=0.000
2026-04-20 14:47:53 [INFO] MONITOR az=350.325 el=30.150 AZ_ERR=0.000 EL_ERR=0.000 AZ_PID=0.000 EL_PID=0.000 EL_FF=0.000
2026-04-20 14:47:54 [INFO] MONITOR az=350.325 el=30.150 AZ_ERR=0.000 EL_ERR=0.000 AZ_PID=0.000 EL_PID=0.000 EL_FF=0.000
2026-04-20 14:47:55 [INFO] MONITOR az=350.325 el=30.150 AZ_ERR=0.000 EL_ERR=0.000 AZ_PID=0.000 EL_PID=0.000 EL_FF=0.000
2026-04-20 14:47:56 [INFO] MONITOR az=350.325 el=30.150 AZ_ERR=0.000 EL_ERR=0.000 AZ_PID=0.000 EL_PID=0.000 EL_FF=0.000
2026-04-20 14:47:57 [INFO] MONITOR az=350.325 el=30.150 AZ_ERR=0.000 EL_ERR=0.000 AZ_PID=0.000 EL_PID=0.000 EL_FF=0.000
2026-04-20 14:47:58 [INFO] MONITOR az=350.325 el=30.150 AZ_ERR=0.000 EL_ERR=0.000 AZ_PID=0.000 EL_PID=0.000 EL_FF=0.000
2026-04-20 14:47:59 [INFO] MONITOR az=350.325 el=30.150 AZ_ERR=0.000 EL_ERR=0.000 AZ_PID=0.000 EL_PID=0.000 EL_FF=0.000
2026-04-20 14:48:00 [INFO] MONITOR az=350.325 el=30.150 AZ_ERR=0.000 EL_ERR=0.000 AZ_PID=0.000 EL_PID=0.000 EL_FF=0.000
2026-04-20 14:48:01 [INFO] MONITOR az=350.325 el=30.150 AZ_ERR=0.000 EL_ERR=0.000 AZ_PID=0.000 EL_PID=0.000 EL_FF=0.000
2026-04-20 14:48:02 [INFO] MONITOR az=350.325 el=30.150 AZ_ERR=0.000 EL_ERR=0.000 AZ_PID=0.000 EL_PID=0.000 EL_FF=0.000
2026-04-20 14:48:03 [INFO] MONITOR az=350.325 el=30.150 AZ_ERR=0.000 EL_ERR=0.000 AZ_PID=0.000 EL_PID=0.000 EL_FF=0.000
2026-04-20 14:48:04 [INFO] MONITOR az=350.325 el=30.150 AZ_ERR=0.000 EL_ERR=0.000 AZ_PID=0.000 EL_PID=0.000 EL_FF=0.000
2026-04-20 14:48:05 [INFO] MONITOR az=350.325 el=30.150 AZ_ERR=0.000 EL_ERR=0.000 AZ_PID=0.000 EL_PID=0.000 EL_FF=0.000
2026-04-20 14:48:06 [INFO] MONITOR az=350.325 el=30.150 AZ_ERR=0.000 EL_ERR=0.000 AZ_PID=0.000 EL_PID=0.000 EL_FF=0.000
2026-04-20 14:48:07 [INFO] MONITOR az=350.325 el=30.150 AZ_ERR=0.000 EL_ERR=0.000 AZ_PID=0.000 EL_PID=0.000 EL_FF=0.000
2026-04-20 14:48:08 [INFO] MONITOR az=350.325 el=30.150 AZ_ERR=0.000 EL_ERR=0.000 AZ_PID=0.000 EL_PID=0.000 EL_FF=0.000
2026-04-20 14:48:09 [INFO] MONITOR az=350.325 el=30.150 AZ_ERR=0.000 EL_ERR=0.000 AZ_PID=0.000 EL_PID=0.000 EL_FF=0.000
2026-04-20 14:48:10 [INFO] MONITOR az=350.325 el=30.150 AZ_ERR=0.000 EL_ERR=0.000 AZ_PID=0.000 EL_PID=0.000 EL_FF=0.000
2026-04-20 14:48:11 [INFO] MONITOR az=350.325 el=30.150 AZ_ERR=0.000 EL_ERR=0.000 AZ_PID=0.000 EL_PID=0.000 EL_FF=0.000
2026-04-20 14:48:12 [INFO] MONITOR az=350.325 el=30.150 AZ_ERR=0.000 EL_ERR=0.000 AZ_PID=0.000 EL_PID=0.000 EL_FF=0.000
2026-04-20 14:48:13 [INFO] MONITOR az=350.325 el=30.150 AZ_ERR=0.000 EL_ERR=0.000 AZ_PID=0.000 EL_PID=0.000 EL_FF=0.000
2026-04-20 14:48:14 [INFO] MONITOR az=350.325 el=30.150 AZ_ERR=0.000 EL_ERR=0.000 AZ_PID=0.000 EL_PID=0.000 EL_FF=0.000
2026-04-20 14:48:15 [INFO] MONITOR az=350.325 el=30.150 AZ_ERR=0.000 EL_ERR=0.000 AZ_PID=0.000 EL_PID=0.000 EL_FF=0.000
2026-04-20 14:48:16 [INFO] MONITOR az=350.325 el=30.150 AZ_ERR=0.000 EL_ERR=0.000 AZ_PID=0.000 EL_PID=0.000 EL_FF=0.000
2026-04-20 14:48:17 [INFO] MONITOR az=350.325 el=30.150 AZ_ERR=0.000 EL_ERR=0.000 AZ_PID=0.000 EL_PID=0.000 EL_FF=0.000
2026-04-20 14:48:18 [INFO] MONITOR az=350.325 el=30.150 AZ_ERR=0.000 EL_ERR=0.000 AZ_PID=0.000 EL_PID=0.000 EL_FF=0.000
2026-04-20 14:48:19 [INFO] MONITOR az=350.325 el=30.150 AZ_ERR=0.000 EL_ERR=0.000 AZ_PID=0.000 EL_PID=0.000 EL_FF=0.000
2026-04-20 14:48:20 [INFO] MONITOR az=350.325 el=30.150 AZ_ERR=0.000 EL_ERR=0.000 AZ_PID=0.000 EL_PID=0.000 EL_FF=0.000
2026-04-20 14:48:21 [INFO] MONITOR az=350.325 el=30.150 AZ_ERR=0.000 EL_ERR=0.000 AZ_PID=0.000 EL_PID=0.000 EL_FF=0.000
2026-04-20 14:48:22 [INFO] MONITOR az=350.325 el=30.150 AZ_ERR=0.000 EL_ERR=0.000 AZ_PID=0.000 EL_PID=0.000 EL_FF=0.000
2026-04-20 14:48:23 [INFO] MONITOR az=350.325 el=30.150 AZ_ERR=0.000 EL_ERR=0.000 AZ_PID=0.000 EL_PID=0.000 EL_FF=0.000
2026-04-20 14:48:24 [INFO] MONITOR az=350.325 el=30.150 AZ_ERR=0.000 EL_ERR=0.000 AZ_PID=0.000 EL_PID=0.000 EL_FF=0.000
2026-04-20 14:48:25 [INFO] MONITOR az=350.325 el=30.150 AZ_ERR=0.000 EL_ERR=0.000 AZ_PID=0.000 EL_PID=0.000 EL_FF=0.000
2026-04-20 14:48:26 [INFO] MONITOR az=350.325 el=30.150 AZ_ERR=0.000 EL_ERR=0.000 AZ_PID=0.000 EL_PID=0.000 EL_FF=0.000
2026-04-20 14:48:27 [INFO] MONITOR az=350.325 el=30.150 AZ_ERR=0.000 EL_ERR=0.000 AZ_PID=0.000 EL_PID=0.000 EL_FF=0.000
2026-04-20 14:48:28 [INFO] MONITOR az=350.325 el=30.150 AZ_ERR=0.000 EL_ERR=0.000 AZ_PID=0.000 EL_PID=0.000 EL_FF=0.000
2026-04-20 14:48:29 [INFO] MONITOR az=350.325 el=30.150 AZ_ERR=0.000 EL_ERR=0.000 AZ_PID=0.000 EL_PID=0.000 EL_FF=0.000
2026-04-20 14:48:30 [INFO] MONITOR az=350.325 el=30.150 AZ_ERR=0.000 EL_ERR=0.000 AZ_PID=0.000 EL_PID=0.000 EL_FF=0.000
2026-04-20 14:48:31 [INFO] MONITOR az=350.325 el=30.150 AZ_ERR=0.000 EL_ERR=0.000 AZ_PID=0.000 EL_PID=0.000 EL_FF=0.000
2026-04-20 14:48:32 [INFO] MONITOR az=350.325 el=30.150 AZ_ERR=0.000 EL_ERR=0.000 AZ_PID=0.000 EL_PID=0.000 EL_FF=0.000
2026-04-20 14:48:33 [INFO] MONITOR az=350.325 el=30.150 AZ_ERR=0.000 EL_ERR=0.000 AZ_PID=0.000 EL_PID=0.000 EL_FF=0.000
2026-04-20 14:48:34 [INFO] MONITOR az=350.325 el=30.150 AZ_ERR=0.000 EL_ERR=0.000 AZ_PID=0.000 EL_PID=0.000 EL_FF=0.000
2026-04-20 14:48:35 [INFO] MONITOR az=350.325 el=30.150 AZ_ERR=0.000 EL_ERR=0.000 AZ_PID=0.000 EL_PID=0.000 EL_FF=0.000
2026-04-20 14:48:36 [INFO] MONITOR az=350.325 el=30.150 AZ_ERR=0.000 EL_ERR=0.000 AZ_PID=0.000 EL_PID=0.000 EL_FF=0.000
2026-04-20 14:48:37 [INFO] MONITOR az=350.325 el=30.150 AZ_ERR=0.000 EL_ERR=0.000 AZ_PID=0.000 EL_PID=0.000 EL_FF=0.000
2026-04-20 14:48:38 [INFO] MONITOR az=350.325 el=30.150 AZ_ERR=0.000 EL_ERR=0.000 AZ_PID=0.000 EL_PID=0.000 EL_FF=0.000
2026-04-20 14:48:39 [INFO] MONITOR az=350.325 el=30.150 AZ_ERR=0.000 EL_ERR=0.000 AZ_PID=0.000 EL_PID=0.000 EL_FF=0.000
2026-04-20 14:48:40 [INFO] MONITOR az=350.325 el=30.150 AZ_ERR=0.000 EL_ERR=0.000 AZ_PID=0.000 EL_PID=0.000 EL_FF=0.000
2026-04-20 14:48:41 [INFO] MONITOR az=350.325 el=30.150 AZ_ERR=0.000 EL_ERR=0.000 AZ_PID=0.000 EL_PID=0.000 EL_FF=0.000
2026-04-20 14:48:42 [INFO] MONITOR az=350.325 el=30.150 AZ_ERR=0.000 EL_ERR=0.000 AZ_PID=0.000 EL_PID=0.000 EL_FF=0.000
2026-04-20 14:48:43 [INFO] MONITOR az=350.325 el=30.150 AZ_ERR=0.000 EL_ERR=0.000 AZ_PID=0.000 EL_PID=0.000 EL_FF=0.000
2026-04-20 14:48:44 [INFO] MONITOR az=350.325 el=30.150 AZ_ERR=0.000 EL_ERR=0.000 AZ_PID=0.000 EL_PID=0.000 EL_FF=0.000
2026-04-20 14:48:45 [INFO] MONITOR az=350.325 el=30.150 AZ_ERR=0.000 EL_ERR=0.000 AZ_PID=0.000 EL_PID=0.000 EL_FF=0.000
2026-04-20 14:48:46 [INFO] MONITOR az=350.325 el=30.150 AZ_ERR=0.000 EL_ERR=0.000 AZ_PID=0.000 EL_PID=0.000 EL_FF=0.000
2026-04-20 14:48:47 [INFO] MONITOR az=350.325 el=30.150 AZ_ERR=0.000 EL_ERR=0.000 AZ_PID=0.000 EL_PID=0.000 EL_FF=0.000
2026-04-20 14:48:48 [INFO] MONITOR az=350.325 el=30.150 AZ_ERR=0.000 EL_ERR=0.000 AZ_PID=0.000 EL_PID=0.000 EL_FF=0.000
2026-04-20 14:48:49 [INFO] MONITOR az=350.325 el=30.150 AZ_ERR=0.000 EL_ERR=0.000 AZ_PID=0.000 EL_PID=0.000 EL_FF=0.000
2026-04-20 14:48:50 [INFO] MONITOR az=350.325 el=30.150 AZ_ERR=0.000 EL_ERR=0.000 AZ_PID=0.000 EL_PID=0.000 EL_FF=0.000
2026-04-20 14:48:51 [INFO] MONITOR az=350.325 el=30.150 AZ_ERR=0.000 EL_ERR=0.000 AZ_PID=0.000 EL_PID=0.000 EL_FF=0.000
2026-04-20 14:48:52 [INFO] MONITOR az=350.325 el=30.150 AZ_ERR=0.000 EL_ERR=0.000 AZ_PID=0.000 EL_PID=0.000 EL_FF=0.000
2026-04-20 14:48:53 [INFO] MONITOR az=350.325 el=30.150 AZ_ERR=0.000 EL_ERR=0.000 AZ_PID=0.000 EL_PID=0.000 EL_FF=0.000
2026-04-20 14:48:54 [INFO] MONITOR az=350.325 el=30.150 AZ_ERR=0.000 EL_ERR=0.000 AZ_PID=0.000 EL_PID=0.000 EL_FF=0.000
2026-04-20 14:48:55 [INFO] MONITOR az=350.325 el=30.150 AZ_ERR=0.000 EL_ERR=0.000 AZ_PID=0.000 EL_PID=0.000 EL_FF=0.000
2026-04-20 14:48:56 [INFO] MONITOR az=350.325 el=30.150 AZ_ERR=0.000 EL_ERR=0.000 AZ_PID=0.000 EL_PID=0.000 EL_FF=0.000
2026-04-20 14:48:57 [INFO] MONITOR az=350.325 el=30.150 AZ_ERR=0.000 EL_ERR=0.000 AZ_PID=0.000 EL_PID=0.000 EL_FF=0.000
2026-04-20 14:48:58 [INFO] MONITOR az=350.325 el=30.150 AZ_ERR=0.000 EL_ERR=0.000 AZ_PID=0.000 EL_PID=0.000 EL_FF=0.000
2026-04-20 14:48:59 [INFO] MONITOR az=350.325 el=30.150 AZ_ERR=0.000 EL_ERR=0.000 AZ_PID=0.000 EL_PID=0.000 EL_FF=0.000
2026-04-20 14:49:00 [INFO] MONITOR az=350.325 el=30.150 AZ_ERR=0.000 EL_ERR=0.000 AZ_PID=0.000 EL_PID=0.000 EL_FF=0.000
2026-04-20 14:49:01 [INFO] MONITOR az=350.325 el=30.150 AZ_ERR=0.000 EL_ERR=0.000 AZ_PID=0.000 EL_PID=0.000 EL_FF=0.000
2026-04-20 14:49:02 [INFO] MONITOR az=350.325 el=30.150 AZ_ERR=0.000 EL_ERR=0.000 AZ_PID=0.000 EL_PID=0.000 EL_FF=0.000
2026-04-20 14:49:03 [INFO] MONITOR az=350.325 el=30.150 AZ_ERR=0.000 EL_ERR=0.000 AZ_PID=0.000 EL_PID=0.000 EL_FF=0.000
2026-04-20 14:49:04 [INFO] MONITOR az=350.325 el=30.150 AZ_ERR=0.000 EL_ERR=0.000 AZ_PID=0.000 EL_PID=0.000 EL_FF=0.000
2026-04-20 14:49:05 [INFO] MONITOR az=350.325 el=30.150 AZ_ERR=0.000 EL_ERR=0.000 AZ_PID=0.000 EL_PID=0.000 EL_FF=0.000
2026-04-20 14:49:06 [INFO] MONITOR az=350.325 el=30.150 AZ_ERR=0.000 EL_ERR=0.000 AZ_PID=0.000 EL_PID=0.000 EL_FF=0.000
2026-04-20 14:49:07 [INFO] MONITOR az=350.325 el=30.150 AZ_ERR=0.000 EL_ERR=0.000 AZ_PID=0.000 EL_PID=0.000 EL_FF=0.000
2026-04-20 14:49:08 [INFO] MONITOR az=350.325 el=30.150 AZ_ERR=0.000 EL_ERR=0.000 AZ_PID=0.000 EL_PID=0.000 EL_FF=0.000
2026-04-20 14:49:09 [INFO] MONITOR az=350.325 el=30.150 AZ_ERR=0.000 EL_ERR=0.000 AZ_PID=0.000 EL_PID=0.000 EL_FF=0.000
2026-04-20 14:49:10 [INFO] MONITOR az=350.325 el=30.150 AZ_ERR=0.000 EL_ERR=0.000 AZ_PID=0.000 EL_PID=0.000 EL_FF=0.000
2026-04-20 14:49:11 [INFO] MONITOR az=350.325 el=30.150 AZ_ERR=0.000 EL_ERR=0.000 AZ_PID=0.000 EL_PID=0.000 EL_FF=0.000
2026-04-20 14:49:12 [INFO] MONITOR az=350.325 el=30.150 AZ_ERR=0.000 EL_ERR=0.000 AZ_PID=0.000 EL_PID=0.000 EL_FF=0.000
2026-04-20 14:49:13 [INFO] MONITOR az=350.325 el=30.150 AZ_ERR=0.000 EL_ERR=0.000 AZ_PID=0.000 EL_PID=0.000 EL_FF=0.000
2026-04-20 14:49:14 [INFO] MONITOR az=350.325 el=30.150 AZ_ERR=0.000 EL_ERR=0.000 AZ_PID=0.000 EL_PID=0.000 EL_FF=0.000
2026-04-20 14:49:15 [INFO] MONITOR az=350.325 el=30.150 AZ_ERR=0.000 EL_ERR=0.000 AZ_PID=0.000 EL_PID=0.000 EL_FF=0.000
2026-04-20 14:49:16 [INFO] MONITOR az=350.325 el=30.150 AZ_ERR=0.000 EL_ERR=0.000 AZ_PID=0.000 EL_PID=0.000 EL_FF=0.000
2026-04-20 14:49:17 [INFO] MONITOR az=350.325 el=30.150 AZ_ERR=0.000 EL_ERR=0.000 AZ_PID=0.000 EL_PID=0.000 EL_FF=0.000
2026-04-20 14:49:18 [INFO] MONITOR az=350.325 el=30.150 AZ_ERR=0.000 EL_ERR=0.000 AZ_PID=0.000 EL_PID=0.000 EL_FF=0.000
2026-04-20 14:49:19 [INFO] MONITOR az=350.325 el=30.150 AZ_ERR=0.000 EL_ERR=0.000 AZ_PID=0.000 EL_PID=0.000 EL_FF=0.000
2026-04-20 14:49:20 [INFO] MONITOR az=350.325 el=30.150 AZ_ERR=0.000 EL_ERR=0.000 AZ_PID=0.000 EL_PID=0.000 EL_FF=0.000
2026-04-20 14:49:21 [INFO] MONITOR az=350.325 el=30.150 AZ_ERR=0.000 EL_ERR=0.000 AZ_PID=0.000 EL_PID=0.000 EL_FF=0.000
2026-04-20 14:49:22 [INFO] MONITOR az=350.325 el=30.150 AZ_ERR=0.000 EL_ERR=0.000 AZ_PID=0.000 EL_PID=0.000 EL_FF=0.000
2026-04-20 14:49:23 [INFO] MONITOR az=350.325 el=30.150 AZ_ERR=0.000 EL_ERR=0.000 AZ_PID=0.000 EL_PID=0.000 EL_FF=0.000
2026-04-20 14:49:24 [INFO] MONITOR az=350.325 el=30.150 AZ_ERR=0.000 EL_ERR=0.000 AZ_PID=0.000 EL_PID=0.000 EL_FF=0.000
2026-04-20 14:49:25 [INFO] MONITOR az=350.325 el=30.150 AZ_ERR=0.000 EL_ERR=0.000 AZ_PID=0.000 EL_PID=0.000 EL_FF=0.000
2026-04-20 14:49:26 [INFO] MONITOR az=350.325 el=30.150 AZ_ERR=0.000 EL_ERR=0.000 AZ_PID=0.000 EL_PID=0.000 EL_FF=0.000
2026-04-20 14:49:27 [INFO] MONITOR az=350.325 el=30.150 AZ_ERR=0.000 EL_ERR=0.000 AZ_PID=0.000 EL_PID=0.000 EL_FF=0.000
2026-04-20 14:49:28 [INFO] MONITOR az=350.325 el=30.150 AZ_ERR=0.000 EL_ERR=0.000 AZ_PID=0.000 EL_PID=0.000 EL_FF=0.000
2026-04-20 14:49:29 [INFO] MONITOR az=350.325 el=30.150 AZ_ERR=0.000 EL_ERR=0.000 AZ_PID=0.000 EL_PID=0.000 EL_FF=0.000
2026-04-20 14:49:30 [INFO] MONITOR az=350.325 el=30.150 AZ_ERR=0.000 EL_ERR=0.000 AZ_PID=0.000 EL_PID=0.000 EL_FF=0.000
2026-04-20 14:49:31 [INFO] MONITOR az=350.325 el=30.150 AZ_ERR=0.000 EL_ERR=0.000 AZ_PID=0.000 EL_PID=0.000 EL_FF=0.000
2026-04-20 14:49:32 [INFO] MONITOR az=350.325 el=30.150 AZ_ERR=0.000 EL_ERR=0.000 AZ_PID=0.000 EL_PID=0.000 EL_FF=0.000
2026-04-20 14:49:33 [INFO] MONITOR az=350.325 el=30.150 AZ_ERR=0.000 EL_ERR=0.000 AZ_PID=0.000 EL_PID=0.000 EL_FF=0.000
2026-04-20 14:49:34 [INFO] MONITOR az=350.325 el=30.150 AZ_ERR=0.000 EL_ERR=0.000 AZ_PID=0.000 EL_PID=0.000 EL_FF=0.000
2026-04-20 14:49:35 [INFO] MONITOR az=350.325 el=30.150 AZ_ERR=0.000 EL_ERR=0.000 AZ_PID=0.000 EL_PID=0.000 EL_FF=0.000
2026-04-20 14:49:36 [INFO] MONITOR az=350.325 el=30.150 AZ_ERR=0.000 EL_ERR=0.000 AZ_PID=0.000 EL_PID=0.000 EL_FF=0.000
2026-04-20 14:49:37 [INFO] MONITOR az=350.325 el=30.150 AZ_ERR=0.000 EL_ERR=0.000 AZ_PID=0.000 EL_PID=0.000 EL_FF=0.000
2026-04-20 14:49:38 [INFO] MONITOR az=350.325 el=30.150 AZ_ERR=0.000 EL_ERR=0.000 AZ_PID=0.000 EL_PID=0.000 EL_FF=0.000
2026-04-20 14:49:39 [INFO] MONITOR az=350.325 el=30.150 AZ_ERR=0.000 EL_ERR=0.000 AZ_PID=0.000 EL_PID=0.000 EL_FF=0.000
2026-04-20 14:49:40 [INFO] MONITOR az=350.325 el=30.150 AZ_ERR=0.000 EL_ERR=0.000 AZ_PID=0.000 EL_PID=0.000 EL_FF=0.000
2026-04-20 14:49:41 [INFO] MONITOR az=350.325 el=30.150 AZ_ERR=0.000 EL_ERR=0.000 AZ_PID=0.000 EL_PID=0.000 EL_FF=0.000
2026-04-20 14:49:42 [INFO] MONITOR az=350.325 el=30.150 AZ_ERR=0.000 EL_ERR=0.000 AZ_PID=0.000 EL_PID=0.000 EL_FF=0.000
2026-04-20 14:49:43 [INFO] MONITOR az=350.325 el=30.150 AZ_ERR=0.000 EL_ERR=0.000 AZ_PID=0.000 EL_PID=0.000 EL_FF=0.000
2026-04-20 14:49:44 [INFO] MONITOR az=350.325 el=30.150 AZ_ERR=0.000 EL_ERR=0.000 AZ_PID=0.000 EL_PID=0.000 EL_FF=0.000
2026-04-20 14:49:45 [INFO] MONITOR az=350.325 el=30.150 AZ_ERR=0.000 EL_ERR=0.000 AZ_PID=0.000 EL_PID=0.000 EL_FF=0.000
2026-04-20 14:49:46 [INFO] MONITOR az=350.325 el=30.150 AZ_ERR=0.000 EL_ERR=0.000 AZ_PID=0.000 EL_PID=0.000 EL_FF=0.000
2026-04-20 14:49:47 [INFO] MONITOR az=350.325 el=30.150 AZ_ERR=0.000 EL_ERR=0.000 AZ_PID=0.000 EL_PID=0.000 EL_FF=0.000
2026-04-20 14:49:48 [INFO] MONITOR az=350.325 el=30.150 AZ_ERR=0.000 EL_ERR=0.000 AZ_PID=0.000 EL_PID=0.000 EL_FF=0.000
2026-04-20 14:49:49 [INFO] MONITOR az=350.325 el=30.150 AZ_ERR=0.000 EL_ERR=0.000 AZ_PID=0.000 EL_PID=0.000 EL_FF=0.000
2026-04-20 14:49:50 [INFO] MONITOR az=350.325 el=30.150 AZ_ERR=0.000 EL_ERR=0.000 AZ_PID=0.000 EL_PID=0.000 EL_FF=0.000
2026-04-20 14:49:51 [INFO] MONITOR az=350.325 el=30.150 AZ_ERR=0.000 EL_ERR=0.000 AZ_PID=0.000 EL_PID=0.000 EL_FF=0.000
2026-04-20 14:49:52 [INFO] MONITOR az=350.325 el=30.150 AZ_ERR=0.000 EL_ERR=0.000 AZ_PID=0.000 EL_PID=0.000 EL_FF=0.000
2026-04-20 14:49:53 [INFO] MONITOR az=350.325 el=30.150 AZ_ERR=0.000 EL_ERR=0.000 AZ_PID=0.000 EL_PID=0.000 EL_FF=0.000
2026-04-20 14:49:54 [INFO] MONITOR az=350.325 el=30.150 AZ_ERR=0.000 EL_ERR=0.000 AZ_PID=0.000 EL_PID=0.000 EL_FF=0.000
2026-04-20 14:49:55 [INFO] MONITOR az=350.325 el=30.150 AZ_ERR=0.000 EL_ERR=0.000 AZ_PID=0.000 EL_PID=0.000 EL_FF=0.000
2026-04-20 14:49:56 [INFO] MONITOR az=350.325 el=30.150 AZ_ERR=0.000 EL_ERR=0.000 AZ_PID=0.000 EL_PID=0.000 EL_FF=0.000
2026-04-20 14:49:57 [INFO] MONITOR az=350.325 el=30.150 AZ_ERR=0.000 EL_ERR=0.000 AZ_PID=0.000 EL_PID=0.000 EL_FF=0.000
2026-04-20 14:49:58 [INFO] MONITOR az=350.325 el=30.150 AZ_ERR=0.000 EL_ERR=0.000 AZ_PID=0.000 EL_PID=0.000 EL_FF=0.000
2026-04-20 14:49:59 [INFO] MONITOR az=350.325 el=30.150 AZ_ERR=0.000 EL_ERR=0.000 AZ_PID=0.000 EL_PID=0.000 EL_FF=0.000
2026-04-20 14:50:00 [INFO] MONITOR az=350.325 el=30.150 AZ_ERR=0.000 EL_ERR=0.000 AZ_PID=0.000 EL_PID=0.000 EL_FF=0.000
2026-04-20 14:50:01 [INFO] MONITOR az=350.325 el=30.150 AZ_ERR=0.000 EL_ERR=0.000 AZ_PID=0.000 EL_PID=0.000 EL_FF=0.000
2026-04-20 14:50:02 [INFO] MONITOR az=350.325 el=30.150 AZ_ERR=0.000 EL_ERR=0.000 AZ_PID=0.000 EL_PID=0.000 EL_FF=0.000
2026-04-20 14:50:03 [INFO] MONITOR az=350.325 el=30.150 AZ_ERR=0.000 EL_ERR=0.000 AZ_PID=0.000 EL_PID=0.000 EL_FF=0.000
2026-04-20 14:50:04 [INFO] MONITOR az=350.325 el=30.150 AZ_ERR=0.000 EL_ERR=0.000 AZ_PID=0.000 EL_PID=0.000 EL_FF=0.000
2026-04-20 14:50:05 [INFO] MONITOR az=350.325 el=30.150 AZ_ERR=0.000 EL_ERR=0.000 AZ_PID=0.000 EL_PID=0.000 EL_FF=0.000
2026-04-20 14:50:06 [INFO] MONITOR az=350.325 el=30.150 AZ_ERR=0.000 EL_ERR=0.000 AZ_PID=0.000 EL_PID=0.000 EL_FF=0.000
2026-04-20 14:50:07 [INFO] MONITOR az=350.325 el=30.150 AZ_ERR=0.000 EL_ERR=0.000 AZ_PID=0.000 EL_PID=0.000 EL_FF=0.000
2026-04-20 14:50:08 [INFO] MONITOR az=350.325 el=30.150 AZ_ERR=0.000 EL_ERR=0.000 AZ_PID=0.000 EL_PID=0.000 EL_FF=0.000
2026-04-20 14:50:09 [INFO] MONITOR az=350.325 el=30.150 AZ_ERR=0.000 EL_ERR=0.000 AZ_PID=0.000 EL_PID=0.000 EL_FF=0.000
2026-04-20 14:50:10 [INFO] MONITOR az=350.325 el=30.150 AZ_ERR=0.000 EL_ERR=0.000 AZ_PID=0.000 EL_PID=0.000 EL_FF=0.000
2026-04-20 14:50:11 [INFO] MONITOR az=350.325 el=30.150 AZ_ERR=0.000 EL_ERR=0.000 AZ_PID=0.000 EL_PID=0.000 EL_FF=0.000
2026-04-20 14:50:12 [INFO] MONITOR az=350.325 el=30.150 AZ_ERR=0.000 EL_ERR=0.000 AZ_PID=0.000 EL_PID=0.000 EL_FF=0.000
2026-04-20 14:50:13 [INFO] MONITOR az=350.325 el=30.150 AZ_ERR=0.000 EL_ERR=0.000 AZ_PID=0.000 EL_PID=0.000 EL_FF=0.000
2026-04-20 14:50:14 [INFO] MONITOR az=350.325 el=30.150 AZ_ERR=0.000 EL_ERR=0.000 AZ_PID=0.000 EL_PID=0.000 EL_FF=0.000
2026-04-20 14:50:15 [INFO] MONITOR az=350.325 el=30.150 AZ_ERR=0.000 EL_ERR=0.000 AZ_PID=0.000 EL_PID=0.000 EL_FF=0.000
2026-04-20 14:50:16 [INFO] MONITOR az=350.325 el=30.150 AZ_ERR=0.000 EL_ERR=0.000 AZ_PID=0.000 EL_PID=0.000 EL_FF=0.000
2026-04-20 14:50:17 [INFO] MONITOR az=350.325 el=30.150 AZ_ERR=0.000 EL_ERR=0.000 AZ_PID=0.000 EL_PID=0.000 EL_FF=0.000
2026-04-20 14:50:18 [INFO] MONITOR az=350.325 el=30.150 AZ_ERR=0.000 EL_ERR=0.000 AZ_PID=0.000 EL_PID=0.000 EL_FF=0.000
2026-04-20 14:50:19 [INFO] MONITOR az=350.325 el=30.150 AZ_ERR=0.000 EL_ERR=0.000 AZ_PID=0.000 EL_PID=0.000 EL_FF=0.000
2026-04-20 14:50:20 [INFO] MONITOR az=350.325 el=30.150 AZ_ERR=0.000 EL_ERR=0.000 AZ_PID=0.000 EL_PID=0.000 EL_FF=0.000
2026-04-20 14:50:21 [INFO] MONITOR az=350.325 el=30.150 AZ_ERR=0.000 EL_ERR=0.000 AZ_PID=0.000 EL_PID=0.000 EL_FF=0.000
2026-04-20 14:50:23 [INFO] MONITOR az=350.325 el=30.150 AZ_ERR=0.000 EL_ERR=0.000 AZ_PID=0.000 EL_PID=0.000 EL_FF=0.000
2026-04-20 14:50:24 [INFO] MONITOR az=350.325 el=30.150 AZ_ERR=0.000 EL_ERR=0.000 AZ_PID=0.000 EL_PID=0.000 EL_FF=0.000
2026-04-20 14:50:25 [INFO] MONITOR az=350.325 el=30.150 AZ_ERR=0.000 EL_ERR=0.000 AZ_PID=0.000 EL_PID=0.000 EL_FF=0.000
2026-04-20 14:50:26 [INFO] MONITOR az=350.325 el=30.150 AZ_ERR=0.000 EL_ERR=0.000 AZ_PID=0.000 EL_PID=0.000 EL_FF=0.000
2026-04-20 14:50:27 [INFO] MONITOR az=350.325 el=30.150 AZ_ERR=0.000 EL_ERR=0.000 AZ_PID=0.000 EL_PID=0.000 EL_FF=0.000
2026-04-20 14:50:28 [INFO] MONITOR az=350.325 el=30.150 AZ_ERR=0.000 EL_ERR=0.000 AZ_PID=0.000 EL_PID=0.000 EL_FF=0.000
2026-04-20 14:50:29 [INFO] MONITOR az=350.325 el=30.150 AZ_ERR=0.000 EL_ERR=0.000 AZ_PID=0.000 EL_PID=0.000 EL_FF=0.000
2026-04-20 14:50:30 [INFO] MONITOR az=350.325 el=30.150 AZ_ERR=0.000 EL_ERR=0.000 AZ_PID=0.000 EL_PID=0.000 EL_FF=0.000
2026-04-20 14:50:31 [INFO] MONITOR az=350.325 el=30.150 AZ_ERR=0.000 EL_ERR=0.000 AZ_PID=0.000 EL_PID=0.000 EL_FF=0.000
2026-04-20 14:50:32 [INFO] MONITOR az=350.325 el=30.150 AZ_ERR=0.000 EL_ERR=0.000 AZ_PID=0.000 EL_PID=0.000 EL_FF=0.000
2026-04-20 14:50:33 [INFO] MONITOR az=350.325 el=30.150 AZ_ERR=0.000 EL_ERR=0.000 AZ_PID=0.000 EL_PID=0.000 EL_FF=0.000
2026-04-20 14:50:34 [INFO] MONITOR az=350.325 el=30.150 AZ_ERR=0.000 EL_ERR=0.000 AZ_PID=0.000 EL_PID=0.000 EL_FF=0.000
2026-04-20 14:50:35 [INFO] MONITOR az=350.325 el=30.150 AZ_ERR=0.000 EL_ERR=0.000 AZ_PID=0.000 EL_PID=0.000 EL_FF=0.000
2026-04-20 14:50:36 [INFO] MONITOR az=350.325 el=30.150 AZ_ERR=0.000 EL_ERR=0.000 AZ_PID=0.000 EL_PID=0.000 EL_FF=0.000
2026-04-20 14:50:37 [INFO] MONITOR az=350.325 el=30.150 AZ_ERR=0.000 EL_ERR=0.000 AZ_PID=0.000 EL_PID=0.000 EL_FF=0.000
2026-04-20 14:50:38 [INFO] MONITOR az=350.325 el=30.150 AZ_ERR=0.000 EL_ERR=0.000 AZ_PID=0.000 EL_PID=0.000 EL_FF=0.000
2026-04-20 14:50:39 [INFO] MONITOR az=350.325 el=30.150 AZ_ERR=0.000 EL_ERR=0.000 AZ_PID=0.000 EL_PID=0.000 EL_FF=0.000
2026-04-20 14:50:40 [INFO] MONITOR az=350.325 el=30.150 AZ_ERR=0.000 EL_ERR=0.000 AZ_PID=0.000 EL_PID=0.000 EL_FF=0.000
2026-04-20 14:50:41 [INFO] MONITOR az=350.325 el=30.150 AZ_ERR=0.000 EL_ERR=0.000 AZ_PID=0.000 EL_PID=0.000 EL_FF=0.000
2026-04-20 14:50:42 [INFO] MONITOR az=350.325 el=30.150 AZ_ERR=0.000 EL_ERR=0.000 AZ_PID=0.000 EL_PID=0.000 EL_FF=0.000
2026-04-20 14:50:43 [INFO] MONITOR az=350.325 el=30.150 AZ_ERR=0.000 EL_ERR=0.000 AZ_PID=0.000 EL_PID=0.000 EL_FF=0.000
2026-04-20 14:50:44 [INFO] MONITOR az=350.325 el=30.150 AZ_ERR=0.000 EL_ERR=0.000 AZ_PID=0.000 EL_PID=0.000 EL_FF=0.000
2026-04-20 14:50:45 [INFO] MONITOR az=350.325 el=30.150 AZ_ERR=0.000 EL_ERR=0.000 AZ_PID=0.000 EL_PID=0.000 EL_FF=0.000
2026-04-20 14:50:46 [INFO] MONITOR az=350.325 el=30.150 AZ_ERR=0.000 EL_ERR=0.000 AZ_PID=0.000 EL_PID=0.000 EL_FF=0.000
2026-04-20 14:50:47 [INFO] MONITOR az=350.325 el=30.150 AZ_ERR=0.000 EL_ERR=0.000 AZ_PID=0.000 EL_PID=0.000 EL_FF=0.000
2026-04-20 14:50:48 [INFO] MONITOR az=350.325 el=30.150 AZ_ERR=0.000 EL_ERR=0.000 AZ_PID=0.000 EL_PID=0.000 EL_FF=0.000
2026-04-20 14:50:49 [INFO] MONITOR az=350.325 el=30.150 AZ_ERR=0.000 EL_ERR=0.000 AZ_PID=0.000 EL_PID=0.000 EL_FF=0.000
2026-04-20 14:50:50 [INFO] MONITOR az=350.325 el=30.150 AZ_ERR=0.000 EL_ERR=0.000 AZ_PID=0.000 EL_PID=0.000 EL_FF=0.000
2026-04-20 14:50:51 [INFO] MONITOR az=350.325 el=30.150 AZ_ERR=0.000 EL_ERR=0.000 AZ_PID=0.000 EL_PID=0.000 EL_FF=0.000
2026-04-20 14:50:52 [INFO] MONITOR az=350.325 el=30.150 AZ_ERR=0.000 EL_ERR=0.000 AZ_PID=0.000 EL_PID=0.000 EL_FF=0.000
2026-04-20 14:50:53 [INFO] MONITOR az=350.325 el=30.150 AZ_ERR=0.000 EL_ERR=0.000 AZ_PID=0.000 EL_PID=0.000 EL_FF=0.000
2026-04-20 14:50:54 [INFO] MONITOR az=350.325 el=30.150 AZ_ERR=0.000 EL_ERR=0.000 AZ_PID=0.000 EL_PID=0.000 EL_FF=0.000
2026-04-20 14:50:55 [INFO] MONITOR az=350.325 el=30.150 AZ_ERR=0.000 EL_ERR=0.000 AZ_PID=0.000 EL_PID=0.000 EL_FF=0.000
2026-04-20 14:50:56 [INFO] MONITOR az=350.325 el=30.150 AZ_ERR=0.000 EL_ERR=0.000 AZ_PID=0.000 EL_PID=0.000 EL_FF=0.000
2026-04-20 14:50:57 [INFO] MONITOR az=350.325 el=30.150 AZ_ERR=0.000 EL_ERR=0.000 AZ_PID=0.000 EL_PID=0.000 EL_FF=0.000
2026-04-20 14:50:58 [INFO] MONITOR az=350.325 el=30.150 AZ_ERR=0.000 EL_ERR=0.000 AZ_PID=0.000 EL_PID=0.000 EL_FF=0.000
2026-04-20 14:50:59 [INFO] MONITOR az=350.325 el=30.150 AZ_ERR=0.000 EL_ERR=0.000 AZ_PID=0.000 EL_PID=0.000 EL_FF=0.000
2026-04-20 14:51:00 [INFO] MONITOR az=350.325 el=30.150 AZ_ERR=0.000 EL_ERR=0.000 AZ_PID=0.000 EL_PID=0.000 EL_FF=0.000
2026-04-20 14:51:01 [INFO] MONITOR az=350.325 el=30.150 AZ_ERR=0.000 EL_ERR=0.000 AZ_PID=0.000 EL_PID=0.000 EL_FF=0.000
2026-04-20 14:51:02 [INFO] MONITOR az=350.325 el=30.150 AZ_ERR=0.000 EL_ERR=0.000 AZ_PID=0.000 EL_PID=0.000 EL_FF=0.000
2026-04-20 14:51:03 [INFO] MONITOR az=350.325 el=30.150 AZ_ERR=0.000 EL_ERR=0.000 AZ_PID=0.000 EL_PID=0.000 EL_FF=0.000
2026-04-20 14:51:04 [INFO] MONITOR az=350.325 el=30.150 AZ_ERR=0.000 EL_ERR=0.000 AZ_PID=0.000 EL_PID=0.000 EL_FF=0.000
2026-04-20 14:51:05 [INFO] MONITOR az=350.325 el=30.150 AZ_ERR=0.000 EL_ERR=0.000 AZ_PID=0.000 EL_PID=0.000 EL_FF=0.000
2026-04-20 14:51:06 [INFO] MONITOR az=350.325 el=30.150 AZ_ERR=0.000 EL_ERR=0.000 AZ_PID=0.000 EL_PID=0.000 EL_FF=0.000
2026-04-20 14:51:07 [INFO] MONITOR az=350.325 el=30.150 AZ_ERR=0.000 EL_ERR=0.000 AZ_PID=0.000 EL_PID=0.000 EL_FF=0.000
2026-04-20 14:51:08 [INFO] MONITOR az=350.325 el=30.150 AZ_ERR=0.000 EL_ERR=0.000 AZ_PID=0.000 EL_PID=0.000 EL_FF=0.000
2026-04-20 14:51:09 [INFO] MONITOR az=350.325 el=30.150 AZ_ERR=0.000 EL_ERR=0.000 AZ_PID=0.000 EL_PID=0.000 EL_FF=0.000
2026-04-20 14:51:10 [INFO] MONITOR az=350.325 el=30.150 AZ_ERR=0.000 EL_ERR=0.000 AZ_PID=0.000 EL_PID=0.000 EL_FF=0.000
2026-04-20 14:51:11 [INFO] MONITOR az=350.325 el=30.150 AZ_ERR=0.000 EL_ERR=0.000 AZ_PID=0.000 EL_PID=0.000 EL_FF=0.000
2026-04-20 14:51:12 [INFO] MONITOR az=350.325 el=30.150 AZ_ERR=0.000 EL_ERR=0.000 AZ_PID=0.000 EL_PID=0.000 EL_FF=0.000
2026-04-20 14:51:13 [INFO] MONITOR az=350.325 el=30.150 AZ_ERR=0.000 EL_ERR=0.000 AZ_PID=0.000 EL_PID=0.000 EL_FF=0.000
2026-04-20 14:51:14 [INFO] MONITOR az=350.325 el=30.150 AZ_ERR=0.000 EL_ERR=0.000 AZ_PID=0.000 EL_PID=0.000 EL_FF=0.000
2026-04-20 14:51:15 [INFO] MONITOR az=350.325 el=30.150 AZ_ERR=0.000 EL_ERR=0.000 AZ_PID=0.000 EL_PID=0.000 EL_FF=0.000
2026-04-20 14:51:16 [INFO] MONITOR az=350.325 el=30.150 AZ_ERR=0.000 EL_ERR=0.000 AZ_PID=0.000 EL_PID=0.000 EL_FF=0.000
2026-04-20 14:51:17 [INFO] MONITOR az=350.325 el=30.150 AZ_ERR=0.000 EL_ERR=0.000 AZ_PID=0.000 EL_PID=0.000 EL_FF=0.000
2026-04-20 14:51:18 [INFO] MONITOR az=350.325 el=30.150 AZ_ERR=0.000 EL_ERR=0.000 AZ_PID=0.000 EL_PID=0.000 EL_FF=0.000
2026-04-20 14:51:19 [INFO] MONITOR az=350.325 el=30.150 AZ_ERR=0.000 EL_ERR=0.000 AZ_PID=0.000 EL_PID=0.000 EL_FF=0.000
2026-04-20 14:51:20 [INFO] MONITOR az=350.325 el=30.150 AZ_ERR=0.000 EL_ERR=0.000 AZ_PID=0.000 EL_PID=0.000 EL_FF=0.000
2026-04-20 14:51:21 [INFO] MONITOR az=350.325 el=30.150 AZ_ERR=0.000 EL_ERR=0.000 AZ_PID=0.000 EL_PID=0.000 EL_FF=0.000
2026-04-20 14:51:22 [INFO] MONITOR az=350.325 el=30.150 AZ_ERR=0.000 EL_ERR=0.000 AZ_PID=0.000 EL_PID=0.000 EL_FF=0.000
2026-04-20 14:51:23 [INFO] MONITOR az=350.325 el=30.150 AZ_ERR=0.000 EL_ERR=0.000 AZ_PID=0.000 EL_PID=0.000 EL_FF=0.000
2026-04-20 14:51:24 [INFO] MONITOR az=350.325 el=30.150 AZ_ERR=0.000 EL_ERR=0.000 AZ_PID=0.000 EL_PID=0.000 EL_FF=0.000
2026-04-20 14:51:25 [INFO] MONITOR az=350.325 el=30.150 AZ_ERR=0.000 EL_ERR=0.000 AZ_PID=0.000 EL_PID=0.000 EL_FF=0.000
2026-04-20 14:51:26 [INFO] MONITOR az=350.325 el=30.150 AZ_ERR=0.000 EL_ERR=0.000 AZ_PID=0.000 EL_PID=0.000 EL_FF=0.000
2026-04-20 14:51:27 [INFO] MONITOR az=350.325 el=30.150 AZ_ERR=0.000 EL_ERR=0.000 AZ_PID=0.000 EL_PID=0.000 EL_FF=0.000
2026-04-20 14:51:28 [INFO] MONITOR az=350.325 el=30.150 AZ_ERR=0.000 EL_ERR=0.000 AZ_PID=0.000 EL_PID=0.000 EL_FF=0.000
2026-04-20 14:51:29 [INFO] MONITOR az=350.325 el=30.150 AZ_ERR=0.000 EL_ERR=0.000 AZ_PID=0.000 EL_PID=0.000 EL_FF=0.000
2026-04-20 14:51:30 [INFO] MONITOR az=350.325 el=30.150 AZ_ERR=0.000 EL_ERR=0.000 AZ_PID=0.000 EL_PID=0.000 EL_FF=0.000
2026-04-20 14:51:31 [INFO] MONITOR az=350.325 el=30.150 AZ_ERR=0.000 EL_ERR=0.000 AZ_PID=0.000 EL_PID=0.000 EL_FF=0.000
2026-04-20 14:51:32 [INFO] MONITOR az=350.325 el=30.150 AZ_ERR=0.000 EL_ERR=0.000 AZ_PID=0.000 EL_PID=0.000 EL_FF=0.000
2026-04-20 14:51:33 [INFO] MONITOR az=350.325 el=30.150 AZ_ERR=0.000 EL_ERR=0.000 AZ_PID=0.000 EL_PID=0.000 EL_FF=0.000
2026-04-20 14:51:34 [INFO] MONITOR az=350.325 el=30.150 AZ_ERR=0.000 EL_ERR=0.000 AZ_PID=0.000 EL_PID=0.000 EL_FF=0.000
2026-04-20 14:51:35 [INFO] MONITOR az=350.325 el=30.150 AZ_ERR=0.000 EL_ERR=0.000 AZ_PID=0.000 EL_PID=0.000 EL_FF=0.000
2026-04-20 14:51:36 [INFO] MONITOR az=350.325 el=30.150 AZ_ERR=0.000 EL_ERR=0.000 AZ_PID=0.000 EL_PID=0.000 EL_FF=0.000
2026-04-20 14:51:37 [INFO] MONITOR az=350.325 el=30.150 AZ_ERR=0.000 EL_ERR=0.000 AZ_PID=0.000 EL_PID=0.000 EL_FF=0.000
2026-04-20 14:51:38 [INFO] MONITOR az=350.325 el=30.150 AZ_ERR=0.000 EL_ERR=0.000 AZ_PID=0.000 EL_PID=0.000 EL_FF=0.000
2026-04-20 14:51:39 [INFO] MONITOR az=350.325 el=30.150 AZ_ERR=0.000 EL_ERR=0.000 AZ_PID=0.000 EL_PID=0.000 EL_FF=0.000
2026-04-20 14:51:40 [INFO] MONITOR az=350.325 el=30.150 AZ_ERR=0.000 EL_ERR=0.000 AZ_PID=0.000 EL_PID=0.000 EL_FF=0.000
2026-04-20 14:51:41 [INFO] MONITOR az=350.325 el=30.150 AZ_ERR=0.000 EL_ERR=0.000 AZ_PID=0.000 EL_PID=0.000 EL_FF=0.000
2026-04-20 14:51:42 [INFO] MONITOR az=350.325 el=30.150 AZ_ERR=0.000 EL_ERR=0.000 AZ_PID=0.000 EL_PID=0.000 EL_FF=0.000
2026-04-20 14:51:43 [INFO] MONITOR az=350.325 el=30.150 AZ_ERR=0.000 EL_ERR=0.000 AZ_PID=0.000 EL_PID=0.000 EL_FF=0.000
2026-04-20 14:51:44 [INFO] MONITOR az=350.325 el=30.150 AZ_ERR=0.000 EL_ERR=0.000 AZ_PID=0.000 EL_PID=0.000 EL_FF=0.000
2026-04-20 14:51:45 [INFO] MONITOR az=350.325 el=30.150 AZ_ERR=0.000 EL_ERR=0.000 AZ_PID=0.000 EL_PID=0.000 EL_FF=0.000
2026-04-20 14:51:46 [INFO] MONITOR az=350.325 el=30.150 AZ_ERR=0.000 EL_ERR=0.000 AZ_PID=0.000 EL_PID=0.000 EL_FF=0.000
2026-04-20 14:51:47 [INFO] MONITOR az=350.325 el=30.150 AZ_ERR=0.000 EL_ERR=0.000 AZ_PID=0.000 EL_PID=0.000 EL_FF=0.000
2026-04-20 14:51:48 [INFO] MONITOR az=350.325 el=30.150 AZ_ERR=0.000 EL_ERR=0.000 AZ_PID=0.000 EL_PID=0.000 EL_FF=0.000
2026-04-20 14:51:49 [INFO] MONITOR az=350.325 el=30.150 AZ_ERR=0.000 EL_ERR=0.000 AZ_PID=0.000 EL_PID=0.000 EL_FF=0.000
2026-04-20 14:51:50 [INFO] MONITOR az=350.325 el=30.150 AZ_ERR=0.000 EL_ERR=0.000 AZ_PID=0.000 EL_PID=0.000 EL_FF=0.000
2026-04-20 14:51:51 [INFO] MONITOR az=350.325 el=30.150 AZ_ERR=0.000 EL_ERR=0.000 AZ_PID=0.000 EL_PID=0.000 EL_FF=0.000
